datetime,open,high,low,close,tick_volume,spread_points,real_volume
2023.01.03 00:00:00,130.711,131.403,129.813,130.154,23339,0,3531172000
2023.01.03 04:00:00,130.154,130.308,129.508,129.818,25776,0,3976356000
2023.01.03 08:00:00,129.817,130.962,129.617,130.418,43028,0,7605394000
2023.01.03 12:00:00,130.416,131.193,130.362,130.656,37689,0,7238894000
2023.01.03 16:00:00,130.656,131.106,130.055,130.797,41242,0,7872144000
2023.01.03 20:00:00,130.793,131.034,130.575,130.982,16024,0,3318472000
2023.01.04 00:00:00,130.984,131.469,130.583,130.648,27230,0,4246614000
2023.01.04 04:00:00,130.649,130.996,130.618,130.852,18546,0,2742378000
2023.01.04 08:00:00,130.851,130.879,129.926,130.423,39080,0,6342510000
2023.01.04 12:00:00,130.422,130.978,130.279,130.709,31654,0,5822782000
2023.01.04 16:00:00,130.710,132.714,130.698,132.556,47614,0,9236476000
2023.01.04 20:00:00,132.551,132.718,132.387,132.593,26771,0,4631444000
2023.01.05 00:00:00,132.593,132.593,131.681,131.973,22797,0,3454626000
2023.01.05 04:00:00,131.974,132.626,131.925,132.482,25404,0,3772830000
2023.01.05 08:00:00,132.482,132.904,132.244,132.534,33944,0,5619952000
2023.01.05 12:00:00,132.526,133.725,132.327,133.685,39653,0,8329574000
2023.01.05 16:00:00,133.686,134.055,133.071,133.248,43389,0,11114430000
2023.01.05 20:00:00,133.247,133.439,132.954,133.329,22966,0,6007234000
2023.01.06 00:00:00,133.349,133.811,133.268,133.801,21971,0,5547018000
2023.01.06 04:00:00,133.802,134.371,133.582,134.159,20165,0,5149338000
2023.01.06 08:00:00,134.165,134.596,133.704,134.410,32034,0,8158340000
2023.01.06 12:00:00,134.411,134.774,133.237,133.370,38086,0,9633448000
2023.01.06 16:00:00,133.374,134.099,132.080,132.109,53258,0,13468260000
2023.01.06 20:00:00,132.103,132.212,131.995,132.095,14452,0,3699480000
2023.01.09 00:00:00,131.917,132.291,131.591,131.744,20466,0,5168468000
2023.01.09 04:00:00,131.742,131.913,131.304,131.844,18922,0,4806914000
2023.01.09 08:00:00,131.845,132.573,131.616,132.443,34546,0,8727908000
2023.01.09 12:00:00,132.444,132.657,131.727,131.781,33469,0,8541606000
2023.01.09 16:00:00,131.782,132.069,131.553,131.761,35388,0,9035664000
2023.01.09 20:00:00,131.759,131.891,131.532,131.849,16559,0,4219840000
2023.01.10 00:00:00,131.752,132.221,131.385,131.520,24657,0,6194558000
2023.01.10 04:00:00,131.519,132.034,131.488,131.769,22418,0,5844680000
2023.01.10 08:00:00,131.771,132.292,131.690,131.822,35342,0,9189776000
2023.01.10 12:00:00,131.821,132.477,131.816,132.289,31761,0,8219564000
2023.01.10 16:00:00,132.290,132.342,131.727,132.207,46113,0,11875240000
2023.01.10 20:00:00,132.210,132.304,132.149,132.215,16068,0,3924494000
2023.01.11 00:00:00,132.216,132.527,132.065,132.396,19375,0,3290588000
2023.01.11 04:00:00,132.396,132.583,132.134,132.262,14340,0,1861338000
2023.01.11 08:00:00,132.262,132.747,132.162,132.482,23970,0,3523102000
2023.01.11 12:00:00,132.482,132.873,132.316,132.697,26076,0,4134020000
2023.01.11 16:00:00,132.696,132.750,132.379,132.485,30539,0,6750580000
2023.01.11 20:00:00,132.486,132.704,132.286,132.427,20705,0,4371016000
2023.01.12 00:00:00,132.426,132.481,131.538,131.668,26332,0,3951234000
2023.01.12 04:00:00,131.670,131.812,131.364,131.639,16136,0,2177398000
2023.01.12 08:00:00,131.637,131.902,130.855,130.960,29660,0,4283962000
2023.01.12 12:00:00,130.960,131.215,129.499,129.652,39465,0,5900264000
2023.01.12 16:00:00,129.650,130.785,129.175,129.196,56549,0,8609104000
2023.01.12 20:00:00,129.195,129.445,128.862,129.241,23308,0,3494880000
2023.01.13 00:00:00,129.203,129.424,128.646,128.935,28702,0,4032104000
2023.01.13 04:00:00,128.935,129.302,128.925,129.166,20456,0,2513344000
2023.01.13 08:00:00,129.167,129.171,128.109,128.526,36341,0,4594508000
2023.01.13 12:00:00,128.524,128.832,128.169,128.243,29985,0,3943130000
2023.01.13 16:00:00,128.241,128.329,127.459,127.707,39281,0,6411809000
2023.01.13 20:00:00,127.704,127.944,127.668,127.847,12388,0,1876754000
2023.01.16 00:00:00,127.791,128.201,127.537,127.680,22752,0,2747955000
2023.01.16 04:00:00,127.680,127.784,127.222,127.607,21393,0,2452284000
2023.01.16 08:00:00,127.608,128.865,127.581,128.373,33983,0,4779794000
2023.01.16 12:00:00,128.373,128.565,128.115,128.428,20728,0,2614600000
2023.01.16 16:00:00,128.430,128.760,128.370,128.710,12860,0,1517876000
2023.01.16 20:00:00,128.711,128.720,128.425,128.539,5410,0,883220000
2023.01.17 00:00:00,128.538,128.957,128.213,128.810,20191,0,2809742000
2023.01.17 04:00:00,128.812,129.157,128.577,128.649,17122,0,2060192000
2023.01.17 08:00:00,128.649,129.026,128.383,128.786,26884,0,3483084000
2023.01.17 12:00:00,128.786,129.122,128.324,128.713,30137,0,4354740000
2023.01.17 16:00:00,128.713,128.719,127.992,128.245,36689,0,6064497000
2023.01.17 20:00:00,128.245,128.445,128.086,128.093,11482,0,1910390000
2023.01.18 00:00:00,128.125,129.049,128.083,128.563,15860,0,2132752000
2023.01.18 04:00:00,128.564,131.577,128.369,130.813,42720,0,5309664000
2023.01.18 08:00:00,130.814,131.232,129.202,129.394,47888,0,5484058000
2023.01.18 12:00:00,129.390,129.589,128.004,128.126,40161,0,4920482000
2023.01.18 16:00:00,128.128,128.954,127.566,128.816,42384,0,6647726000
2023.01.18 20:00:00,128.800,128.920,128.607,128.851,14220,0,2042658000
2023.01.19 00:00:00,128.853,128.888,128.281,128.576,21708,0,2947600000
2023.01.19 04:00:00,128.573,128.635,127.761,127.980,16818,0,1996240000
2023.01.19 08:00:00,127.982,128.403,127.765,128.327,24863,0,2896804000
2023.01.19 12:00:00,128.322,128.815,128.309,128.388,27588,0,3299938000
2023.01.19 16:00:00,128.386,128.624,128.233,128.567,25576,0,3228750000
2023.01.19 20:00:00,128.564,128.630,128.299,128.387,13953,0,2104884000
2023.01.20 00:00:00,128.368,128.889,128.350,128.839,19416,0,3325100000
2023.01.20 04:00:00,128.839,129.295,128.704,129.174,14110,0,1724940000
2023.01.20 08:00:00,129.174,129.494,128.727,129.469,23352,0,3210840000
2023.01.20 12:00:00,129.469,130.610,129.173,130.605,28304,0,3553094000
2023.01.20 16:00:00,130.605,130.613,129.625,129.733,26148,0,3713498000
2023.01.20 20:00:00,129.735,129.773,129.447,129.556,10725,0,1599764000
2023.01.23 00:00:00,129.504,129.649,129.068,129.204,13428,0,1925832000
2023.01.23 04:00:00,129.205,129.890,129.044,129.860,12433,0,1517658000
2023.01.23 08:00:00,129.859,130.317,129.617,129.833,24629,0,3732396000
2023.01.23 12:00:00,129.833,130.637,129.714,130.497,21993,0,3336378000
2023.01.23 16:00:00,130.499,130.890,130.433,130.645,26317,0,4315760000
2023.01.23 20:00:00,130.645,130.716,130.558,130.655,11440,0,1820920000
2023.01.24 00:00:00,130.620,130.730,130.247,130.260,9806,0,1208954000
2023.01.24 04:00:00,130.259,130.450,130.067,130.144,8919,0,1036678000
2023.01.24 08:00:00,130.148,130.390,129.727,130.111,20669,0,2714032000
2023.01.24 12:00:00,130.122,130.490,130.049,130.430,17900,0,2402912000
2023.01.24 16:00:00,130.431,131.118,129.870,130.019,32379,0,5137944000
2023.01.24 20:00:00,130.018,130.199,129.976,130.130,10983,0,1931368000
2023.01.25 00:00:00,130.113,130.465,130.034,130.269,15338,0,2439702000
2023.01.25 04:00:00,130.267,130.584,130.108,130.441,11193,0,1348088000
2023.01.25 08:00:00,130.443,130.494,129.805,129.852,20831,0,3017518000
2023.01.25 12:00:00,129.852,130.104,129.560,129.959,21254,0,2992568000
2023.01.25 16:00:00,129.960,130.003,129.267,129.613,30452,0,4801436000
2023.01.25 20:00:00,129.613,129.677,129.418,129.555,12359,0,2147044000
2023.01.26 00:00:00,129.517,129.600,129.098,129.215,17026,0,2768434000
2023.01.26 04:00:00,129.214,129.590,129.023,129.330,9861,0,1118660000
2023.01.26 08:00:00,129.327,129.993,129.199,129.957,20804,0,2513620000
2023.01.26 12:00:00,129.959,130.310,129.627,129.872,22369,0,2842774000
2023.01.26 16:00:00,129.871,130.619,129.704,130.337,31108,0,4503362000
2023.01.26 20:00:00,130.335,130.335,130.051,130.177,10713,0,1751486000
2023.01.27 00:00:00,130.148,130.221,129.498,129.689,26720,0,4882628000
2023.01.27 04:00:00,129.693,130.158,129.609,129.984,11467,0,1504165000
2023.01.27 08:00:00,129.979,130.269,129.717,129.850,15348,0,1935262000
2023.01.27 12:00:00,129.853,129.999,129.559,129.737,19655,0,2843666000
2023.01.27 16:00:00,129.728,130.069,129.641,129.914,26996,0,4445290000
2023.01.27 20:00:00,129.914,129.951,129.792,129.821,8256,0,1369070000
2023.01.30 00:00:00,129.634,130.293,129.632,130.226,14859,0,1852962000
2023.01.30 04:00:00,130.229,130.267,129.207,129.640,22333,0,2676768000
2023.01.30 08:00:00,129.640,130.183,129.414,129.970,22940,0,3090004000
2023.01.30 12:00:00,129.967,130.258,129.852,130.139,18771,0,2463164000
2023.01.30 16:00:00,130.140,130.470,130.095,130.415,22390,0,3467782000
2023.01.30 20:00:00,130.416,130.570,130.347,130.398,9564,0,1610760000
2023.01.31 00:00:00,130.398,130.531,130.112,130.134,15874,0,2419194000
2023.01.31 04:00:00,130.129,130.405,130.063,130.188,11179,0,1421206000
2023.01.31 08:00:00,130.187,130.435,130.043,130.393,19660,0,2637334000
2023.01.31 12:00:00,130.393,130.497,129.807,129.894,22590,0,3120874000
2023.01.31 16:00:00,129.891,130.356,129.745,130.196,29306,0,4458800000
2023.01.31 20:00:00,130.195,130.232,130.065,130.065,11301,0,1875986000
2023.02.01 00:00:00,130.025,130.204,129.862,130.021,7821,0,907086000
2023.02.01 04:00:00,130.021,130.323,129.981,130.298,8970,0,1131898000
2023.02.01 08:00:00,130.296,130.411,129.802,129.882,21262,0,3425630000
2023.02.01 12:00:00,129.867,129.966,129.312,129.378,23648,0,3820832000
2023.02.01 16:00:00,129.378,129.682,129.185,129.235,29171,0,4855214000
2023.02.01 20:00:00,129.232,129.872,128.542,128.878,40876,0,6274948000
2023.02.02 00:00:00,128.897,128.939,128.177,128.604,16920,0,2129752000
2023.02.02 04:00:00,128.605,128.642,128.399,128.603,11395,0,1350282000
2023.02.02 08:00:00,128.604,129.131,128.540,128.922,23937,0,3664784000
2023.02.02 12:00:00,128.923,129.010,128.080,128.422,36215,0,6086080000
2023.02.02 16:00:00,128.422,128.915,128.085,128.488,40646,0,6822822000
2023.02.02 20:00:00,128.489,128.765,128.420,128.618,17424,0,3120236000
2023.02.03 00:00:00,128.589,128.828,128.537,128.707,12504,0,1768230000
2023.02.03 04:00:00,128.706,128.710,128.447,128.610,13790,0,1948192000
2023.02.03 08:00:00,128.610,128.724,128.476,128.560,20189,0,3215528000
2023.02.03 12:00:00,128.560,130.203,128.329,129.952,26079,0,4390752000
2023.02.03 16:00:00,129.948,131.198,129.853,131.051,46462,0,8412376000
2023.02.03 20:00:00,131.049,131.203,130.966,131.180,13640,0,2930226000
2023.02.06 00:00:00,132.374,132.450,131.509,132.278,18158,0,2197576000
2023.02.06 04:00:00,132.280,132.374,131.583,131.732,18054,0,2159090000
2023.02.06 08:00:00,131.730,132.096,131.587,131.944,27760,0,4672940000
2023.02.06 12:00:00,131.944,132.608,131.915,132.551,26726,0,3953214000
2023.02.06 16:00:00,132.552,132.904,132.384,132.774,35745,0,7501424000
2023.02.06 20:00:00,132.773,132.792,132.445,132.567,13329,0,2400768000
2023.02.07 00:00:00,132.606,132.709,132.236,132.297,12971,0,2034340000
2023.02.07 04:00:00,132.299,132.407,132.143,132.256,11191,0,1318100000
2023.02.07 08:00:00,132.254,132.323,131.692,131.808,30107,0,5187574000
2023.02.07 12:00:00,131.808,132.247,131.769,131.892,27045,0,3993046000
2023.02.07 16:00:00,131.894,132.071,130.474,130.568,40555,0,6389562000
2023.02.07 20:00:00,130.566,131.482,130.492,130.981,38209,0,7239432000
2023.02.08 00:00:00,131.023,131.238,130.725,131.202,20389,0,3461806000
2023.02.08 04:00:00,131.202,131.382,131.034,131.096,12857,0,1647926000
2023.02.08 08:00:00,131.096,131.375,130.596,130.673,30402,0,5095130000
2023.02.08 12:00:00,130.672,131.329,130.647,131.253,20337,0,2962854000
2023.02.08 16:00:00,131.254,131.539,131.086,131.262,29357,0,4511420000
2023.02.08 20:00:00,131.261,131.463,131.087,131.342,16843,0,2982926000
2023.02.09 00:00:00,131.325,131.827,131.237,131.532,15851,0,2549890000
2023.02.09 04:00:00,131.529,131.734,130.770,131.380,11478,0,1540466000
2023.02.09 08:00:00,131.377,131.435,130.809,130.841,26422,0,3872076000
2023.02.09 12:00:00,130.838,131.114,130.340,130.405,23365,0,3238341000
2023.02.09 16:00:00,130.404,131.317,130.404,131.151,34801,0,5974288000
2023.02.09 20:00:00,131.152,131.650,131.139,131.538,20746,0,3858450000
2023.02.10 00:00:00,131.541,131.889,131.348,131.626,24390,0,4346139000
2023.02.10 04:00:00,131.627,131.811,131.480,131.553,17013,0,2293266000
2023.02.10 08:00:00,131.552,131.635,129.807,130.941,43695,0,5782468000
2023.02.10 12:00:00,130.941,131.181,130.580,130.718,23659,0,3168794000
2023.02.10 16:00:00,130.717,131.576,130.632,131.495,35737,0,6453432000
2023.02.10 20:00:00,131.498,131.601,131.357,131.423,13910,0,2387084000
2023.02.13 00:00:00,131.226,131.937,131.226,131.682,12509,0,1602764000
2023.02.13 04:00:00,131.683,132.216,131.655,132.187,14490,0,2239443000
2023.02.13 08:00:00,132.189,132.768,132.014,132.682,27414,0,5446912000
2023.02.13 12:00:00,132.682,132.818,132.357,132.713,23052,0,4332036000
2023.02.13 16:00:00,132.712,132.911,132.480,132.576,29127,0,5610823000
2023.02.13 20:00:00,132.578,132.597,132.256,132.374,12725,0,2637548000
2023.02.14 00:00:00,132.343,132.458,131.999,132.053,12835,0,2352854000
2023.02.14 04:00:00,132.053,132.202,131.786,131.870,13450,0,2083376000
2023.02.14 08:00:00,131.870,132.142,131.833,132.021,29548,0,5987106000
2023.02.14 12:00:00,132.019,132.897,131.505,132.266,40446,0,6990379000
2023.02.14 16:00:00,132.272,133.317,132.107,133.082,51878,0,8845945000
2023.02.14 20:00:00,133.082,133.227,132.842,133.040,20586,0,3783966000
2023.02.15 00:00:00,133.021,133.120,132.547,132.625,12803,0,1952039000
2023.02.15 04:00:00,132.626,133.177,132.623,133.089,12565,0,1678576000
2023.02.15 08:00:00,133.094,133.489,132.965,133.365,25966,0,4055788000
2023.02.15 12:00:00,133.365,134.137,133.207,133.901,27880,0,4304060000
2023.02.15 16:00:00,133.903,134.359,133.861,134.289,35546,0,5867423000
2023.02.15 20:00:00,134.288,134.356,134.085,134.120,14903,0,3051372000
2023.02.16 00:00:00,134.066,134.165,133.779,133.863,17693,0,2522934000
2023.02.16 04:00:00,133.859,133.986,133.638,133.895,12660,0,1504252000
2023.02.16 08:00:00,133.891,134.013,133.604,133.872,22034,0,2846842000
2023.02.16 12:00:00,133.873,134.348,133.769,134.262,21674,0,2890436000
2023.02.16 16:00:00,134.260,134.463,133.799,133.914,34550,0,5375976000
2023.02.16 20:00:00,133.914,134.030,133.696,133.869,19551,0,2990038000
2023.02.17 00:00:00,133.867,134.672,133.866,134.636,13028,0,1921394000
2023.02.17 04:00:00,134.636,134.809,134.512,134.743,10521,0,1205992000
2023.02.17 08:00:00,134.739,135.033,134.637,134.830,19220,0,2619504000
2023.02.17 12:00:00,134.833,135.110,134.537,134.640,23781,0,3314064000
2023.02.17 16:00:00,134.640,134.685,134.070,134.266,32498,0,4723082000
2023.02.17 20:00:00,134.263,134.295,134.055,134.145,10901,0,1647356000
2023.02.20 00:00:00,134.206,134.537,134.137,134.473,13310,0,1703880000
2023.02.20 04:00:00,134.478,134.535,133.952,134.094,12996,0,1515256000
2023.02.20 08:00:00,134.095,134.368,133.994,134.190,22090,0,2985194000
2023.02.20 12:00:00,134.188,134.263,133.923,134.061,16482,0,2064230000
2023.02.20 16:00:00,134.061,134.240,133.932,134.236,11530,0,1584878000
2023.02.20 20:00:00,134.239,134.291,134.186,134.186,2064,0,324100000
2023.02.21 00:00:00,134.185,134.478,134.152,134.309,9945,0,1322578000
2023.02.21 04:00:00,134.300,134.496,134.158,134.314,9038,0,974628000
2023.02.21 08:00:00,134.313,134.848,134.313,134.586,23908,0,3185168000
2023.02.21 12:00:00,134.586,134.896,134.512,134.861,22117,0,3029286000
2023.02.21 16:00:00,134.863,135.227,134.675,134.831,33602,0,4652082000
2023.02.21 20:00:00,134.833,135.039,134.792,134.958,11971,0,1823316000
2023.02.22 00:00:00,134.956,135.060,134.553,134.706,12327,0,1610638000
2023.02.22 04:00:00,134.705,134.966,134.671,134.769,8707,0,981986000
2023.02.22 08:00:00,134.768,134.994,134.595,134.885,19802,0,2441190000
2023.02.22 12:00:00,134.883,134.962,134.366,134.548,26292,0,3844598000
2023.02.22 16:00:00,134.555,134.802,134.395,134.738,28809,0,4348990000
2023.02.22 20:00:00,134.737,134.987,134.613,134.879,24370,0,3941672000
2023.02.23 00:00:00,134.879,134.963,134.740,134.798,13302,0,2391167000
2023.02.23 04:00:00,134.797,134.890,134.706,134.838,5649,0,597794000
2023.02.23 08:00:00,134.833,134.927,134.714,134.866,15214,0,2026286000
2023.02.23 12:00:00,134.865,135.369,134.829,135.272,21572,0,2855457000
2023.02.23 16:00:00,135.270,135.304,134.626,134.808,30205,0,4214672000
2023.02.23 20:00:00,134.808,134.876,134.487,134.636,12474,0,2003416000
2023.02.24 00:00:00,134.630,134.920,134.060,134.783,25452,0,3329549000
2023.02.24 04:00:00,134.784,134.826,134.576,134.600,13282,0,1499068000
2023.02.24 08:00:00,134.602,135.253,134.508,135.145,20305,0,2566036000
2023.02.24 12:00:00,135.146,135.988,135.073,135.879,25983,0,3411014000
2023.02.24 16:00:00,135.878,136.478,135.878,136.453,34572,0,5144305000
2023.02.24 20:00:00,136.452,136.520,136.346,136.487,13040,0,2013038000
2023.02.27 00:00:00,136.380,136.557,136.091,136.135,11269,0,1319034000
2023.02.27 04:00:00,136.161,136.449,136.004,136.352,10016,0,1127730000
2023.02.27 08:00:00,136.350,136.441,136.001,136.387,22364,0,2977786000
2023.02.27 12:00:00,136.389,136.443,135.931,136.068,20463,0,2899996000
2023.02.27 16:00:00,136.067,136.302,135.915,136.181,24670,0,3595406000
2023.02.27 20:00:00,136.181,136.268,136.077,136.189,9449,0,1468464000
2023.02.28 00:00:00,136.187,136.354,136.113,136.208,11767,0,1337144000
2023.02.28 04:00:00,136.207,136.373,136.153,136.310,9434,0,1265748000
2023.02.28 08:00:00,136.310,136.848,136.217,136.738,17359,0,1925376000
2023.02.28 12:00:00,136.732,136.907,136.604,136.706,15564,0,1865137000
2023.02.28 16:00:00,136.707,136.919,135.738,135.807,28300,0,3841208000
2023.02.28 20:00:00,135.808,136.250,135.784,136.142,10404,0,1531760000
2023.03.01 00:00:00,136.091,136.472,136.091,136.293,12532,0,1512038000
2023.03.01 04:00:00,136.294,136.436,136.280,136.424,7958,0,848180000
2023.03.01 08:00:00,136.423,136.443,135.614,135.843,22685,0,2611560000
2023.03.01 12:00:00,135.844,135.925,135.258,135.747,22126,0,2671400000
2023.03.01 16:00:00,135.747,136.321,135.696,135.943,27059,0,3375838000
2023.03.01 20:00:00,135.942,136.264,135.942,136.085,8110,0,1130525000
2023.03.02 00:00:00,136.147,136.447,136.019,136.325,13102,0,1575296000
2023.03.02 04:00:00,136.321,136.679,136.196,136.633,9904,0,1143692000
2023.03.02 08:00:00,136.628,136.874,136.238,136.468,22343,0,2631016000
2023.03.02 12:00:00,136.469,137.099,136.437,137.051,22827,0,2816058000
2023.03.02 16:00:00,137.052,137.063,136.552,136.944,23938,0,3145430000
2023.03.02 20:00:00,136.944,136.982,136.594,136.691,14291,0,2170268000
2023.03.03 00:00:00,136.690,136.770,136.500,136.627,12441,0,1646186000
2023.03.03 04:00:00,136.624,136.718,136.501,136.660,8186,0,945976000
2023.03.03 08:00:00,136.660,136.660,136.119,136.158,19470,0,2436722000
2023.03.03 12:00:00,136.152,136.337,135.824,135.914,18922,0,2384384000
2023.03.03 16:00:00,135.915,136.420,135.807,136.110,26276,0,3243266000
2023.03.03 20:00:00,136.109,136.138,135.747,135.815,10068,0,1518478000
2023.03.06 00:00:00,135.958,136.053,135.625,135.774,20247,0,2504608000
2023.03.06 04:00:00,135.775,135.890,135.367,135.785,10237,0,1121132000
2023.03.06 08:00:00,135.784,136.127,135.530,136.096,20190,0,2406612000
2023.03.06 12:00:00,136.094,136.192,135.725,135.874,18747,0,2173746000
2023.03.06 16:00:00,135.874,135.996,135.633,135.925,19336,0,2570668000
2023.03.06 20:00:00,135.926,136.094,135.878,135.885,7300,0,1080580000
2023.03.07 00:00:00,135.888,136.179,135.841,136.018,8780,0,1094536000
2023.03.07 04:00:00,136.019,136.067,135.831,135.991,8090,0,879838000
2023.03.07 08:00:00,135.990,135.995,135.542,135.862,18531,0,2313476000
2023.03.07 12:00:00,135.861,136.261,135.841,136.146,15267,0,1751332000
2023.03.07 16:00:00,136.146,136.952,136.117,136.855,37562,0,4815682000
2023.03.07 20:00:00,136.854,137.196,136.764,137.120,11545,0,1750054000
2023.03.08 00:00:00,137.120,137.497,137.044,137.318,13002,0,1980540000
2023.03.08 04:00:00,137.319,137.912,137.308,137.716,9782,0,1183806000
2023.03.08 08:00:00,137.713,137.738,137.442,137.558,15938,0,1966164000
2023.03.08 12:00:00,137.559,137.680,137.035,137.066,18498,0,2315312000
2023.03.08 16:00:00,137.065,137.221,136.480,137.200,31049,0,4488300000
2023.03.08 20:00:00,137.201,137.433,137.142,137.322,9869,0,1648686000
2023.03.09 00:00:00,137.315,137.342,136.797,137.126,8623,0,986748000
2023.03.09 04:00:00,137.125,137.135,136.734,136.827,5609,0,628568000
2023.03.09 08:00:00,136.823,136.894,136.107,136.194,15309,0,1900626000
2023.03.09 12:00:00,136.194,136.400,135.943,136.085,19284,0,2436254000
2023.03.09 16:00:00,136.088,136.483,136.000,136.229,22549,0,3249982000
2023.03.09 20:00:00,136.227,136.247,135.989,136.113,15379,0,2269460000
2023.03.10 00:00:00,136.069,136.425,135.812,135.954,16631,0,2065054000
2023.03.10 04:00:00,135.956,136.973,135.870,136.642,24517,0,2892393000
2023.03.10 08:00:00,136.639,136.859,136.091,136.782,23845,0,2677334000
2023.03.10 12:00:00,136.782,136.995,135.848,136.264,26260,0,3192648000
2023.03.10 16:00:00,136.265,136.365,134.114,134.739,48057,0,6621620000
2023.03.10 20:00:00,134.740,135.137,134.674,135.034,14892,0,1990734000
2023.03.13 00:00:00,134.305,135.048,133.548,134.382,28642,0,3461084000
2023.03.13 04:00:00,134.379,134.834,133.686,134.153,29863,0,3412616000
2023.03.13 08:00:00,134.153,134.694,133.761,133.811,27261,0,3039328000
2023.03.13 12:00:00,133.808,133.959,132.286,132.543,59181,0,7219152000
2023.03.13 16:00:00,132.537,133.412,132.418,133.056,45431,0,5452250000
2023.03.13 20:00:00,133.057,133.619,132.950,133.122,21418,0,2949324000
2023.03.14 00:00:00,133.109,133.362,133.024,133.244,19544,0,3344629000
2023.03.14 04:00:00,133.239,134.034,133.227,133.862,19164,0,2104688000
2023.03.14 08:00:00,133.863,134.334,133.187,134.090,31049,0,3424594000
2023.03.14 12:00:00,134.091,134.649,133.843,134.059,32439,0,3713218000
2023.03.14 16:00:00,134.058,134.901,133.981,134.408,35066,0,4407712000
2023.03.14 20:00:00,134.401,134.415,133.984,134.159,18867,0,2297416000
2023.03.15 00:00:00,134.146,134.599,134.146,134.434,19266,0,3347510000
2023.03.15 04:00:00,134.435,134.544,134.029,134.523,13955,0,1533622000
2023.03.15 08:00:00,134.522,135.114,134.468,134.670,22394,0,2412510000
2023.03.15 12:00:00,134.670,134.722,132.527,132.653,56143,0,6652484000
2023.03.15 16:00:00,132.659,133.311,132.217,132.710,50233,0,5746628000
2023.03.15 20:00:00,132.711,133.777,132.606,133.340,37060,0,4810410000
2023.03.16 00:00:00,133.339,133.424,132.501,133.334,21681,0,3181250000
2023.03.16 04:00:00,133.337,133.498,132.564,132.774,27988,0,3201838000
2023.03.16 08:00:00,132.776,133.227,132.567,132.903,30209,0,3286054000
2023.03.16 12:00:00,132.900,133.088,132.167,132.321,29476,0,3258186000
2023.03.16 16:00:00,132.314,133.474,131.718,133.445,54057,0,6325718000
2023.03.16 20:00:00,133.444,133.826,133.383,133.696,21179,0,2793582000
2023.03.17 00:00:00,133.719,133.722,133.333,133.389,10973,0,1748090000
2023.03.17 04:00:00,133.390,133.469,133.028,133.056,14500,0,1553586000
2023.03.17 08:00:00,133.055,133.354,132.747,133.241,22479,0,2390880000
2023.03.17 12:00:00,133.241,133.280,132.023,132.275,29060,0,3199746000
2023.03.17 16:00:00,132.276,132.488,131.817,132.207,37249,0,4218837000
2023.03.17 20:00:00,132.208,132.314,131.555,131.803,19275,0,2656766000
2023.03.20 00:00:00,131.724,132.632,131.652,132.616,22508,0,3823314000
2023.03.20 04:00:00,132.615,132.651,131.751,131.816,17289,0,1884616000
2023.03.20 08:00:00,131.817,131.986,130.540,130.889,38936,0,4389796000
2023.03.20 12:00:00,130.889,131.622,130.817,131.530,35740,0,3942222000
2023.03.20 16:00:00,131.525,131.848,131.255,131.622,33456,0,3823028000
2023.03.20 20:00:00,131.622,131.742,131.268,131.292,14690,0,2160888000
2023.03.21 00:00:00,131.278,131.604,131.095,131.171,12468,0,1903580000
2023.03.21 04:00:00,131.169,131.415,131.033,131.258,11610,0,1259090000
2023.03.21 08:00:00,131.258,132.262,131.181,132.185,19611,0,2064294000
2023.03.21 12:00:00,132.184,132.455,132.015,132.231,15935,0,1708268000
2023.03.21 16:00:00,132.238,132.475,131.790,132.415,24143,0,2765540000
2023.03.21 20:00:00,132.414,132.628,132.370,132.427,10595,0,1539388000
2023.03.22 00:00:00,132.376,132.701,132.254,132.530,19080,0,3906806000
2023.03.22 04:00:00,132.531,132.777,132.254,132.479,12735,0,1408724000
2023.03.22 08:00:00,132.481,132.639,132.296,132.491,15172,0,1677958000
2023.03.22 12:00:00,132.492,133.002,132.344,132.787,14024,0,1743496000
2023.03.22 16:00:00,132.784,132.840,132.423,132.582,15073,0,1802230000
2023.03.22 20:00:00,132.584,132.669,130.999,131.331,38570,0,5438350000
2023.03.23 00:00:00,131.407,131.484,130.840,130.901,18876,0,3150693000
2023.03.23 04:00:00,130.898,130.977,130.421,130.732,18293,0,1979546000
2023.03.23 08:00:00,130.731,131.247,130.553,131.199,21499,0,2277782000
2023.03.23 12:00:00,131.201,131.663,131.074,131.483,19807,0,2364734000
2023.03.23 16:00:00,131.486,131.487,130.654,130.766,24283,0,3156166000
2023.03.23 20:00:00,130.767,131.036,130.324,130.820,26773,0,3958744000
2023.03.24 00:00:00,130.751,130.943,130.524,130.524,12406,0,1968292000
2023.03.24 04:00:00,130.524,130.684,130.072,130.101,16975,0,1894890000
2023.03.24 08:00:00,130.101,130.478,129.929,130.078,20441,0,2198222000
2023.03.24 12:00:00,130.078,130.255,129.641,130.165,31468,0,3634864000
2023.03.24 16:00:00,130.165,130.896,130.049,130.771,31543,0,3807162000
2023.03.24 20:00:00,130.770,130.862,130.648,130.713,10635,0,1566718000
2023.03.27 00:00:00,130.586,130.966,130.492,130.782,12253,0,1960668000
2023.03.27 04:00:00,130.783,131.054,130.498,130.710,11823,0,1276002000
2023.03.27 08:00:00,130.708,131.366,130.703,131.076,19766,0,2191028000
2023.03.27 12:00:00,131.074,131.747,131.060,131.708,16852,0,1858036000
2023.03.27 16:00:00,131.709,131.725,131.329,131.600,16116,0,1916496000
2023.03.27 20:00:00,131.598,131.761,131.473,131.475,8332,0,1278362000
2023.03.28 00:00:00,131.468,131.553,130.626,130.794,13183,0,2232636000
2023.03.28 04:00:00,130.793,130.891,130.532,130.620,13129,0,1413214000
2023.03.28 08:00:00,130.620,131.295,130.504,131.051,18863,0,2171622000
2023.03.28 12:00:00,131.049,131.186,130.407,130.654,16596,0,1954408000
2023.03.28 16:00:00,130.652,131.184,130.652,130.961,16305,0,1919872000
2023.03.28 20:00:00,130.961,130.961,130.570,130.782,7883,0,1151080000
2023.03.29 00:00:00,130.829,131.358,130.752,131.310,11516,0,1986022000
2023.03.29 04:00:00,131.310,131.796,131.282,131.710,12358,0,1337336000
2023.03.29 08:00:00,131.709,132.094,131.662,131.988,16011,0,1773102000
2023.03.29 12:00:00,131.989,132.589,131.599,132.529,17170,0,1942784000
2023.03.29 16:00:00,132.521,132.718,132.188,132.648,19950,0,2617878000
2023.03.29 20:00:00,132.644,132.886,132.552,132.815,7925,0,1237464000
2023.03.30 00:00:00,132.756,132.808,132.460,132.647,11732,0,2108204000
2023.03.30 04:00:00,132.646,132.814,132.538,132.572,9313,0,1034706000
2023.03.30 08:00:00,132.572,132.637,132.202,132.537,19209,0,2036234000
2023.03.30 12:00:00,132.541,132.891,132.406,132.769,17502,0,2013616000
2023.03.30 16:00:00,132.769,132.968,132.364,132.387,15753,0,1870816000
2023.03.30 20:00:00,132.384,132.713,132.319,132.580,7812,0,1335664000
2023.03.31 00:00:00,132.660,133.509,132.581,133.243,15021,0,2576830000
2023.03.31 04:00:00,133.243,133.289,132.688,132.754,11618,0,1334052000
2023.03.31 08:00:00,132.754,133.594,132.749,133.487,18697,0,2127048000
2023.03.31 12:00:00,133.488,133.488,132.752,133.082,17780,0,2076268000
2023.03.31 16:00:00,133.083,133.316,132.711,132.766,21407,0,2849640000
2023.03.31 20:00:00,132.762,132.962,132.622,132.788,7382,0,1197006000
2023.04.03 00:00:00,133.314,133.383,132.924,133.037,18222,0,3220874000
2023.04.03 04:00:00,133.034,133.496,132.820,133.469,11074,0,1224898000
2023.04.03 08:00:00,133.469,133.757,133.339,133.443,14261,0,1581836000
2023.04.03 12:00:00,133.440,133.535,132.843,133.102,15586,0,1897680000
2023.04.03 16:00:00,133.103,133.142,132.203,132.454,22860,0,3079212000
2023.04.03 20:00:00,132.454,132.572,132.279,132.353,6996,0,1063324000
2023.04.04 00:00:00,132.398,132.603,132.172,132.558,9450,0,1555196000
2023.04.04 04:00:00,132.556,132.945,132.548,132.742,9631,0,1151080000
2023.04.04 08:00:00,132.745,132.981,132.504,132.904,13935,0,1609626000
2023.04.04 12:00:00,132.904,133.169,132.783,132.906,13411,0,1503310000
2023.04.04 16:00:00,132.905,132.957,131.522,131.622,27829,0,3779964000
2023.04.04 20:00:00,131.622,131.769,131.586,131.680,6215,0,992080000
2023.04.05 00:00:00,131.620,131.724,131.304,131.560,10558,0,1775540000
2023.04.05 04:00:00,131.558,131.845,131.387,131.699,9673,0,1094570000
2023.04.05 08:00:00,131.698,131.739,131.233,131.473,15373,0,1714748000
2023.04.05 12:00:00,131.466,131.782,130.919,131.020,17751,0,2113420000
2023.04.05 16:00:00,131.017,131.242,130.628,131.185,24952,0,3279917000
2023.04.05 20:00:00,131.186,131.407,131.085,131.240,7532,0,1306462000
2023.04.06 00:00:00,131.239,131.323,130.779,131.163,9337,0,1654804000
2023.04.06 04:00:00,131.161,131.296,131.003,131.164,7629,0,877520000
2023.04.06 08:00:00,131.162,131.495,131.150,131.413,12622,0,1512582000
2023.04.06 12:00:00,131.413,131.667,130.955,131.598,15873,0,2034664000
2023.04.06 16:00:00,131.602,131.905,131.539,131.609,16313,0,2124248000
2023.04.06 20:00:00,131.610,131.851,131.574,131.699,4841,0,686898000
2023.04.07 00:00:00,131.742,131.926,131.605,131.743,5704,0,912862000
2023.04.07 04:00:00,131.747,131.830,131.569,131.702,5061,0,533360000
2023.04.07 08:00:00,131.703,131.949,131.647,131.804,5550,0,618448000
2023.04.07 12:00:00,131.804,132.378,131.510,132.123,10105,0,1167590000
2023.04.07 16:00:00,132.125,132.285,132.004,132.142,13732,0,1472486000
2023.04.07 20:00:00,132.142,132.254,132.077,132.126,16718,1,1688280000
2023.04.10 00:00:00,132.092,132.676,131.823,132.602,9410,0,1467676000
2023.04.10 04:00:00,132.603,132.800,132.474,132.660,8518,0,903276000
2023.04.10 08:00:00,132.661,132.741,131.995,132.079,9617,0,1037073000
2023.04.10 12:00:00,132.080,133.343,132.037,133.328,16443,0,1782324000
2023.04.10 16:00:00,133.325,133.871,133.269,133.696,14432,0,1679303000
2023.04.10 20:00:00,133.697,133.697,133.552,133.574,6597,0,1027486000
2023.04.11 00:00:00,133.569,133.625,133.241,133.403,9198,0,1658974000
2023.04.11 04:00:00,133.404,133.692,133.296,133.403,9499,0,1116310000
2023.04.11 08:00:00,133.397,133.559,133.002,133.103,13886,0,1613690000
2023.04.11 12:00:00,133.104,133.343,132.974,133.109,13392,0,1593014000
2023.04.11 16:00:00,133.105,133.736,133.084,133.724,14157,0,1788810000
2023.04.11 20:00:00,133.725,133.806,133.615,133.679,5547,0,916636000
2023.04.12 00:00:00,133.629,133.772,133.554,133.681,12515,0,2472140000
2023.04.12 04:00:00,133.681,134.047,133.591,133.762,9226,0,1030050000
2023.04.12 08:00:00,133.762,133.970,133.558,133.821,12470,0,1397734000
2023.04.12 12:00:00,133.822,133.908,132.736,133.041,17735,0,2240854000
2023.04.12 16:00:00,133.036,133.344,132.798,133.187,22477,0,2642152000
2023.04.12 20:00:00,133.193,133.402,133.050,133.132,10108,0,1420980000
2023.04.13 00:00:00,133.080,133.276,132.943,133.166,9554,0,1676066000
2023.04.13 04:00:00,133.160,133.309,133.042,133.275,8994,0,990836000
2023.04.13 08:00:00,133.274,133.375,132.901,133.164,11965,0,1431134000
2023.04.13 12:00:00,133.165,133.392,132.502,132.510,15098,0,1859344000
2023.04.13 16:00:00,132.511,132.539,132.021,132.379,21235,0,2776934000
2023.04.13 20:00:00,132.377,132.800,132.371,132.541,7835,0,1263694000
2023.04.14 00:00:00,132.540,132.640,132.443,132.589,10701,0,2053228000
2023.04.14 04:00:00,132.589,132.619,132.270,132.476,10781,0,1360772000
2023.04.14 08:00:00,132.475,132.593,132.170,132.497,11972,0,1443592000
2023.04.14 12:00:00,132.497,133.190,132.191,133.013,17941,0,2172386000
2023.04.14 16:00:00,133.014,133.838,132.950,133.782,22409,0,2764880000
2023.04.14 20:00:00,133.781,133.815,133.630,133.744,6145,0,980740000
2023.04.17 00:00:00,133.731,134.002,133.712,133.848,7919,0,1482504000
2023.04.17 04:00:00,133.846,134.130,133.801,134.061,8277,0,965078000
2023.04.17 08:00:00,134.062,134.216,133.839,133.972,12843,0,1454982000
2023.04.17 12:00:00,133.973,134.178,133.746,134.068,13701,0,1595422000
2023.04.17 16:00:00,134.069,134.573,134.028,134.456,15455,0,1784516000
2023.04.17 20:00:00,134.455,134.501,134.385,134.454,4409,0,702142000
2023.04.18 00:00:00,134.409,134.491,134.275,134.388,16282,0,3566696000
2023.04.18 04:00:00,134.386,134.708,134.363,134.445,9441,0,1065248000
2023.04.18 08:00:00,134.442,134.477,134.139,134.149,11537,0,1326058000
2023.04.18 12:00:00,134.149,134.216,133.863,134.188,13541,0,1573668000
2023.04.18 16:00:00,134.188,134.326,133.914,134.088,14377,0,1763384000
2023.04.18 20:00:00,134.088,134.118,134.016,134.028,5021,0,800370000
2023.04.19 00:00:00,134.025,134.132,133.954,134.011,11791,0,2477620000
2023.04.19 04:00:00,134.008,134.391,133.956,134.324,7507,0,817580000
2023.04.19 08:00:00,134.322,134.924,134.314,134.890,14734,0,1733616000
2023.04.19 12:00:00,134.891,135.134,134.372,134.384,15400,0,1773602000
2023.04.19 16:00:00,134.381,134.854,134.292,134.660,13283,0,1557970000
2023.04.19 20:00:00,134.658,134.821,134.649,134.663,6084,0,904536000
2023.04.20 00:00:00,134.626,134.846,134.579,134.841,14177,0,2867006000
2023.04.20 04:00:00,134.840,134.974,134.676,134.782,8077,0,884018000
2023.04.20 08:00:00,134.785,134.836,134.389,134.674,12367,0,1476434000
2023.04.20 12:00:00,134.670,134.862,134.173,134.276,16197,0,1956678000
2023.04.20 16:00:00,134.274,134.356,134.013,134.155,14873,0,1855202000
2023.04.20 20:00:00,134.154,134.355,134.151,134.178,5517,0,873378000
2023.04.21 00:00:00,134.178,134.289,133.953,134.144,15667,0,3261942000
2023.04.21 04:00:00,134.144,134.161,133.757,133.879,6848,0,763804000
2023.04.21 08:00:00,133.877,134.110,133.697,133.773,12753,0,1449630000
2023.04.21 12:00:00,133.772,133.938,133.604,133.641,11792,0,1472992000
2023.04.21 16:00:00,133.639,134.493,133.551,134.132,19134,0,2480713000
2023.04.21 20:00:00,134.131,134.219,134.065,134.110,5053,0,784528000
2023.04.24 00:00:00,134.007,134.114,133.894,133.976,6076,0,1066846000
2023.04.24 04:00:00,133.975,134.473,133.936,134.361,7748,0,899276000
2023.04.24 08:00:00,134.359,134.477,134.124,134.291,10689,0,1185352000
2023.04.24 12:00:00,134.289,134.733,134.248,134.505,12179,0,1377319000
2023.04.24 16:00:00,134.505,134.671,134.336,134.383,12366,0,1700030000
2023.04.24 20:00:00,134.383,134.395,134.196,134.205,4921,0,787344000
2023.04.25 00:00:00,134.203,134.317,133.967,134.298,11730,0,2286284000
2023.04.25 04:00:00,134.300,134.417,134.165,134.293,7528,0,833950000
2023.04.25 08:00:00,134.294,134.475,134.026,134.114,13896,0,1674166000
2023.04.25 12:00:00,134.114,134.252,133.817,133.914,13040,0,1544988000
2023.04.25 16:00:00,133.915,134.037,133.732,133.837,16810,0,2142210000
2023.04.25 20:00:00,133.837,133.870,133.368,133.660,9715,0,1437867000
2023.04.26 00:00:00,133.697,133.908,133.491,133.698,9297,0,1536965000
2023.04.26 04:00:00,133.699,133.747,133.439,133.586,9118,0,1080660000
2023.04.26 08:00:00,133.583,133.789,133.393,133.537,14514,0,1830642000
2023.04.26 12:00:00,133.538,133.938,133.264,133.618,19141,0,2305308000
2023.04.26 16:00:00,133.618,133.882,133.017,133.814,23026,0,3060035000
2023.04.26 20:00:00,133.815,133.863,133.477,133.626,8095,0,1133308000
2023.04.27 00:00:00,133.631,133.695,133.397,133.545,7686,0,1242586000
2023.04.27 04:00:00,133.545,133.753,133.461,133.726,8557,0,976332000
2023.04.27 08:00:00,133.726,133.941,133.618,133.873,12566,0,1507038000
2023.04.27 12:00:00,133.874,134.058,133.198,133.907,17047,0,2164362000
2023.04.27 16:00:00,133.902,134.196,133.838,133.997,18634,0,2487502000
2023.04.27 20:00:00,133.996,134.065,133.822,133.953,7996,0,1269258000
2023.04.28 00:00:00,133.914,134.077,133.733,134.039,13302,0,2249040000
2023.04.28 04:00:00,134.039,134.937,133.330,134.775,27848,0,3099282000
2023.04.28 08:00:00,134.772,135.859,134.712,135.637,28598,0,3432387000
2023.04.28 12:00:00,135.631,136.425,135.631,136.065,18718,0,2328763000
2023.04.28 16:00:00,136.068,136.561,135.838,136.077,24680,0,3588256000
2023.04.28 20:00:00,136.076,136.346,136.047,136.304,9202,0,1540308000
2023.05.01 00:00:00,136.191,136.784,136.108,136.660,10562,0,1702414000
2023.05.01 04:00:00,136.659,136.947,136.567,136.852,9950,0,1218070000
2023.05.01 08:00:00,136.852,136.984,136.684,136.785,9446,0,1080502000
2023.05.01 12:00:00,136.786,136.890,136.573,136.753,11277,0,1266900000
2023.05.01 16:00:00,136.751,137.485,136.707,137.474,17436,0,2376968000
2023.05.01 20:00:00,137.474,137.540,137.369,137.443,8746,0,1418562000
2023.05.02 00:00:00,137.440,137.577,137.293,137.425,9599,0,1713540000
2023.05.02 04:00:00,137.426,137.704,137.304,137.681,10593,0,1178450000
2023.05.02 08:00:00,137.681,137.774,137.354,137.513,17846,0,2091360000
2023.05.02 12:00:00,137.515,137.580,137.246,137.567,14319,0,1740012000
2023.05.02 16:00:00,137.571,137.578,136.316,136.456,28936,0,4147650000
2023.05.02 20:00:00,136.451,136.702,136.421,136.459,11121,0,1781722000
2023.05.03 00:00:00,136.451,136.595,136.389,136.409,6240,0,1058284000
2023.05.03 04:00:00,136.407,136.456,135.920,136.062,8545,0,1011318000
2023.05.03 08:00:00,136.062,136.106,135.526,135.671,15215,0,1943296000
2023.05.03 12:00:00,135.673,135.938,135.329,135.398,16736,0,1948832000
2023.05.03 16:00:00,135.394,135.535,135.067,135.386,18883,0,2448044000
2023.05.03 20:00:00,135.384,135.706,134.668,134.722,31415,0,4465739000
2023.05.04 00:00:00,134.669,134.750,134.347,134.528,13982,0,2430042000
2023.05.04 04:00:00,134.528,134.628,134.400,134.568,8831,0,1046903000
2023.05.04 08:00:00,134.571,134.816,134.149,134.603,18466,0,2134986000
2023.05.04 12:00:00,134.602,134.870,134.312,134.824,23705,0,2863746000
2023.05.04 16:00:00,134.824,134.878,133.497,133.755,41635,0,5689142000
2023.05.04 20:00:00,133.758,134.347,133.742,134.248,17886,0,3136722000
2023.05.05 00:00:00,134.248,134.309,134.080,134.134,5455,0,832656000
2023.05.05 04:00:00,134.133,134.148,133.914,133.969,6869,0,721278000
2023.05.05 08:00:00,133.971,134.215,133.884,134.150,15808,0,1869960000
2023.05.05 12:00:00,134.149,135.125,134.098,134.975,17847,0,2241562000
2023.05.05 16:00:00,134.975,135.070,134.623,134.663,20334,0,2521096000
2023.05.05 20:00:00,134.665,134.876,134.643,134.822,7753,0,1242094000
2023.05.08 00:00:00,134.824,135.298,134.821,134.897,8342,0,1343532000
2023.05.08 04:00:00,134.895,135.015,134.718,134.746,6968,0,835220000
2023.05.08 08:00:00,134.744,135.092,134.642,134.968,10990,0,1246354000
2023.05.08 12:00:00,134.967,135.227,134.934,135.059,12721,0,1650286000
2023.05.08 16:00:00,135.054,135.061,134.655,134.711,15109,0,2117600000
2023.05.08 20:00:00,134.712,135.178,134.681,135.059,10613,0,1829554000
2023.05.09 00:00:00,135.009,135.326,134.968,135.212,11722,0,2327144000
2023.05.09 04:00:00,135.213,135.224,134.875,135.006,7253,0,807360000
2023.05.09 08:00:00,135.006,135.058,134.724,135.043,15216,0,1885896000
2023.05.09 12:00:00,135.043,135.192,134.764,135.192,13959,0,1746896000
2023.05.09 16:00:00,135.192,135.358,134.957,135.257,15637,0,1997416000
2023.05.09 20:00:00,135.258,135.260,135.109,135.201,10700,0,1882702000
2023.05.10 00:00:00,135.173,135.341,135.101,135.154,13936,0,2904756000
2023.05.10 04:00:00,135.156,135.288,135.064,135.236,7428,0,843672000
2023.05.10 08:00:00,135.238,135.470,135.120,135.265,13989,0,1678188000
2023.05.10 12:00:00,135.265,135.415,134.340,134.405,17150,0,2185698000
2023.05.10 16:00:00,134.391,134.721,134.277,134.341,24262,0,3329560000
2023.05.10 20:00:00,134.338,134.399,134.114,134.310,10949,0,1756352000
2023.05.11 00:00:00,134.259,134.365,133.893,134.068,9024,0,1536082000
2023.05.11 04:00:00,134.065,134.306,134.011,134.243,8163,0,1006109000
2023.05.11 08:00:00,134.246,134.845,134.158,134.799,16686,0,1945059000
2023.05.11 12:00:00,134.799,134.840,133.745,133.837,23268,0,2845052000
2023.05.11 16:00:00,133.840,134.544,133.787,134.415,24892,0,3232862000
2023.05.11 20:00:00,134.415,134.588,134.336,134.525,10243,0,1710710000
2023.05.12 00:00:00,134.474,134.575,134.403,134.526,9471,0,1780764000
2023.05.12 04:00:00,134.525,134.691,134.483,134.575,7244,0,843728000
2023.05.12 08:00:00,134.572,134.907,134.572,134.769,13884,0,1728350000
2023.05.12 12:00:00,134.769,135.050,134.632,134.979,10901,0,1361820000
2023.05.12 16:00:00,134.977,135.754,134.721,135.657,21954,0,3132878000
2023.05.12 20:00:00,135.657,135.749,135.624,135.746,7605,0,1220544000
2023.05.15 00:00:00,135.603,136.026,135.603,135.874,9798,0,1472508000
2023.05.15 04:00:00,135.871,136.240,135.727,136.083,7381,0,963854000
2023.05.15 08:00:00,136.082,136.265,135.824,136.109,13643,0,1935800000
2023.05.15 12:00:00,136.108,136.327,135.711,135.892,14126,0,1781666000
2023.05.15 16:00:00,135.893,136.197,135.889,136.080,14653,0,1849750000
2023.05.15 20:00:00,136.081,136.137,136.012,136.088,7313,0,1141998000
2023.05.16 00:00:00,136.084,136.103,135.910,135.931,13511,0,2965730000
2023.05.16 04:00:00,135.929,136.100,135.907,135.977,6322,0,740118000
2023.05.16 08:00:00,135.981,136.034,135.720,135.847,13068,0,1655456000
2023.05.16 12:00:00,135.847,136.208,135.667,136.102,13706,0,1805550000
2023.05.16 16:00:00,136.102,136.685,136.065,136.592,19871,0,2685302000
2023.05.16 20:00:00,136.592,136.609,136.269,136.334,8877,0,1582828000
2023.05.17 00:00:00,136.329,136.479,136.305,136.438,8398,0,1697684000
2023.05.17 04:00:00,136.436,136.582,136.360,136.579,5289,0,603436000
2023.05.17 08:00:00,136.579,137.093,136.569,137.050,14936,0,1951220000
2023.05.17 12:00:00,137.050,137.240,136.839,137.147,13875,0,1758824000
2023.05.17 16:00:00,137.149,137.572,136.961,137.467,18644,0,2576560000
2023.05.17 20:00:00,137.466,137.709,137.393,137.654,9820,0,1570970000
2023.05.18 00:00:00,137.654,137.718,137.441,137.444,11032,0,2172176000
2023.05.18 04:00:00,137.446,137.630,137.288,137.605,8238,0,955460000
2023.05.18 08:00:00,137.603,137.938,137.386,137.774,14522,0,1875382000
2023.05.18 12:00:00,137.776,138.395,137.695,138.301,15069,0,1937690000
2023.05.18 16:00:00,138.297,138.675,138.133,138.577,19796,0,2744074000
2023.05.18 20:00:00,138.578,138.748,138.486,138.690,9433,0,1485234000
2023.05.19 00:00:00,138.690,138.704,138.278,138.410,13095,0,2551858000
2023.05.19 04:00:00,138.409,138.596,138.333,138.460,7812,0,951648000
2023.05.19 08:00:00,138.459,138.466,137.967,138.178,13719,0,1703612000
2023.05.19 12:00:00,138.178,138.577,137.994,138.551,13778,0,1925180000
2023.05.19 16:00:00,138.555,138.657,137.425,137.792,26807,0,3507292000
2023.05.19 20:00:00,137.792,138.139,137.766,137.932,9492,0,1516990000
2023.05.22 00:00:00,137.963,138.003,137.576,137.677,6150,0,1059442000
2023.05.22 04:00:00,137.678,137.807,137.493,137.790,7141,0,863560000
2023.05.22 08:00:00,137.788,138.043,137.764,137.834,13253,0,1776852000
2023.05.22 12:00:00,137.834,138.495,137.798,138.419,15030,0,2159862000
2023.05.22 16:00:00,138.420,138.686,137.996,138.549,21283,0,3110142000
2023.05.22 20:00:00,138.552,138.628,138.265,138.584,9975,0,1762672000
2023.05.23 00:00:00,138.564,138.802,138.425,138.538,11378,0,2151978000
2023.05.23 04:00:00,138.539,138.878,138.357,138.415,9855,0,1353409000
2023.05.23 08:00:00,138.415,138.685,138.242,138.330,15754,0,2104030000
2023.05.23 12:00:00,138.330,138.911,138.261,138.860,14969,0,2348990000
2023.05.23 16:00:00,138.859,138.859,138.288,138.643,24705,0,3623196000
2023.05.23 20:00:00,138.643,138.711,138.396,138.564,12229,0,2089322000
2023.05.24 00:00:00,138.549,138.638,138.489,138.521,11086,0,2372268000
2023.05.24 04:00:00,138.522,138.522,138.355,138.421,6669,0,837572000
2023.05.24 08:00:00,138.421,138.734,138.230,138.574,17387,0,2501854000
2023.05.24 12:00:00,138.574,138.774,138.341,138.691,16391,0,2568084000
2023.05.24 16:00:00,138.690,139.387,138.613,139.308,22568,0,3679196000
2023.05.24 20:00:00,139.308,139.473,138.971,139.452,12910,0,2153294000
2023.05.25 00:00:00,139.319,139.474,138.813,139.398,13490,0,2596258000
2023.05.25 04:00:00,139.399,139.703,139.373,139.576,10941,0,1738108000
2023.05.25 08:00:00,139.576,139.694,139.282,139.492,18630,0,2841996000
2023.05.25 12:00:00,139.492,139.758,139.186,139.725,17828,0,2366774000
2023.05.25 16:00:00,139.726,139.963,139.410,139.928,24112,0,3291352000
2023.05.25 20:00:00,139.927,140.229,139.853,140.044,9692,0,1679819000
2023.05.26 00:00:00,140.023,140.104,139.793,139.889,14265,0,2670538000
2023.05.26 04:00:00,139.887,139.959,139.706,139.720,7404,0,907822000
2023.05.26 08:00:00,139.719,139.845,139.495,139.696,14090,0,1775984000
2023.05.26 12:00:00,139.694,140.317,139.622,140.077,14177,0,1880845000
2023.05.26 16:00:00,140.080,140.712,140.022,140.597,21029,0,2953222000
2023.05.26 20:00:00,140.596,140.726,140.520,140.586,5871,0,966424000
2023.05.29 00:00:00,140.555,140.921,140.515,140.754,19500,0,0
2023.05.29 04:00:00,140.754,140.776,140.388,140.410,11083,0,0
2023.05.29 08:00:00,140.409,140.538,140.229,140.321,11404,0,0
2023.05.29 12:00:00,140.321,140.388,140.168,140.208,9217,0,0
2023.05.29 16:00:00,140.204,140.371,140.115,140.345,5390,0,0
2023.05.29 20:00:00,140.344,140.463,140.306,140.435,2082,0,0
2023.05.30 00:00:00,140.342,140.533,140.194,140.218,9919,0,0
2023.05.30 04:00:00,140.217,140.361,139.963,140.320,12659,0,0
2023.05.30 08:00:00,140.321,140.932,140.119,140.166,26512,0,0
2023.05.30 12:00:00,140.166,140.650,139.580,139.839,25948,0,0
2023.05.30 16:00:00,139.842,140.113,139.573,139.923,21344,0,0
2023.05.30 20:00:00,139.923,139.949,139.713,139.790,11311,0,0
2023.05.31 00:00:00,139.753,139.924,139.616,139.672,9125,0,0
2023.05.31 04:00:00,139.672,139.898,139.615,139.802,12160,0,0
2023.05.31 08:00:00,139.802,139.967,139.313,139.954,22704,0,0
2023.05.31 12:00:00,139.953,140.061,139.516,139.803,14731,0,0
2023.05.31 16:00:00,139.803,140.378,139.558,139.728,26016,0,0
2023.05.31 20:00:00,139.728,139.779,139.234,139.336,13365,0,0
2023.06.01 00:00:00,139.321,139.358,138.962,139.195,8264,0,0
2023.06.01 04:00:00,139.194,139.551,139.119,139.417,11273,0,0
2023.06.01 08:00:00,139.417,139.950,139.416,139.799,14581,0,0
2023.06.01 12:00:00,139.793,139.889,139.111,139.119,17642,0,0
2023.06.01 16:00:00,139.103,139.177,138.434,138.791,21898,0,0
2023.06.01 20:00:00,138.799,138.868,138.712,138.793,7110,0,0
2023.06.02 00:00:00,138.755,138.977,138.663,138.951,5774,0,0
2023.06.02 04:00:00,138.952,139.055,138.607,138.911,9904,0,0
2023.06.02 08:00:00,138.911,139.106,138.790,138.828,14419,0,0
2023.06.02 12:00:00,138.828,139.445,138.734,139.249,15734,0,0
2023.06.02 16:00:00,139.247,139.908,138.971,139.892,19990,0,0
2023.06.02 20:00:00,139.892,140.069,139.865,139.928,8042,0,0
2023.06.05 00:00:00,139.954,140.263,139.950,140.111,6570,0,0
2023.06.05 04:00:00,140.109,140.239,139.993,140.083,9949,0,0
2023.06.05 08:00:00,140.085,140.453,139.987,140.263,15320,0,0
2023.06.05 12:00:00,140.263,140.388,140.122,140.167,12516,0,0
2023.06.05 16:00:00,140.167,140.209,139.250,139.713,19219,0,0
2023.06.05 20:00:00,139.713,139.815,139.480,139.577,9056,0,0
2023.06.06 00:00:00,139.534,139.599,139.323,139.568,6686,0,0
2023.06.06 04:00:00,139.563,139.659,139.431,139.449,8890,0,0
2023.06.06 08:00:00,139.450,139.522,139.095,139.212,18194,0,0
2023.06.06 12:00:00,139.212,139.898,139.151,139.778,13960,0,0
2023.06.06 16:00:00,139.779,139.994,139.575,139.664,15932,0,0
2023.06.06 20:00:00,139.664,139.757,139.625,139.630,7435,0,0
2023.06.07 00:00:00,139.631,139.654,139.377,139.378,5829,0,0
2023.06.07 04:00:00,139.378,139.385,139.153,139.254,10510,0,0
2023.06.07 08:00:00,139.253,139.497,139.127,139.366,14092,0,0
2023.06.07 12:00:00,139.366,139.630,139.248,139.554,13252,0,0
2023.06.07 16:00:00,139.554,140.202,139.028,140.190,19992,0,0
2023.06.07 20:00:00,140.190,140.249,140.060,140.155,9980,0,0
2023.06.08 00:00:00,140.080,140.226,139.847,139.930,7410,0,0
2023.06.08 04:00:00,139.929,140.096,139.708,139.730,10063,0,0
2023.06.08 08:00:00,139.730,139.963,139.625,139.734,15458,0,0
2023.06.08 12:00:00,139.734,139.847,139.220,139.422,14737,0,0
2023.06.08 16:00:00,139.422,139.476,138.810,138.914,20388,0,0
2023.06.08 20:00:00,138.921,139.007,138.880,138.925,9106,0,0
2023.06.09 00:00:00,138.878,139.081,138.761,139.033,6756,0,0
2023.06.09 04:00:00,139.034,139.325,139.003,139.270,12229,0,0
2023.06.09 08:00:00,139.272,139.725,139.238,139.658,15858,0,0
2023.06.09 12:00:00,139.658,139.662,139.031,139.295,15400,0,0
2023.06.09 16:00:00,139.295,139.598,139.166,139.362,17443,0,0
2023.06.09 20:00:00,139.362,139.479,139.288,139.353,6979,0,0
2023.06.12 00:00:00,139.350,139.489,139.264,139.407,6025,0,0
2023.06.12 04:00:00,139.408,139.644,139.353,139.463,9744,0,0
2023.06.12 08:00:00,139.463,139.630,139.162,139.206,13360,0,0
2023.06.12 12:00:00,139.206,139.410,139.064,139.204,14110,0,0
2023.06.12 16:00:00,139.204,139.761,139.185,139.718,15955,0,0
2023.06.12 20:00:00,139.717,139.770,139.533,139.599,8108,0,0
2023.06.13 00:00:00,139.583,139.666,139.401,139.645,5837,0,0
2023.06.13 04:00:00,139.645,139.662,139.328,139.492,10675,0,0
2023.06.13 08:00:00,139.493,139.647,139.383,139.514,15959,0,0
2023.06.13 12:00:00,139.514,139.957,139.039,139.158,15318,0,0
2023.06.13 16:00:00,139.154,140.113,139.012,139.897,21049,0,0
2023.06.13 20:00:00,139.897,140.307,139.842,140.212,11315,0,0
2023.06.14 00:00:00,140.173,140.275,140.007,140.035,5972,0,0
2023.06.14 04:00:00,140.035,140.110,139.938,140.104,8572,0,0
2023.06.14 08:00:00,140.106,140.205,139.879,139.977,14332,0,0
2023.06.14 12:00:00,139.975,140.057,139.626,139.695,13818,0,0
2023.06.14 16:00:00,139.694,139.757,139.284,139.359,15490,0,0
2023.06.14 20:00:00,139.357,140.174,139.335,140.093,22544,0,0
2023.06.15 00:00:00,140.037,140.385,139.942,140.363,7605,0,0
2023.06.15 04:00:00,140.364,141.329,140.357,141.271,17299,0,0
2023.06.15 08:00:00,141.271,141.502,141.127,141.269,19872,0,0
2023.06.15 12:00:00,141.271,141.302,140.657,140.706,19708,0,0
2023.06.15 16:00:00,140.710,140.751,140.154,140.318,21943,0,0
2023.06.15 20:00:00,140.318,140.378,140.227,140.258,8759,0,0
2023.06.16 00:00:00,140.290,140.290,140.002,140.156,6554,0,0
2023.06.16 04:00:00,140.156,140.776,139.853,140.628,14148,0,0
2023.06.16 08:00:00,140.628,141.405,140.619,141.036,20868,0,0
2023.06.16 12:00:00,141.033,141.316,140.791,141.292,17630,0,0
2023.06.16 16:00:00,141.292,141.878,140.908,141.853,22901,0,0
2023.06.16 20:00:00,141.853,141.913,141.667,141.807,8977,0,0
2023.06.19 00:00:00,141.690,141.972,141.674,141.952,8044,0,0
2023.06.19 04:00:00,141.952,141.956,141.441,141.496,11635,0,0
2023.06.19 08:00:00,141.496,141.951,141.463,141.866,13202,0,0
2023.06.19 12:00:00,141.866,142.002,141.776,141.871,10871,0,0
2023.06.19 16:00:00,141.870,141.958,141.662,141.931,8463,0,0
2023.06.19 20:00:00,141.929,141.992,141.907,141.970,1713,0,0
2023.06.20 00:00:00,141.939,142.203,141.840,142.101,7589,0,0
2023.06.20 04:00:00,142.101,142.255,141.581,142.061,14833,0,0
2023.06.20 08:00:00,142.061,142.143,141.459,141.543,17681,0,0
2023.06.20 12:00:00,141.543,141.665,141.285,141.470,14707,0,0
2023.06.20 16:00:00,141.483,141.748,141.243,141.273,18555,0,0
2023.06.20 20:00:00,141.273,141.475,141.214,141.433,7287,0,0
2023.06.21 00:00:00,141.416,141.703,141.282,141.698,7946,0,0
2023.06.21 04:00:00,141.699,141.786,141.517,141.785,11253,0,0
2023.06.21 08:00:00,141.785,142.169,141.706,141.990,17470,0,0
2023.06.21 12:00:00,141.990,142.040,141.705,141.877,15724,0,0
2023.06.21 16:00:00,141.885,142.368,141.878,141.937,20533,0,0
2023.06.21 20:00:00,141.936,141.968,141.683,141.869,10633,0,0
2023.06.22 00:00:00,141.775,141.896,141.658,141.886,7161,0,0
2023.06.22 04:00:00,141.880,141.886,141.610,141.778,9034,0,0
2023.06.22 08:00:00,141.776,142.001,141.700,141.977,15075,0,0
2023.06.22 12:00:00,141.977,142.243,141.770,142.241,16700,0,0
2023.06.22 16:00:00,142.243,142.990,142.147,142.987,19923,0,0
2023.06.22 20:00:00,142.987,143.230,142.930,143.112,10226,0,0
2023.06.23 00:00:00,143.020,143.180,142.953,143.087,8539,0,0
2023.06.23 04:00:00,143.087,143.142,142.811,143.082,20004,0,0
2023.06.23 08:00:00,143.083,143.453,142.771,143.061,33314,0,0
2023.06.23 12:00:00,143.061,143.321,142.795,142.871,23507,0,0
2023.06.23 16:00:00,142.870,143.874,142.650,143.866,32564,0,0
2023.06.23 20:00:00,143.866,143.866,143.672,143.718,10690,0,0
2023.06.26 00:00:00,143.488,143.719,143.234,143.440,14792,0,0
2023.06.26 04:00:00,143.450,143.661,143.334,143.386,18237,0,0
2023.06.26 08:00:00,143.389,143.567,142.935,143.151,25538,0,0
2023.06.26 12:00:00,143.153,143.305,142.990,143.106,18289,0,0
2023.06.26 16:00:00,143.105,143.712,143.105,143.574,28974,0,0
2023.06.26 20:00:00,143.574,143.599,143.437,143.490,10877,0,0
2023.06.27 00:00:00,143.461,143.571,143.360,143.497,8606,0,0
2023.06.27 04:00:00,143.496,143.525,143.285,143.495,16635,0,0
2023.06.27 08:00:00,143.496,143.775,143.399,143.710,21637,0,0
2023.06.27 12:00:00,143.710,143.946,143.372,143.549,22374,0,0
2023.06.27 16:00:00,143.543,144.174,143.300,143.975,31425,0,0
2023.06.27 20:00:00,143.975,144.088,143.956,144.060,9822,0,0
2023.06.28 00:00:00,144.056,144.095,143.731,143.800,11288,0,0
2023.06.28 04:00:00,143.800,144.049,143.775,143.989,15762,0,0
2023.06.28 08:00:00,143.988,144.255,143.863,144.072,22835,0,0
2023.06.28 12:00:00,144.070,144.446,143.823,144.400,23185,0,0
2023.06.28 16:00:00,144.400,144.617,144.094,144.184,34559,0,0
2023.06.28 20:00:00,144.184,144.535,144.125,144.484,11961,0,0
2023.06.29 00:00:00,144.438,144.473,144.242,144.253,11739,0,0
2023.06.29 04:00:00,144.253,144.599,144.135,144.582,16169,0,0
2023.06.29 08:00:00,144.582,144.699,144.156,144.253,26093,0,0
2023.06.29 12:00:00,144.253,144.809,144.152,144.786,26594,0,0
2023.06.29 16:00:00,144.784,144.900,144.524,144.845,33654,0,0
2023.06.29 20:00:00,144.846,144.894,144.768,144.774,9735,0,0
2023.06.30 00:00:00,144.718,144.925,144.680,144.882,10608,0,0
2023.06.30 04:00:00,144.883,145.074,144.653,144.722,18771,0,0
2023.06.30 08:00:00,144.724,144.907,144.441,144.637,21048,0,0
2023.06.30 12:00:00,144.637,144.754,144.345,144.460,22285,0,0
2023.06.30 16:00:00,144.465,144.627,144.206,144.329,34164,0,0
2023.06.30 20:00:00,144.328,144.364,144.234,144.274,14880,0,0
2023.07.03 00:00:00,144.355,144.479,144.224,144.443,9368,0,0
2023.07.03 04:00:00,144.443,144.694,144.409,144.439,15823,0,0
2023.07.03 08:00:00,144.439,144.882,144.367,144.715,21247,0,0
2023.07.03 12:00:00,144.717,144.913,144.534,144.590,18838,0,0
2023.07.03 16:00:00,144.590,144.702,143.985,144.684,26776,0,0
2023.07.03 20:00:00,144.683,144.756,144.625,144.657,5800,0,0
2023.07.04 00:00:00,144.668,144.701,144.427,144.462,7625,0,0
2023.07.04 04:00:00,144.462,144.676,144.435,144.653,11001,0,0
2023.07.04 08:00:00,144.653,144.667,144.337,144.386,14004,0,0
2023.07.04 12:00:00,144.385,144.465,144.304,144.328,10144,0,0
2023.07.04 16:00:00,144.329,144.544,144.207,144.513,11582,0,0
2023.07.04 20:00:00,144.513,144.540,144.410,144.446,3806,0,0
2023.07.05 00:00:00,144.394,144.559,144.381,144.459,7523,0,0
2023.07.05 04:00:00,144.454,144.642,144.438,144.526,10511,0,0
2023.07.05 08:00:00,144.527,144.735,144.252,144.359,21041,0,0
2023.07.05 12:00:00,144.358,144.597,144.207,144.402,20155,0,0
2023.07.05 16:00:00,144.404,144.653,144.080,144.638,23064,0,0
2023.07.05 20:00:00,144.638,144.699,144.500,144.643,9787,0,0
2023.07.06 00:00:00,144.580,144.628,144.193,144.231,9894,0,0
2023.07.06 04:00:00,144.231,144.448,143.924,143.968,15415,0,0
2023.07.06 08:00:00,143.968,144.065,143.555,144.003,28120,0,0
2023.07.06 12:00:00,144.004,144.345,143.635,144.199,27973,0,0
2023.07.06 16:00:00,144.199,144.654,143.960,144.107,35897,0,0
2023.07.06 20:00:00,144.106,144.231,144.042,144.050,10343,0,0
2023.07.07 00:00:00,144.016,144.201,143.798,144.075,9236,0,0
2023.07.07 04:00:00,144.075,144.108,143.813,143.837,12720,0,0
2023.07.07 08:00:00,143.838,143.859,142.943,142.963,25318,0,0
2023.07.07 12:00:00,142.963,143.379,142.579,143.237,28827,0,0
2023.07.07 16:00:00,143.238,143.421,142.083,142.108,36678,0,0
2023.07.07 20:00:00,142.108,142.195,142.072,142.092,9284,0,0
2023.07.10 00:00:00,142.144,142.543,142.111,142.492,12675,0,0
2023.07.10 04:00:00,142.492,143.006,142.429,142.986,19319,0,0
2023.07.10 08:00:00,142.986,142.986,142.241,142.317,21471,0,0
2023.07.10 12:00:00,142.317,142.600,142.073,142.419,18842,0,0
2023.07.10 16:00:00,142.417,142.418,141.419,141.480,27214,0,0
2023.07.10 20:00:00,141.480,141.493,141.277,141.295,8950,0,0
2023.07.11 00:00:00,141.339,141.462,141.155,141.349,9963,0,0
2023.07.11 04:00:00,141.348,141.353,140.600,140.757,17067,0,0
2023.07.11 08:00:00,140.757,140.950,140.423,140.552,21567,0,0
2023.07.11 12:00:00,140.552,140.642,140.159,140.481,17758,0,0
2023.07.11 16:00:00,140.481,140.956,140.323,140.333,17442,0,0
2023.07.11 20:00:00,140.333,140.483,140.299,140.357,7202,0,0
2023.07.12 00:00:00,140.357,140.367,139.609,139.739,11110,0,0
2023.07.12 04:00:00,139.739,139.749,139.367,139.500,17871,0,0
2023.07.12 08:00:00,139.500,139.757,139.313,139.604,19650,0,0
2023.07.12 12:00:00,139.604,139.726,138.775,139.276,21039,0,0
2023.07.12 16:00:00,139.275,139.363,138.157,138.401,30432,0,0
2023.07.12 20:00:00,138.402,138.553,138.265,138.497,9603,0,0
2023.07.13 00:00:00,138.414,138.579,138.072,138.546,11517,0,0
2023.07.13 04:00:00,138.548,138.673,138.387,138.523,17507,0,0
2023.07.13 08:00:00,138.523,138.833,138.233,138.379,22485,0,0
2023.07.13 12:00:00,138.381,138.955,138.236,138.639,22570,0,0
2023.07.13 16:00:00,138.632,138.670,138.027,138.070,24796,0,0
2023.07.13 20:00:00,138.072,138.188,137.922,138.038,9452,0,0
2023.07.14 00:00:00,138.038,138.115,137.643,137.684,11104,0,0
2023.07.14 04:00:00,137.684,137.743,137.240,137.699,19079,0,0
2023.07.14 08:00:00,137.699,138.469,137.589,138.318,21707,0,0
2023.07.14 12:00:00,138.317,138.918,138.202,138.800,21052,0,0
2023.07.14 16:00:00,138.804,139.156,138.401,138.668,28606,0,0
2023.07.14 20:00:00,138.668,138.903,138.623,138.744,6917,0,0
2023.07.17 00:00:00,138.698,138.831,138.366,138.382,7190,0,0
2023.07.17 04:00:00,138.382,138.697,138.377,138.626,10085,0,0
2023.07.17 08:00:00,138.626,138.757,138.314,138.404,17683,0,0
2023.07.17 12:00:00,138.405,139.096,137.999,138.925,19742,0,0
2023.07.17 16:00:00,138.924,139.410,138.789,138.811,21477,0,0
2023.07.17 20:00:00,138.811,138.893,138.604,138.711,7506,0,0
2023.07.18 00:00:00,138.708,138.926,138.603,138.827,8374,0,0
2023.07.18 04:00:00,138.826,138.895,138.387,138.462,15500,0,0
2023.07.18 08:00:00,138.463,138.546,138.090,138.265,21814,0,0
2023.07.18 12:00:00,138.266,138.627,137.676,138.105,22356,0,0
2023.07.18 16:00:00,138.104,139.130,137.813,139.107,32474,0,0
2023.07.18 20:00:00,139.106,139.138,138.762,138.828,10511,0,0
2023.07.19 00:00:00,138.786,139.191,138.763,138.912,9029,0,0
2023.07.19 04:00:00,138.912,139.421,138.850,139.372,14638,0,0
2023.07.19 08:00:00,139.374,139.749,139.200,139.731,24508,0,0
2023.07.19 12:00:00,139.731,139.993,139.385,139.645,19446,0,0
2023.07.19 16:00:00,139.644,139.989,139.458,139.630,25815,0,0
2023.07.19 20:00:00,139.630,139.761,139.516,139.659,9354,0,0
2023.07.20 00:00:00,139.558,139.701,139.402,139.441,10098,0,0
2023.07.20 04:00:00,139.441,139.464,139.111,139.372,15687,0,0
2023.07.20 08:00:00,139.373,139.686,139.248,139.455,21448,0,0
2023.07.20 12:00:00,139.455,139.917,139.339,139.835,21011,0,0
2023.07.20 16:00:00,139.835,140.498,139.747,140.462,22473,0,0
2023.07.20 20:00:00,140.462,140.462,140.049,140.072,8800,0,0
2023.07.21 00:00:00,140.074,140.083,139.748,139.980,9919,0,0
2023.07.21 04:00:00,139.980,140.305,139.898,140.128,12696,0,0
2023.07.21 08:00:00,140.128,141.954,140.087,141.913,25424,0,0
2023.07.21 12:00:00,141.913,141.918,141.217,141.374,24218,0,0
2023.07.21 16:00:00,141.373,141.872,141.270,141.673,21635,0,0
2023.07.21 20:00:00,141.673,141.850,141.635,141.817,7674,0,0
2023.07.24 00:00:00,141.556,141.814,141.556,141.696,9108,0,0
2023.07.24 04:00:00,141.696,141.744,141.345,141.458,13653,0,0
2023.07.24 08:00:00,141.458,141.634,141.230,141.448,21299,0,0
2023.07.24 12:00:00,141.448,141.459,140.845,140.986,18397,0,0
2023.07.24 16:00:00,140.986,141.424,140.742,141.296,24351,0,0
2023.07.24 20:00:00,141.297,141.547,141.254,141.480,8199,0,0
2023.07.25 00:00:00,141.426,141.623,141.372,141.486,7677,0,0
2023.07.25 04:00:00,141.486,141.486,141.204,141.451,12627,0,0
2023.07.25 08:00:00,141.449,141.577,141.224,141.345,18074,0,0
2023.07.25 12:00:00,141.345,141.736,141.193,141.233,14855,0,0
2023.07.25 16:00:00,141.233,141.598,140.856,141.054,17726,0,0
2023.07.25 20:00:00,141.054,141.197,140.853,140.893,8982,0,0
2023.07.26 00:00:00,140.870,141.102,140.837,141.089,9021,0,0
2023.07.26 04:00:00,141.095,141.186,140.971,141.042,11261,0,0
2023.07.26 08:00:00,141.042,141.085,140.272,140.339,20603,0,0
2023.07.26 12:00:00,140.339,140.453,140.160,140.246,18394,0,0
2023.07.26 16:00:00,140.251,140.651,140.235,140.618,19138,0,0
2023.07.26 20:00:00,140.618,140.697,139.927,140.233,24230,0,0
2023.07.27 00:00:00,140.150,140.487,140.150,140.349,9717,0,0
2023.07.27 04:00:00,140.351,140.367,139.380,139.998,19070,0,0
2023.07.27 08:00:00,139.998,140.259,139.813,139.965,23746,0,0
2023.07.27 12:00:00,139.964,140.779,139.889,140.719,25135,0,0
2023.07.27 16:00:00,140.720,141.322,140.586,141.087,30670,0,0
2023.07.27 20:00:00,141.079,141.098,138.769,139.458,31719,0,0
2023.07.28 00:00:00,139.413,139.511,138.707,139.474,19821,0,0
2023.07.28 04:00:00,139.473,141.079,138.062,138.766,39201,0,0
2023.07.28 08:00:00,138.764,140.071,138.552,139.692,41843,0,0
2023.07.28 12:00:00,139.692,140.090,138.851,139.944,30710,0,0
2023.07.28 16:00:00,139.945,140.906,139.945,140.863,29765,0,0
2023.07.28 20:00:00,140.863,141.178,140.754,141.159,13118,0,0
2023.07.31 00:00:00,140.901,141.145,140.692,140.898,14781,0,0
2023.07.31 04:00:00,140.899,141.954,140.829,141.883,25330,0,0
2023.07.31 08:00:00,141.883,142.499,141.576,142.415,25546,0,0
2023.07.31 12:00:00,142.413,142.467,142.073,142.265,20064,0,0
2023.07.31 16:00:00,142.263,142.691,142.007,142.117,26612,0,0
2023.07.31 20:00:00,142.113,142.307,142.050,142.265,9709,0,0
2023.08.01 00:00:00,142.242,142.504,142.207,142.499,8666,0,0
2023.08.01 04:00:00,142.500,142.844,142.437,142.724,19150,0,0
2023.08.01 08:00:00,142.723,142.815,142.528,142.691,21638,0,0
2023.08.01 12:00:00,142.693,143.293,142.616,143.268,18310,0,0
2023.08.01 16:00:00,143.268,143.469,142.873,143.391,24957,0,0
2023.08.01 20:00:00,143.391,143.546,143.311,143.333,9388,0,0
2023.08.02 00:00:00,143.320,143.324,142.702,143.085,15491,0,0
2023.08.02 04:00:00,143.088,143.349,142.937,142.993,17470,0,0
2023.08.02 08:00:00,142.993,142.993,142.234,142.341,28207,0,0
2023.08.02 12:00:00,142.342,143.196,142.309,143.180,25212,0,0
2023.08.02 16:00:00,143.181,143.477,143.030,143.160,25006,0,0
2023.08.02 20:00:00,143.160,143.422,143.060,143.323,9561,0,0
2023.08.03 00:00:00,143.321,143.411,143.191,143.352,9569,0,0
2023.08.03 04:00:00,143.351,143.736,143.163,143.694,20027,0,0
2023.08.03 08:00:00,143.688,143.889,142.797,142.843,31127,0,0
2023.08.03 12:00:00,142.844,143.057,142.502,142.708,28274,0,0
2023.08.03 16:00:00,142.714,142.859,142.065,142.514,31208,0,0
2023.08.03 20:00:00,142.512,142.750,142.484,142.523,12631,0,0
2023.08.04 00:00:00,142.515,142.883,142.452,142.734,9110,0,0
2023.08.04 04:00:00,142.733,142.745,142.316,142.486,18431,0,0
2023.08.04 08:00:00,142.487,142.724,142.349,142.661,19181,0,0
2023.08.04 12:00:00,142.660,142.842,142.142,142.246,22907,0,0
2023.08.04 16:00:00,142.248,142.260,141.552,141.838,28507,0,0
2023.08.04 20:00:00,141.839,141.885,141.706,141.733,10293,0,0
2023.08.07 00:00:00,141.650,141.942,141.511,141.594,10952,0,0
2023.08.07 04:00:00,141.593,142.299,141.573,142.123,13752,0,0
2023.08.07 08:00:00,142.120,142.407,142.055,142.303,14598,0,0
2023.08.07 12:00:00,142.305,142.449,142.005,142.013,12721,0,0
2023.08.07 16:00:00,142.012,142.582,141.798,142.515,17391,0,0
2023.08.07 20:00:00,142.515,142.552,142.414,142.475,8190,0,0
2023.08.08 00:00:00,142.468,143.048,142.400,143.015,7788,0,0
2023.08.08 04:00:00,143.015,143.437,142.939,143.228,14420,0,0
2023.08.08 08:00:00,143.229,143.400,142.837,143.092,20118,0,0
2023.08.08 12:00:00,143.093,143.276,142.862,143.149,21106,0,0
2023.08.08 16:00:00,143.162,143.341,142.963,143.310,25208,0,0
2023.08.08 20:00:00,143.310,143.493,143.220,143.375,11605,0,0
2023.08.09 00:00:00,143.365,143.386,143.092,143.345,7906,0,0
2023.08.09 04:00:00,143.345,143.400,143.145,143.206,9957,0,0
2023.08.09 08:00:00,143.206,143.343,143.000,143.285,13602,0,0
2023.08.09 12:00:00,143.285,143.534,143.235,143.393,16891,0,0
2023.08.09 16:00:00,143.393,143.732,143.243,143.638,22553,0,0
2023.08.09 20:00:00,143.638,143.748,143.507,143.716,9991,0,0
2023.08.10 00:00:00,143.671,143.888,143.629,143.809,6442,0,0
2023.08.10 04:00:00,143.811,144.086,143.736,144.035,10592,0,0
2023.08.10 08:00:00,144.035,144.106,143.716,143.809,14172,0,0
2023.08.10 12:00:00,143.808,144.033,143.272,143.820,17536,0,0
2023.08.10 16:00:00,143.824,144.489,143.760,144.450,25557,0,0
2023.08.10 20:00:00,144.450,144.817,144.428,144.742,12082,0,0
2023.08.11 00:00:00,144.688,144.893,144.669,144.818,4746,0,0
2023.08.11 04:00:00,144.824,144.828,144.631,144.687,8194,0,0
2023.08.11 08:00:00,144.687,144.794,144.552,144.588,11793,0,0
2023.08.11 12:00:00,144.588,144.850,144.421,144.798,12953,0,0
2023.08.11 16:00:00,144.798,144.969,144.379,144.929,21171,0,0
2023.08.11 20:00:00,144.929,145.004,144.882,144.952,9623,0,0
2023.08.14 00:00:00,144.938,145.222,144.786,144.994,8346,0,0
2023.08.14 04:00:00,144.994,144.999,144.653,144.910,11549,0,0
2023.08.14 08:00:00,144.910,144.975,144.745,144.944,12605,0,0
2023.08.14 12:00:00,144.944,145.401,144.857,145.348,13719,0,0
2023.08.14 16:00:00,145.349,145.578,145.184,145.283,18612,0,0
2023.08.14 20:00:00,145.283,145.561,145.248,145.556,8318,0,0
2023.08.15 00:00:00,145.541,145.596,145.370,145.439,5451,0,0
2023.08.15 04:00:00,145.443,145.554,145.325,145.517,11718,0,0
2023.08.15 08:00:00,145.517,145.866,145.328,145.648,16307,0,0
2023.08.15 12:00:00,145.647,145.822,145.460,145.595,18206,0,0
2023.08.15 16:00:00,145.594,145.612,145.107,145.560,24776,0,0
2023.08.15 20:00:00,145.560,145.669,145.482,145.566,7997,0,0
2023.08.16 00:00:00,145.536,145.681,145.507,145.591,6526,0,0
2023.08.16 04:00:00,145.591,145.692,145.443,145.454,11408,0,0
2023.08.16 08:00:00,145.455,145.556,145.306,145.521,15105,0,0
2023.08.16 12:00:00,145.521,145.885,145.480,145.866,14951,0,0
2023.08.16 16:00:00,145.870,145.940,145.654,145.915,18897,0,0
2023.08.16 20:00:00,145.915,146.406,145.915,146.346,14467,0,0
2023.08.17 00:00:00,146.272,146.559,146.163,146.393,6943,0,0
2023.08.17 04:00:00,146.393,146.497,146.350,146.412,9493,0,0
2023.08.17 08:00:00,146.412,146.428,146.098,146.238,11220,0,0
2023.08.17 12:00:00,146.239,146.298,145.664,145.789,16483,0,0
2023.08.17 16:00:00,145.794,146.201,145.618,146.131,17130,0,0
2023.08.17 20:00:00,146.130,146.300,145.639,145.818,9533,0,0
2023.08.18 00:00:00,145.826,145.868,145.529,145.545,6984,0,0
2023.08.18 04:00:00,145.548,145.573,145.323,145.471,10689,0,0
2023.08.18 08:00:00,145.471,145.634,145.154,145.577,15198,0,0
2023.08.18 12:00:00,145.577,145.765,145.298,145.642,15768,0,0
2023.08.18 16:00:00,145.641,145.739,145.061,145.067,19529,0,0
2023.08.18 20:00:00,145.067,145.402,144.928,145.385,9537,0,0
2023.08.21 00:00:00,145.292,145.488,145.147,145.182,6124,0,0
2023.08.21 04:00:00,145.182,145.629,145.146,145.373,10597,0,0
2023.08.21 08:00:00,145.373,145.699,145.337,145.676,13010,0,0
2023.08.21 12:00:00,145.676,146.169,145.627,146.094,14842,0,0
2023.08.21 16:00:00,146.090,146.403,146.010,146.186,19613,0,0
2023.08.21 20:00:00,146.186,146.284,146.067,146.217,7930,0,0
2023.08.22 00:00:00,146.172,146.399,146.141,146.211,5023,0,0
2023.08.22 04:00:00,146.211,146.229,145.843,146.009,10904,0,0
2023.08.22 08:00:00,146.009,146.107,145.591,145.619,12801,0,0
2023.08.22 12:00:00,145.619,146.016,145.496,145.957,13045,0,0
2023.08.22 16:00:00,145.955,146.133,145.711,145.843,18805,0,0
2023.08.22 20:00:00,145.843,145.932,145.709,145.881,10135,0,0
2023.08.23 00:00:00,145.819,145.878,145.646,145.657,5032,0,0
2023.08.23 04:00:00,145.657,145.739,145.576,145.643,9028,0,0
2023.08.23 08:00:00,145.640,145.758,145.261,145.366,17878,0,0
2023.08.23 12:00:00,145.366,145.595,145.245,145.481,15356,0,0
2023.08.23 16:00:00,145.480,145.501,144.580,144.623,26165,0,0
2023.08.23 20:00:00,144.623,144.918,144.541,144.845,10577,0,0
2023.08.24 00:00:00,144.792,144.842,144.601,144.791,6502,0,0
2023.08.24 04:00:00,144.794,145.203,144.784,145.171,13176,0,0
2023.08.24 08:00:00,145.171,145.357,144.941,145.306,15166,0,0
2023.08.24 12:00:00,145.306,145.957,145.276,145.900,14481,0,0
2023.08.24 16:00:00,145.896,145.959,145.433,145.902,22583,0,0
2023.08.24 20:00:00,145.904,145.937,145.755,145.823,9140,0,0
2023.08.25 00:00:00,145.830,146.111,145.752,146.039,8121,0,0
2023.08.25 04:00:00,146.040,146.212,145.911,146.048,10266,0,0
2023.08.25 08:00:00,146.049,146.257,145.905,146.023,15037,0,0
2023.08.25 12:00:00,146.025,146.153,145.872,145.947,12901,0,0
2023.08.25 16:00:00,145.946,146.633,145.726,146.353,28633,0,0
2023.08.25 20:00:00,146.353,146.465,146.203,146.402,9104,0,0
2023.08.28 00:00:00,146.401,146.615,146.392,146.512,6511,0,0
2023.08.28 04:00:00,146.512,146.557,146.397,146.465,9851,0,0
2023.08.28 08:00:00,146.469,146.601,146.274,146.538,10448,0,0
2023.08.28 12:00:00,146.538,146.600,146.407,146.432,10887,0,0
2023.08.28 16:00:00,146.432,146.747,146.363,146.494,15886,0,0
2023.08.28 20:00:00,146.494,146.578,146.429,146.534,6615,0,0
2023.08.29 00:00:00,146.509,146.553,146.309,146.456,6191,0,0
2023.08.29 04:00:00,146.456,146.499,146.312,146.486,8199,0,0
2023.08.29 08:00:00,146.486,146.560,146.339,146.512,10556,0,0
2023.08.29 12:00:00,146.512,147.377,146.494,147.240,15045,0,0
2023.08.29 16:00:00,147.239,147.265,145.855,145.918,28127,0,0
2023.08.29 20:00:00,145.918,146.000,145.669,145.855,10508,0,0
2023.08.30 00:00:00,145.880,146.105,145.741,145.909,7338,0,0
2023.08.30 04:00:00,145.910,146.253,145.864,146.224,11266,0,0
2023.08.30 08:00:00,146.224,146.537,146.147,146.440,16898,0,0
2023.08.30 12:00:00,146.441,146.479,145.819,145.874,18173,0,0
2023.08.30 16:00:00,145.875,146.145,145.557,146.095,22189,0,0
2023.08.30 20:00:00,146.095,146.294,145.979,146.238,8262,0,0
2023.08.31 00:00:00,146.162,146.189,145.950,146.067,6257,0,0
2023.08.31 04:00:00,146.069,146.075,145.753,145.883,9368,0,0
2023.08.31 08:00:00,145.883,146.053,145.721,145.950,14322,0,0
2023.08.31 12:00:00,145.950,146.071,145.627,145.868,16351,0,0
2023.08.31 16:00:00,145.867,146.227,145.434,145.502,24132,0,0
2023.08.31 20:00:00,145.501,145.545,145.348,145.535,7806,0,0
2023.09.01 00:00:00,145.475,145.702,145.445,145.567,6202,0,0
2023.09.01 04:00:00,145.561,145.568,145.240,145.491,10170,0,0
2023.09.01 08:00:00,145.491,145.628,145.365,145.464,12635,0,0
2023.09.01 12:00:00,145.465,145.498,144.443,144.733,16293,0,0
2023.09.01 16:00:00,144.733,146.295,144.694,146.150,28898,0,0
2023.09.01 20:00:00,146.147,146.283,146.070,146.188,6392,0,0
2023.09.04 00:00:00,146.118,146.245,146.024,146.162,5085,0,0
2023.09.04 04:00:00,146.162,146.247,146.074,146.160,8861,0,0
2023.09.04 08:00:00,146.160,146.455,146.133,146.431,11267,0,0
2023.09.04 12:00:00,146.431,146.464,146.312,146.448,8053,0,0
2023.09.04 16:00:00,146.448,146.495,146.389,146.487,6311,0,0
2023.09.04 20:00:00,146.488,146.497,146.458,146.458,2130,0,0
2023.09.05 00:00:00,146.358,146.620,146.358,146.517,4680,0,0
2023.09.05 04:00:00,146.517,146.777,146.486,146.668,7133,0,0
2023.09.05 08:00:00,146.668,147.084,146.658,147.008,14828,0,0
2023.09.05 12:00:00,147.008,147.502,146.955,147.198,16137,0,0
2023.09.05 16:00:00,147.198,147.734,147.137,147.634,21597,0,0
2023.09.05 20:00:00,147.634,147.803,147.582,147.719,7537,0,0
2023.09.06 00:00:00,147.639,147.820,147.362,147.773,6632,0,0
2023.09.06 04:00:00,147.773,147.777,147.395,147.399,9783,0,0
2023.09.06 08:00:00,147.399,147.496,147.018,147.390,15603,0,0
2023.09.06 12:00:00,147.390,147.594,147.207,147.273,13693,0,0
2023.09.06 16:00:00,147.275,147.706,147.132,147.592,21589,0,0
2023.09.06 20:00:00,147.590,147.745,147.489,147.609,7889,0,0
2023.09.07 00:00:00,147.609,147.873,147.518,147.761,6505,0,0
2023.09.07 04:00:00,147.761,147.806,147.496,147.565,9207,0,0
2023.09.07 08:00:00,147.565,147.681,147.362,147.455,12600,0,0
2023.09.07 12:00:00,147.455,147.613,147.220,147.284,14278,0,0
2023.09.07 16:00:00,147.284,147.437,147.043,147.090,17726,0,0
2023.09.07 20:00:00,147.090,147.300,147.090,147.291,6794,0,0
2023.09.08 00:00:00,147.231,147.384,146.588,146.920,8650,0,0
2023.09.08 04:00:00,146.921,147.339,146.910,147.226,13451,0,0
2023.09.08 08:00:00,147.226,147.456,147.052,147.408,14818,0,0
2023.09.08 12:00:00,147.408,147.571,147.244,147.550,12822,0,0
2023.09.08 16:00:00,147.555,147.782,147.324,147.765,19263,0,0
2023.09.08 20:00:00,147.766,147.872,147.703,147.797,7062,0,0
2023.09.11 00:00:00,146.971,147.272,146.661,146.956,13443,0,0
2023.09.11 04:00:00,146.956,147.094,146.149,146.201,20345,0,0
2023.09.11 08:00:00,146.201,146.493,145.901,146.341,22127,0,0
2023.09.11 12:00:00,146.343,146.985,146.268,146.495,18747,0,0
2023.09.11 16:00:00,146.495,146.591,146.199,146.475,20203,0,0
2023.09.11 20:00:00,146.471,146.604,146.429,146.583,10578,0,0
2023.09.12 00:00:00,146.531,146.804,146.458,146.692,6804,0,0
2023.09.12 04:00:00,146.692,146.745,146.435,146.733,12430,0,0
2023.09.12 08:00:00,146.733,146.944,146.660,146.790,15899,0,0
2023.09.12 12:00:00,146.789,147.160,146.758,147.121,16370,0,0
2023.09.12 16:00:00,147.125,147.234,147.059,147.176,18246,0,0
2023.09.12 20:00:00,147.176,147.228,146.985,147.069,11649,0,0
2023.09.13 00:00:00,147.052,147.316,147.015,147.302,7641,0,0
2023.09.13 04:00:00,147.307,147.449,147.269,147.392,12040,0,0
2023.09.13 08:00:00,147.392,147.400,147.209,147.254,14015,0,0
2023.09.13 12:00:00,147.254,147.758,147.104,147.434,20960,0,0
2023.09.13 16:00:00,147.434,147.604,147.251,147.345,24135,0,0
2023.09.13 20:00:00,147.345,147.509,147.167,147.450,12651,0,0
2023.09.14 00:00:00,147.352,147.401,147.052,147.086,6187,0,0
2023.09.14 04:00:00,147.087,147.193,147.019,147.139,10055,0,0
2023.09.14 08:00:00,147.137,147.359,147.073,147.292,12148,0,0
2023.09.14 12:00:00,147.291,147.564,147.206,147.409,19254,0,0
2023.09.14 16:00:00,147.408,147.448,147.018,147.235,24961,0,0
2023.09.14 20:00:00,147.235,147.491,147.179,147.466,8827,0,0
2023.09.15 00:00:00,147.466,147.520,147.338,147.456,7789,0,0
2023.09.15 04:00:00,147.458,147.501,147.345,147.410,10435,0,0
2023.09.15 08:00:00,147.410,147.820,147.369,147.782,16813,0,0
2023.09.15 12:00:00,147.781,147.952,147.720,147.942,13106,0,0
2023.09.15 16:00:00,147.941,147.947,147.601,147.863,21768,0,0
2023.09.15 20:00:00,147.863,147.891,147.722,147.837,8280,0,0
2023.09.18 00:00:00,147.704,147.879,147.666,147.715,4118,0,0
2023.09.18 04:00:00,147.716,147.803,147.677,147.677,5685,0,0
2023.09.18 08:00:00,147.675,147.754,147.559,147.635,9169,0,0
2023.09.18 12:00:00,147.635,147.748,147.580,147.732,9676,0,0
2023.09.18 16:00:00,147.732,147.771,147.597,147.629,12635,0,0
2023.09.18 20:00:00,147.630,147.758,147.577,147.604,6799,0,0
2023.09.19 00:00:00,147.619,147.735,147.508,147.644,6205,0,0
2023.09.19 04:00:00,147.644,147.789,147.635,147.753,9159,0,0
2023.09.19 08:00:00,147.753,147.894,147.616,147.713,12186,0,0
2023.09.19 12:00:00,147.713,147.809,147.569,147.782,13127,0,0
2023.09.19 16:00:00,147.779,147.859,147.626,147.828,14534,0,0
2023.09.19 20:00:00,147.828,147.924,147.791,147.843,7278,0,0
2023.09.20 00:00:00,147.808,147.856,147.692,147.740,6997,0,0
2023.09.20 04:00:00,147.739,147.847,147.705,147.835,9072,0,0
2023.09.20 08:00:00,147.835,148.168,147.817,148.091,15243,0,0
2023.09.20 12:00:00,148.091,148.094,147.800,147.863,12182,0,0
2023.09.20 16:00:00,147.865,147.873,147.494,147.542,13632,0,0
2023.09.20 20:00:00,147.542,148.362,147.476,148.338,22922,0,0
2023.09.21 00:00:00,148.193,148.464,148.176,148.408,9358,0,0
2023.09.21 04:00:00,148.407,148.454,148.190,148.343,11064,0,0
2023.09.21 08:00:00,148.343,148.395,148.154,148.189,13209,0,0
2023.09.21 12:00:00,148.188,148.258,147.697,147.954,18836,0,0
2023.09.21 16:00:00,147.960,147.984,147.323,147.511,20000,0,0
2023.09.21 20:00:00,147.511,147.603,147.424,147.571,9159,0,0
2023.09.22 00:00:00,147.519,147.701,147.509,147.615,6913,0,0
2023.09.22 04:00:00,147.615,148.255,147.603,148.022,16863,0,0
2023.09.22 08:00:00,148.020,148.415,147.925,148.290,22159,0,0
2023.09.22 12:00:00,148.290,148.340,148.133,148.253,13602,0,0
2023.09.22 16:00:00,148.253,148.356,147.961,148.291,16256,0,0
2023.09.22 20:00:00,148.297,148.416,148.253,148.374,6942,0,0
2023.09.25 00:00:00,148.255,148.481,148.217,148.334,7208,0,0
2023.09.25 04:00:00,148.334,148.440,148.286,148.353,9481,0,0
2023.09.25 08:00:00,148.351,148.577,148.323,148.562,13946,0,0
2023.09.25 12:00:00,148.562,148.755,148.516,148.738,12432,0,0
2023.09.25 16:00:00,148.738,148.963,148.728,148.849,16079,0,0
2023.09.25 20:00:00,148.849,148.898,148.755,148.871,6580,0,0
2023.09.26 00:00:00,148.850,148.910,148.704,148.885,7444,0,0
2023.09.26 04:00:00,148.885,148.955,148.813,148.883,10588,0,0
2023.09.26 08:00:00,148.883,149.187,148.759,148.911,17789,0,0
2023.09.26 12:00:00,148.910,148.992,148.797,148.797,15747,0,0
2023.09.26 16:00:00,148.797,148.989,148.797,148.926,18330,0,0
2023.09.26 20:00:00,148.926,149.102,148.867,149.059,7447,0,0
2023.09.27 00:00:00,149.055,149.082,148.968,149.033,7361,0,0
2023.09.27 04:00:00,149.036,149.072,148.864,149.022,13033,0,0
2023.09.27 08:00:00,149.022,149.152,148.974,149.064,13198,0,0
2023.09.27 12:00:00,149.064,149.252,149.060,149.187,14885,0,0
2023.09.27 16:00:00,149.187,149.648,149.166,149.620,19267,0,0
2023.09.27 20:00:00,149.620,149.709,149.464,149.635,14062,0,0
2023.09.28 00:00:00,149.484,149.571,149.311,149.457,8264,0,0
2023.09.28 04:00:00,149.457,149.558,149.330,149.333,11110,0,0
2023.09.28 08:00:00,149.333,149.447,149.206,149.379,15885,0,0
2023.09.28 12:00:00,149.379,149.502,149.164,149.454,17789,0,0
2023.09.28 16:00:00,149.454,149.467,149.147,149.289,24347,0,0
2023.09.28 20:00:00,149.289,149.386,149.214,149.300,11610,0,0
2023.09.29 00:00:00,149.225,149.453,149.201,149.384,5753,0,0
2023.09.29 04:00:00,149.382,149.509,149.280,149.368,9558,0,0
2023.09.29 08:00:00,149.368,149.390,148.530,149.075,18619,0,0
2023.09.29 12:00:00,149.075,149.279,148.943,149.191,19000,0,0
2023.09.29 16:00:00,149.191,149.450,149.084,149.413,26265,0,0
2023.09.29 20:00:00,149.413,149.489,149.311,149.324,12383,0,0
2023.10.02 00:00:00,149.596,149.726,149.391,149.682,10111,0,0
2023.10.02 04:00:00,149.682,149.824,149.624,149.731,8990,0,0
2023.10.02 08:00:00,149.732,149.791,149.557,149.726,14077,0,0
2023.10.02 12:00:00,149.726,149.818,149.634,149.805,15127,0,0
2023.10.02 16:00:00,149.805,149.879,149.673,149.821,20519,0,0
2023.10.02 20:00:00,149.821,149.874,149.711,149.852,10661,0,0
2023.10.03 00:00:00,149.839,149.883,149.731,149.882,6991,0,0
2023.10.03 04:00:00,149.880,149.895,149.822,149.882,8840,0,0
2023.10.03 08:00:00,149.881,149.936,149.654,149.818,15206,0,0
2023.10.03 12:00:00,149.819,149.978,149.819,149.921,13871,0,0
2023.10.03 16:00:00,149.921,150.159,147.240,149.099,33684,0,0
2023.10.03 20:00:00,149.099,149.102,148.710,149.018,12514,0,0
2023.10.04 00:00:00,148.957,149.240,148.849,149.195,9170,0,0
2023.10.04 04:00:00,149.195,149.318,149.147,149.166,12423,0,0
2023.10.04 08:00:00,149.166,149.272,148.735,148.988,18904,0,0
2023.10.04 12:00:00,148.987,149.211,148.782,148.872,23791,0,0
2023.10.04 16:00:00,148.871,149.135,148.764,148.883,27169,0,0
2023.10.04 20:00:00,148.886,149.134,148.880,149.121,13402,0,0
2023.10.05 00:00:00,149.121,149.121,148.487,148.546,8198,0,0
2023.10.05 04:00:00,148.547,148.605,148.261,148.551,16298,0,0
2023.10.05 08:00:00,148.555,149.096,148.507,149.012,16735,0,0
2023.10.05 12:00:00,149.010,149.118,148.805,148.931,20400,0,0
2023.10.05 16:00:00,148.931,148.971,148.378,148.406,30148,0,0
2023.10.05 20:00:00,148.407,148.518,148.305,148.504,15728,0,0
2023.10.06 00:00:00,148.378,148.659,148.360,148.640,6763,0,0
2023.10.06 04:00:00,148.641,148.769,148.464,148.757,11497,0,0
2023.10.06 08:00:00,148.757,148.990,148.748,148.910,14414,0,0
2023.10.06 12:00:00,148.910,149.537,148.858,149.416,21693,0,0
2023.10.06 16:00:00,149.415,149.462,149.039,149.292,34566,0,0
2023.10.06 20:00:00,149.291,149.361,149.229,149.246,11722,0,0
2023.10.09 00:00:00,149.053,149.243,148.991,149.103,10969,0,0
2023.10.09 04:00:00,149.102,149.206,149.080,149.199,10360,0,0
2023.10.09 08:00:00,149.200,149.226,149.105,149.141,14526,0,0
2023.10.09 12:00:00,149.139,149.184,149.052,149.065,11337,0,0
2023.10.09 16:00:00,149.066,149.071,148.519,148.722,18900,0,0
2023.10.09 20:00:00,148.721,148.746,148.434,148.504,11877,0,0
2023.10.10 00:00:00,148.466,148.667,148.163,148.518,11225,0,0
2023.10.10 04:00:00,148.518,148.760,148.308,148.739,14220,0,0
2023.10.10 08:00:00,148.739,149.069,148.520,148.830,23046,0,0
2023.10.10 12:00:00,148.830,149.098,148.822,148.928,18015,0,0
2023.10.10 16:00:00,148.931,149.083,148.544,148.556,23827,0,0
2023.10.10 20:00:00,148.555,148.777,148.554,148.710,12940,0,0
2023.10.11 00:00:00,148.664,148.706,148.424,148.574,7047,0,0
2023.10.11 04:00:00,148.574,148.895,148.544,148.874,11950,0,0
2023.10.11 08:00:00,148.871,148.972,148.581,148.664,19222,0,0
2023.10.11 12:00:00,148.665,149.074,148.608,148.880,20400,0,0
2023.10.11 16:00:00,148.876,149.187,148.822,149.152,25417,0,0
2023.10.11 20:00:00,149.152,149.326,149.054,149.162,15166,0,0
2023.10.12 00:00:00,149.110,149.163,148.980,149.137,7290,0,0
2023.10.12 04:00:00,149.137,149.275,149.020,149.130,12855,0,0
2023.10.12 08:00:00,149.131,149.199,148.956,149.083,15494,0,0
2023.10.12 12:00:00,149.083,149.486,149.024,149.445,19276,0,0
2023.10.12 16:00:00,149.444,149.798,149.390,149.737,26483,0,0
2023.10.12 20:00:00,149.736,149.829,149.712,149.803,12825,0,0
2023.10.13 00:00:00,149.770,149.828,149.733,149.753,6791,0,0
2023.10.13 04:00:00,149.752,149.826,149.604,149.646,10624,0,0
2023.10.13 08:00:00,149.646,149.761,149.573,149.700,15019,0,0
2023.10.13 12:00:00,149.700,149.777,149.455,149.534,20394,0,0
2023.10.13 16:00:00,149.534,149.742,149.455,149.570,25165,0,0
2023.10.13 20:00:00,149.569,149.600,149.470,149.540,11001,0,0
2023.10.16 00:00:00,149.343,149.632,149.313,149.497,10045,0,0
2023.10.16 04:00:00,149.497,149.525,149.407,149.435,8118,0,0
2023.10.16 08:00:00,149.435,149.614,149.375,149.496,14713,0,0
2023.10.16 12:00:00,149.495,149.587,149.409,149.452,13978,0,0
2023.10.16 16:00:00,149.451,149.763,149.440,149.583,16877,0,0
2023.10.16 20:00:00,149.583,149.614,149.501,149.508,7865,0,0
2023.10.17 00:00:00,149.518,149.632,149.477,149.505,6356,0,0
2023.10.17 04:00:00,149.505,149.575,149.486,149.551,9009,0,0
2023.10.17 08:00:00,149.551,149.692,149.531,149.667,13502,0,0
2023.10.17 12:00:00,149.667,149.796,148.742,149.772,19972,0,0
2023.10.17 16:00:00,149.779,149.796,149.597,149.761,21246,0,0
2023.10.17 20:00:00,149.759,149.851,149.717,149.793,9870,0,0
2023.10.18 00:00:00,149.779,149.826,149.720,149.771,5136,0,0
2023.10.18 04:00:00,149.772,149.794,149.484,149.674,11069,0,0
2023.10.18 08:00:00,149.672,149.782,149.602,149.774,15128,0,0
2023.10.18 12:00:00,149.773,149.786,149.612,149.736,14686,0,0
2023.10.18 16:00:00,149.735,149.886,149.678,149.820,20028,0,0
2023.10.18 20:00:00,149.820,149.938,149.735,149.918,9904,0,0
2023.10.19 00:00:00,149.868,149.888,149.666,149.757,8450,0,0
2023.10.19 04:00:00,149.757,149.842,149.732,149.808,9540,0,0
2023.10.19 08:00:00,149.808,149.855,149.723,149.834,14491,0,0
2023.10.19 12:00:00,149.835,149.884,149.778,149.821,14677,0,0
2023.10.19 16:00:00,149.818,149.965,149.675,149.738,26799,0,0
2023.10.19 20:00:00,149.738,149.865,149.693,149.786,16419,0,0
2023.10.20 00:00:00,149.764,149.862,149.695,149.849,6765,0,0
2023.10.20 04:00:00,149.849,149.943,149.816,149.860,8655,0,0
2023.10.20 08:00:00,149.860,149.994,149.629,149.948,16332,0,0
2023.10.20 12:00:00,149.949,149.990,149.882,149.965,13396,0,0
2023.10.20 16:00:00,149.966,149.980,149.799,149.851,18863,0,0
2023.10.20 20:00:00,149.852,149.889,149.779,149.833,9105,0,0
2023.10.23 00:00:00,149.852,149.896,149.746,149.860,5499,0,0
2023.10.23 04:00:00,149.860,149.943,149.847,149.938,6649,0,0
2023.10.23 08:00:00,149.938,149.961,149.868,149.941,9974,0,0
2023.10.23 12:00:00,149.941,149.992,149.865,149.940,12361,0,0
2023.10.23 16:00:00,149.939,149.953,149.675,149.678,18889,0,0
2023.10.23 20:00:00,149.677,149.730,149.556,149.698,9642,0,0
2023.10.24 00:00:00,149.645,149.789,149.629,149.679,5414,0,0
2023.10.24 04:00:00,149.679,149.700,149.498,149.656,9139,0,0
2023.10.24 08:00:00,149.655,149.754,149.322,149.518,17709,0,0
2023.10.24 12:00:00,149.518,149.845,149.516,149.806,13693,0,0
2023.10.24 16:00:00,149.806,149.929,149.750,149.797,19430,0,0
2023.10.24 20:00:00,149.797,149.919,149.756,149.898,10594,0,0
2023.10.25 00:00:00,149.855,149.924,149.821,149.884,5589,0,0
2023.10.25 04:00:00,149.884,149.890,149.795,149.845,6607,0,0
2023.10.25 08:00:00,149.844,149.924,149.820,149.911,9848,0,0
2023.10.25 12:00:00,149.911,149.945,149.897,149.921,10742,0,0
2023.10.25 16:00:00,149.921,149.980,149.879,149.968,17710,0,0
2023.10.25 20:00:00,149.968,150.318,149.862,150.210,11219,0,0
2023.10.26 00:00:00,150.168,150.227,150.040,150.204,5982,0,0
2023.10.26 04:00:00,150.204,150.480,150.175,150.431,10297,0,0
2023.10.26 08:00:00,150.432,150.777,149.821,150.404,18671,0,0
2023.10.26 12:00:00,150.404,150.524,150.169,150.194,18313,0,0
2023.10.26 16:00:00,150.191,150.504,150.086,150.421,25094,0,0
2023.10.26 20:00:00,150.418,150.439,150.234,150.350,12076,0,0
2023.10.27 00:00:00,150.372,150.414,150.283,150.376,5672,0,0
2023.10.27 04:00:00,150.376,150.394,150.143,150.176,7514,0,0
2023.10.27 08:00:00,150.176,150.280,150.068,150.078,14523,0,0
2023.10.27 12:00:00,150.079,150.144,149.724,149.875,15804,0,0
2023.10.27 16:00:00,149.877,149.902,149.550,149.632,20565,0,0
2023.10.27 20:00:00,149.632,149.737,149.461,149.668,13881,0,0
2023.10.30 00:00:00,149.528,149.816,149.452,149.804,6674,0,0
2023.10.30 04:00:00,149.805,149.809,149.531,149.558,6678,0,0
2023.10.30 08:00:00,149.558,149.664,149.282,149.582,13687,0,0
2023.10.30 12:00:00,149.582,149.856,149.560,149.763,13192,0,0
2023.10.30 16:00:00,149.764,149.800,148.805,149.017,22509,0,0
2023.10.30 20:00:00,149.017,149.114,148.956,149.058,7573,0,0
2023.10.31 00:00:00,149.043,149.450,149.017,149.416,5547,0,0
2023.10.31 04:00:00,149.417,150.182,149.327,150.147,18826,0,0
2023.10.31 08:00:00,150.147,150.441,150.069,150.408,17508,0,0
2023.10.31 12:00:00,150.407,150.950,150.065,150.932,20626,0,0
2023.10.31 16:00:00,150.932,151.707,150.814,151.702,25062,0,0
2023.10.31 20:00:00,151.702,151.716,151.028,151.669,15743,0,0
2023.11.01 00:00:00,151.586,151.673,151.152,151.368,9652,0,0
2023.11.01 04:00:00,151.368,151.434,151.142,151.323,10651,0,0
2023.11.01 08:00:00,151.324,151.397,151.204,151.219,11634,0,0
2023.11.01 12:00:00,151.219,151.296,151.085,151.183,16408,0,0
2023.11.01 16:00:00,151.183,151.379,150.816,151.070,22299,0,0
2023.11.01 20:00:00,151.070,151.240,150.662,150.948,25159,0,0
2023.11.02 00:00:00,150.948,150.948,150.331,150.345,9179,0,0
2023.11.02 04:00:00,150.348,150.466,150.151,150.435,13774,0,0
2023.11.02 08:00:00,150.436,150.583,150.164,150.405,15211,0,0
2023.11.02 12:00:00,150.406,150.433,149.953,149.986,20099,0,0
2023.11.02 16:00:00,149.986,150.546,149.847,150.529,23863,0,0
2023.11.02 20:00:00,150.530,150.541,150.376,150.456,10582,0,0
2023.11.03 00:00:00,150.422,150.521,150.316,150.394,4757,0,0
2023.11.03 04:00:00,150.394,150.468,150.273,150.282,7154,0,0
2023.11.03 08:00:00,150.282,150.417,150.233,150.400,8580,0,0
2023.11.03 12:00:00,150.399,150.427,149.284,149.401,17741,0,0
2023.11.03 16:00:00,149.402,149.760,149.194,149.333,34874,0,0
2023.11.03 20:00:00,149.334,149.479,149.247,149.340,11643,0,0
2023.11.06 00:00:00,149.320,149.651,149.286,149.534,9527,0,0
2023.11.06 04:00:00,149.534,149.675,149.480,149.544,10455,0,0
2023.11.06 08:00:00,149.545,149.736,149.375,149.677,17999,0,0
2023.11.06 12:00:00,149.677,149.837,149.561,149.807,13909,0,0
2023.11.06 16:00:00,149.807,149.862,149.679,149.854,16226,0,0
2023.11.06 20:00:00,149.854,150.081,149.823,150.069,8504,0,0
2023.11.07 00:00:00,150.026,150.156,149.925,150.088,8137,0,0
2023.11.07 04:00:00,150.087,150.317,150.071,150.288,8349,0,0
2023.11.07 08:00:00,150.287,150.495,150.245,150.430,14215,0,0
2023.11.07 12:00:00,150.431,150.644,150.294,150.577,18158,0,0
2023.11.07 16:00:00,150.576,150.694,150.449,150.549,18583,0,0
2023.11.07 20:00:00,150.548,150.563,150.317,150.329,9739,0,0
2023.11.08 00:00:00,150.306,150.617,150.297,150.552,9267,0,0
2023.11.08 04:00:00,150.552,150.644,150.430,150.641,9294,0,0
2023.11.08 08:00:00,150.640,150.780,150.596,150.753,15155,0,0
2023.11.08 12:00:00,150.755,150.986,150.699,150.904,13919,0,0
2023.11.08 16:00:00,150.904,150.951,150.729,150.910,19549,0,0
2023.11.08 20:00:00,150.910,151.059,150.833,150.969,11349,0,0
2023.11.09 00:00:00,150.859,151.000,150.825,150.890,9127,0,0
2023.11.09 04:00:00,150.889,151.039,150.844,151.037,7838,0,0
2023.11.09 08:00:00,151.036,151.093,150.770,151.039,15914,0,0
2023.11.09 12:00:00,151.039,151.186,150.930,150.971,15413,0,0
2023.11.09 16:00:00,150.971,151.096,150.833,151.077,20299,0,0
2023.11.09 20:00:00,151.076,151.387,151.057,151.342,20285,0,0
2023.11.10 00:00:00,151.277,151.376,151.238,151.240,8983,0,0
2023.11.10 04:00:00,151.241,151.408,151.222,151.393,8067,0,0
2023.11.10 08:00:00,151.393,151.457,151.326,151.448,14234,0,0
2023.11.10 12:00:00,151.449,151.490,151.323,151.358,13054,0,0
2023.11.10 16:00:00,151.359,151.588,151.354,151.558,19595,0,0
2023.11.10 20:00:00,151.558,151.605,151.483,151.489,7977,0,0
2023.11.13 00:00:00,151.428,151.662,151.414,151.565,7389,0,0
2023.11.13 04:00:00,151.565,151.796,151.555,151.774,7337,0,0
2023.11.13 08:00:00,151.775,151.856,151.673,151.774,12346,0,0
2023.11.13 12:00:00,151.774,151.840,151.695,151.806,10866,0,0
2023.11.13 16:00:00,151.806,151.908,151.203,151.636,20079,0,0
2023.11.13 20:00:00,151.635,151.728,151.588,151.718,8016,0,0
2023.11.14 00:00:00,151.703,151.783,151.613,151.730,6729,0,0
2023.11.14 04:00:00,151.730,151.758,151.649,151.708,6626,0,0
2023.11.14 08:00:00,151.708,151.734,151.574,151.707,10761,0,0
2023.11.14 12:00:00,151.706,151.791,150.798,151.004,17584,0,0
2023.11.14 16:00:00,151.004,151.005,150.591,150.602,29878,0,0
2023.11.14 20:00:00,150.603,150.612,150.155,150.367,11273,0,0
2023.11.15 00:00:00,150.276,150.792,150.263,150.575,10263,0,0
2023.11.15 04:00:00,150.576,150.697,150.512,150.661,9805,0,0
2023.11.15 08:00:00,150.660,150.756,150.331,150.399,18486,0,0
2023.11.15 12:00:00,150.399,150.886,150.042,150.776,20482,0,0
2023.11.15 16:00:00,150.775,151.244,150.752,151.161,23803,0,0
2023.11.15 20:00:00,151.161,151.421,151.146,151.379,9953,0,0
2023.11.16 00:00:00,151.305,151.330,151.118,151.200,6694,0,0
2023.11.16 04:00:00,151.199,151.354,151.169,151.306,9423,0,0
2023.11.16 08:00:00,151.307,151.431,151.141,151.281,13467,0,0
2023.11.16 12:00:00,151.279,151.316,150.652,150.653,18459,0,0
2023.11.16 16:00:00,150.652,150.920,150.286,150.512,27181,0,0
2023.11.16 20:00:00,150.512,150.773,150.426,150.722,8659,0,0
2023.11.17 00:00:00,150.591,150.777,150.503,150.626,8515,0,0
2023.11.17 04:00:00,150.626,150.663,150.423,150.635,10498,0,0
2023.11.17 08:00:00,150.636,150.696,149.513,149.614,21160,0,0
2023.11.17 12:00:00,149.616,149.733,149.198,149.636,25114,0,0
2023.11.17 16:00:00,149.635,149.876,149.481,149.700,23912,0,0
2023.11.17 20:00:00,149.699,149.749,149.584,149.589,8878,0,0
2023.11.20 00:00:00,149.638,149.988,149.381,149.514,13557,0,0
2023.11.20 04:00:00,149.515,149.567,148.691,149.083,21694,0,0
2023.11.20 08:00:00,149.082,149.211,148.196,148.205,24692,0,0
2023.11.20 12:00:00,148.205,148.555,148.101,148.510,20236,0,0
2023.11.20 16:00:00,148.510,148.689,148.186,148.354,20333,0,0
2023.11.20 20:00:00,148.354,148.452,148.137,148.380,12746,0,0
2023.11.21 00:00:00,148.330,148.417,147.866,148.019,13728,0,0
2023.11.21 04:00:00,148.019,148.094,147.245,147.784,19652,0,0
2023.11.21 08:00:00,147.783,147.833,147.150,147.775,23247,0,0
2023.11.21 12:00:00,147.776,147.799,147.351,147.625,20315,0,0
2023.11.21 16:00:00,147.625,147.991,147.436,147.962,25066,0,0
2023.11.21 20:00:00,147.962,148.598,147.958,148.388,14472,0,0
2023.11.22 00:00:00,148.320,148.369,148.019,148.301,14551,0,0
2023.11.22 04:00:00,148.301,148.807,148.096,148.757,14088,0,0
2023.11.22 08:00:00,148.756,149.353,148.735,149.107,21731,0,0
2023.11.22 12:00:00,149.108,149.241,148.589,149.234,24558,0,0
2023.11.22 16:00:00,149.227,149.750,149.198,149.616,26355,0,0
2023.11.22 20:00:00,149.617,149.701,149.516,149.535,8614,0,0
2023.11.23 00:00:00,149.535,149.540,149.164,149.180,8121,0,0
2023.11.23 04:00:00,149.180,149.254,148.953,148.988,11152,0,0
2023.11.23 08:00:00,148.987,149.343,148.889,149.237,19119,0,0
2023.11.23 12:00:00,149.239,149.574,149.166,149.471,12331,0,0
2023.11.23 16:00:00,149.471,149.689,149.450,149.621,10968,0,0
2023.11.23 20:00:00,149.620,149.620,149.531,149.540,4185,0,0
2023.11.24 00:00:00,149.491,149.711,149.409,149.522,10873,0,0
2023.11.24 04:00:00,149.514,149.596,149.198,149.254,10466,0,0
2023.11.24 08:00:00,149.256,149.663,149.204,149.635,16045,0,0
2023.11.24 12:00:00,149.635,149.672,149.445,149.590,13924,0,0
2023.11.24 16:00:00,149.590,149.629,149.440,149.523,16172,0,0
2023.11.24 20:00:00,149.524,149.536,149.398,149.410,5027,0,0
2023.11.27 00:00:00,149.394,149.675,149.055,149.109,12823,0,0
2023.11.27 04:00:00,149.110,149.288,148.887,149.133,16599,0,0
2023.11.27 08:00:00,149.133,149.327,148.774,149.293,19854,0,0
2023.11.27 12:00:00,149.291,149.328,148.650,148.815,20757,0,0
2023.11.27 16:00:00,148.815,149.081,148.659,148.957,24943,0,0
2023.11.27 20:00:00,148.958,148.976,148.543,148.685,11524,0,0
2023.11.28 00:00:00,148.623,148.665,148.021,148.202,14006,0,0
2023.11.28 04:00:00,148.202,148.383,147.971,148.287,14806,0,0
2023.11.28 08:00:00,148.284,148.830,148.156,148.541,22102,0,0
2023.11.28 12:00:00,148.540,148.699,148.295,148.365,20768,0,0
2023.11.28 16:00:00,148.365,148.501,147.322,147.554,35678,0,0
2023.11.28 20:00:00,147.555,147.715,147.389,147.459,16043,0,0
2023.11.29 00:00:00,147.459,147.484,146.670,146.908,18934,0,0
2023.11.29 04:00:00,146.901,147.324,146.802,147.144,17328,0,0
2023.11.29 08:00:00,147.145,147.654,147.021,147.568,27893,0,0
2023.11.29 12:00:00,147.568,147.822,147.302,147.728,28361,0,0
2023.11.29 16:00:00,147.727,147.907,147.120,147.265,34050,0,0
2023.11.29 20:00:00,147.264,147.367,147.077,147.232,14270,0,0
2023.11.30 00:00:00,147.150,147.189,146.842,147.036,13384,0,0
2023.11.30 04:00:00,147.037,147.181,146.929,147.031,15804,0,0
2023.11.30 08:00:00,147.030,147.464,146.865,147.417,25450,0,0
2023.11.30 12:00:00,147.418,147.898,147.208,147.885,26921,0,0
2023.11.30 16:00:00,147.884,148.515,147.720,148.210,37414,0,0
2023.11.30 20:00:00,148.210,148.303,148.042,148.176,14600,0,0
2023.12.01 00:00:00,148.146,148.191,147.603,147.711,15081,0,0
2023.12.01 04:00:00,147.711,148.183,147.664,148.061,16292,0,0
2023.12.01 08:00:00,148.062,148.315,147.691,147.857,23603,0,0
2023.12.01 12:00:00,147.859,148.347,147.800,148.188,21164,0,0
2023.12.01 16:00:00,148.192,148.253,146.831,146.852,40232,0,0
2023.12.01 20:00:00,146.854,146.927,146.661,146.784,16028,0,0
2023.12.04 00:00:00,146.661,146.790,146.225,146.644,24030,0,0
2023.12.04 04:00:00,146.644,146.887,146.475,146.812,18307,0,0
2023.12.04 08:00:00,146.811,147.114,146.572,146.615,25582,0,0
2023.12.04 12:00:00,146.615,146.768,146.460,146.654,23352,0,0
2023.12.04 16:00:00,146.656,147.259,146.469,147.252,34685,0,0
2023.12.04 20:00:00,147.252,147.452,147.175,147.206,12577,0,0
2023.12.05 00:00:00,147.128,147.382,146.972,147.159,15467,0,0
2023.12.05 04:00:00,147.159,147.276,147.019,147.029,13228,0,0
2023.12.05 08:00:00,147.029,147.149,146.679,147.062,26067,0,0
2023.12.05 12:00:00,147.061,147.198,146.775,146.794,25319,0,0
2023.12.05 16:00:00,146.795,147.337,146.558,147.128,36488,0,0
2023.12.05 20:00:00,147.127,147.392,147.115,147.144,12463,0,0
2023.12.06 00:00:00,147.144,147.301,147.010,147.265,12426,0,0
2023.12.06 04:00:00,147.265,147.398,147.142,147.176,13883,0,0
2023.12.06 08:00:00,147.176,147.371,146.896,147.320,24413,0,0
2023.12.06 12:00:00,147.319,147.501,146.995,147.080,23097,0,0
2023.12.06 16:00:00,147.080,147.373,147.075,147.217,26690,0,0
2023.12.06 20:00:00,147.218,147.413,147.201,147.303,9788,0,0
2023.12.07 00:00:00,147.178,147.298,146.805,146.889,13859,0,0
2023.12.07 04:00:00,146.888,146.986,146.513,146.543,19266,0,0
2023.12.07 08:00:00,146.543,146.671,144.817,144.861,38931,0,0
2023.12.07 12:00:00,144.856,145.304,144.542,144.837,37480,0,0
2023.12.07 16:00:00,144.835,144.956,141.607,143.265,42362,0,0
2023.12.07 20:00:00,143.278,144.179,143.041,144.133,23166,0,0
2023.12.08 00:00:00,144.070,144.322,142.498,143.381,29579,0,0
2023.12.08 04:00:00,143.371,144.177,143.062,143.931,27368,0,0
2023.12.08 08:00:00,143.929,144.410,143.722,144.287,35433,0,0
2023.12.08 12:00:00,144.284,145.222,143.752,144.195,34713,0,0
2023.12.08 16:00:00,144.196,144.977,143.855,144.807,39990,0,0
2023.12.08 20:00:00,144.805,144.999,144.761,144.919,13937,0,0
2023.12.11 00:00:00,144.882,145.575,144.810,145.446,20820,0,0
2023.12.11 04:00:00,145.446,145.669,145.296,145.560,15986,0,0
2023.12.11 08:00:00,145.561,146.459,145.327,146.189,30475,0,0
2023.12.11 12:00:00,146.187,146.503,146.100,146.291,22885,0,0
2023.12.11 16:00:00,146.288,146.589,146.052,146.465,30518,0,0
2023.12.11 20:00:00,146.465,146.481,146.070,146.145,17257,0,0
2023.12.12 00:00:00,146.078,146.179,145.538,145.737,16071,0,0
2023.12.12 04:00:00,145.736,145.833,145.331,145.378,14318,0,0
2023.12.12 08:00:00,145.378,145.628,145.223,145.412,22684,0,0
2023.12.12 12:00:00,145.411,145.732,144.731,145.648,27834,0,0
2023.12.12 16:00:00,145.648,145.854,145.303,145.662,32498,0,0
2023.12.12 20:00:00,145.662,145.678,145.441,145.441,13739,0,0
2023.12.13 00:00:00,145.451,145.604,145.183,145.383,14450,0,0
2023.12.13 04:00:00,145.383,145.703,145.315,145.567,15324,0,0
2023.12.13 08:00:00,145.561,145.996,145.535,145.839,24529,0,0
2023.12.13 12:00:00,145.839,145.883,145.209,145.230,25381,0,0
2023.12.13 16:00:00,145.231,145.446,145.029,145.174,27528,0,0
2023.12.13 20:00:00,145.174,145.277,142.638,142.872,42858,0,0
2023.12.14 00:00:00,142.781,142.907,142.049,142.318,26646,0,0
2023.12.14 04:00:00,142.318,142.413,140.949,141.413,34427,0,0
2023.12.14 08:00:00,141.411,142.177,141.350,141.483,42472,0,0
2023.12.14 12:00:00,141.485,142.283,141.229,141.861,42202,0,0
2023.12.14 16:00:00,141.862,142.153,141.399,141.600,43789,0,0
2023.12.14 20:00:00,141.602,142.015,141.600,141.890,18191,0,0
2023.12.15 00:00:00,141.841,142.467,141.800,142.353,19131,0,0
2023.12.15 04:00:00,142.349,142.386,141.566,141.886,22919,0,0
2023.12.15 08:00:00,141.886,142.134,141.590,141.777,32865,0,0
2023.12.15 12:00:00,141.776,142.451,141.469,142.315,32512,0,0
2023.12.15 16:00:00,142.314,142.327,141.428,142.038,37281,0,0
2023.12.15 20:00:00,142.038,142.307,142.007,142.125,17171,0,0
2023.12.18 00:00:00,142.041,142.457,142.010,142.251,14848,0,0
2023.12.18 04:00:00,142.251,142.378,142.079,142.206,14256,0,0
2023.12.18 08:00:00,142.205,142.545,142.153,142.495,24408,0,0
2023.12.18 12:00:00,142.494,142.896,142.446,142.817,25640,0,0
2023.12.18 16:00:00,142.816,143.159,142.798,142.923,24415,0,0
2023.12.18 20:00:00,142.923,143.016,142.790,142.794,12199,0,0
2023.12.19 00:00:00,142.708,142.839,142.246,142.548,15395,0,0
2023.12.19 04:00:00,142.548,143.788,142.454,143.494,22404,0,0
2023.12.19 08:00:00,143.502,144.693,142.365,144.537,34339,0,0
2023.12.19 12:00:00,144.537,144.956,144.157,144.289,26529,0,0
2023.12.19 16:00:00,144.288,144.434,143.531,143.832,28051,0,0
2023.12.19 20:00:00,143.833,143.968,143.762,143.830,13653,0,0
2023.12.20 00:00:00,143.770,144.099,143.719,143.840,14992,0,0
2023.12.20 04:00:00,143.835,144.007,143.366,143.586,18095,0,0
2023.12.20 08:00:00,143.586,143.769,143.309,143.414,27671,0,0
2023.12.20 12:00:00,143.416,143.637,143.261,143.348,21913,0,0
2023.12.20 16:00:00,143.346,143.939,143.304,143.892,25330,0,0
2023.12.20 20:00:00,143.893,143.918,143.537,143.543,18502,0,0
2023.12.21 00:00:00,143.458,143.570,142.923,143.029,14964,0,0
2023.12.21 04:00:00,143.029,143.121,142.807,142.957,17265,0,0
2023.12.21 08:00:00,142.959,143.399,142.919,143.074,22480,0,0
2023.12.21 12:00:00,143.074,143.136,142.074,142.218,27778,0,0
2023.12.21 16:00:00,142.218,142.601,142.044,142.266,34833,0,0
2023.12.21 20:00:00,142.267,142.439,142.088,142.116,16848,0,0
2023.12.22 00:00:00,142.064,142.407,141.863,142.354,15777,0,0
2023.12.22 04:00:00,142.354,142.556,142.279,142.400,17588,0,0
2023.12.22 08:00:00,142.401,142.436,142.050,142.156,22311,0,0
2023.12.22 12:00:00,142.157,142.466,141.925,142.042,24287,0,0
2023.12.22 16:00:00,142.039,142.663,141.889,142.504,26322,0,0
2023.12.22 20:00:00,142.505,142.583,142.403,142.413,10345,0,0
2023.12.26 00:00:00,142.275,142.355,142.089,142.260,6818,0,0
2023.12.26 04:00:00,142.259,142.342,142.159,142.264,7038,0,0
2023.12.26 08:00:00,142.264,142.524,142.215,142.503,9988,0,0
2023.12.26 12:00:00,142.503,142.524,142.239,142.371,11881,0,0
2023.12.26 16:00:00,142.370,142.636,142.330,142.472,11811,0,0
2023.12.26 20:00:00,142.472,142.522,142.361,142.388,8381,0,0
2023.12.27 00:00:00,142.324,142.848,142.286,142.613,10873,0,0
2023.12.27 04:00:00,142.612,142.730,142.436,142.565,12955,0,0
2023.12.27 08:00:00,142.565,142.836,142.445,142.583,17740,0,0
2023.12.27 12:00:00,142.583,142.658,142.507,142.576,16218,0,0
2023.12.27 16:00:00,142.576,142.607,141.829,142.100,20560,0,0
2023.12.27 20:00:00,142.100,142.170,141.550,141.831,14207,0,0
2023.12.28 00:00:00,141.721,141.730,141.168,141.398,13958,0,0
2023.12.28 04:00:00,141.399,141.469,141.103,141.155,13130,0,0
2023.12.28 08:00:00,141.155,141.245,140.676,140.733,21382,0,0
2023.12.28 12:00:00,140.733,141.138,140.650,141.120,19698,0,0
2023.12.28 16:00:00,141.120,141.421,140.251,141.220,27501,0,0
2023.12.28 20:00:00,141.219,141.584,141.193,141.408,13260,0,0
2023.12.29 00:00:00,141.388,141.667,141.252,141.484,11986,0,0
2023.12.29 04:00:00,141.485,141.532,141.272,141.315,9524,0,0
2023.12.29 08:00:00,141.315,141.910,141.136,141.896,17445,0,0
2023.12.29 12:00:00,141.898,141.917,141.384,141.832,21367,0,0
2023.12.29 16:00:00,141.832,141.832,140.795,140.842,31274,0,0
2023.12.29 20:00:00,140.840,141.089,140.840,140.981,13682,0,0
2024.01.02 00:00:00,140.841,141.458,140.841,141.438,8376,0,0
2024.01.02 04:00:00,141.438,141.673,141.347,141.348,10841,0,0
2024.01.02 08:00:00,141.347,141.670,141.293,141.556,24231,0,0
2024.01.02 12:00:00,141.556,142.215,141.509,142.150,27370,0,0
2024.01.02 16:00:00,142.149,142.172,141.501,141.973,33677,0,0
2024.01.02 20:00:00,141.973,142.017,141.806,141.985,11624,0,0
2024.01.03 00:00:00,141.848,142.181,141.771,142.015,10566,0,0
2024.01.03 04:00:00,142.015,142.134,141.856,142.125,12509,0,0
2024.01.03 08:00:00,142.124,142.714,142.013,142.639,24188,0,0
2024.01.03 12:00:00,142.638,143.085,142.590,143.017,25777,0,0
2024.01.03 16:00:00,143.018,143.730,142.813,143.608,37832,0,0
2024.01.03 20:00:00,143.607,143.733,143.121,143.285,24051,0,0
2024.01.04 00:00:00,143.158,143.450,142.853,143.426,13814,0,0
2024.01.04 04:00:00,143.426,143.891,143.227,143.777,16987,0,0
2024.01.04 08:00:00,143.776,143.895,143.180,143.866,30908,0,0
2024.01.04 12:00:00,143.866,144.551,143.865,144.535,28616,0,0
2024.01.04 16:00:00,144.543,144.851,144.461,144.598,29817,0,0
2024.01.04 20:00:00,144.598,144.712,144.514,144.631,11458,0,0
2024.01.05 00:00:00,144.531,144.903,144.523,144.741,12614,0,0
2024.01.05 04:00:00,144.741,144.955,144.660,144.733,13783,0,0
2024.01.05 08:00:00,144.728,145.371,144.698,145.187,27031,0,0
2024.01.05 12:00:00,145.187,145.981,145.051,145.497,27404,0,0
2024.01.05 16:00:00,145.499,145.543,143.873,144.745,38206,0,0
2024.01.05 20:00:00,144.748,144.894,144.498,144.584,17058,0,0
2024.01.08 00:00:00,144.541,144.922,144.322,144.375,8949,0,0
2024.01.08 04:00:00,144.375,144.567,144.316,144.367,14765,0,0
2024.01.08 08:00:00,144.363,144.613,144.089,144.233,26259,0,0
2024.01.08 12:00:00,144.235,144.684,144.201,144.454,24285,0,0
2024.01.08 16:00:00,144.455,144.470,143.661,143.964,31462,0,0
2024.01.08 20:00:00,143.964,144.273,143.956,144.224,14865,0,0
2024.01.09 00:00:00,144.156,144.281,143.454,143.483,13667,0,0
2024.01.09 04:00:00,143.486,143.886,143.423,143.792,16329,0,0
2024.01.09 08:00:00,143.792,144.317,143.742,143.947,25414,0,0
2024.01.09 12:00:00,143.945,144.191,143.745,143.771,26045,0,0
2024.01.09 16:00:00,143.771,144.484,143.652,144.407,31018,0,0
2024.01.09 20:00:00,144.406,144.626,144.253,144.467,15695,0,0
2024.01.10 00:00:00,144.408,144.825,144.316,144.741,12220,0,0
2024.01.10 04:00:00,144.739,144.936,144.669,144.775,13077,0,0
2024.01.10 08:00:00,144.781,145.151,144.735,144.919,25061,0,0
2024.01.10 12:00:00,144.919,145.331,144.763,145.298,20595,0,0
2024.01.10 16:00:00,145.298,145.829,145.235,145.614,25583,0,0
2024.01.10 20:00:00,145.614,145.834,145.563,145.755,15354,0,0
2024.01.11 00:00:00,145.641,145.809,145.327,145.364,12578,0,0
2024.01.11 04:00:00,145.364,145.591,145.279,145.489,13892,0,0
2024.01.11 08:00:00,145.491,145.578,145.331,145.544,21570,0,0
2024.01.11 12:00:00,145.544,146.268,144.996,146.252,29040,0,0
2024.01.11 16:00:00,146.246,146.416,145.647,145.952,42579,0,0
2024.01.11 20:00:00,145.952,146.019,145.261,145.274,23320,0,0
2024.01.12 00:00:00,145.209,145.405,144.940,145.114,16476,0,0
2024.01.12 04:00:00,145.112,145.259,144.843,145.251,15494,0,0
2024.01.12 08:00:00,145.251,145.287,144.869,145.134,22474,0,0
2024.01.12 12:00:00,145.137,145.567,144.754,144.786,25651,0,0
2024.01.12 16:00:00,144.790,145.008,144.377,144.954,32734,0,0
2024.01.12 20:00:00,144.954,145.021,144.795,144.909,12257,0,0
2024.01.15 00:00:00,144.908,145.232,144.837,145.071,11814,0,0
2024.01.15 04:00:00,145.072,145.290,144.935,145.272,13797,0,0
2024.01.15 08:00:00,145.273,145.764,145.196,145.664,19851,0,0
2024.01.15 12:00:00,145.660,145.912,145.545,145.781,20401,0,0
2024.01.15 16:00:00,145.781,145.941,145.677,145.779,15391,0,0
2024.01.15 20:00:00,145.778,145.808,145.700,145.700,2692,0,0
2024.01.16 00:00:00,145.668,146.116,145.586,145.901,15542,0,0
2024.01.16 04:00:00,145.902,146.272,145.893,146.166,18622,0,0
2024.01.16 08:00:00,146.166,146.633,145.996,146.537,27663,0,0
2024.01.16 12:00:00,146.538,146.790,146.284,146.626,28991,0,0
2024.01.16 16:00:00,146.626,147.269,146.394,147.253,39461,0,0
2024.01.16 20:00:00,147.253,147.314,147.139,147.183,12853,0,0
2024.01.17 00:00:00,147.170,147.482,147.046,147.192,14120,0,0
2024.01.17 04:00:00,147.192,147.671,147.097,147.579,18967,0,0
2024.01.17 08:00:00,147.580,147.967,147.569,147.725,31759,0,0
2024.01.17 12:00:00,147.725,147.984,147.565,147.937,25494,0,0
2024.01.17 16:00:00,147.938,148.524,147.882,148.224,33900,0,0
2024.01.17 20:00:00,148.223,148.393,148.123,148.143,15888,0,0
2024.01.18 00:00:00,148.083,148.250,147.869,148.030,14129,0,0
2024.01.18 04:00:00,148.047,148.160,147.863,147.876,15145,0,0
2024.01.18 08:00:00,147.873,147.962,147.656,147.849,27415,0,0
2024.01.18 12:00:00,147.848,148.302,147.753,148.228,25162,0,0
2024.01.18 16:00:00,148.230,148.264,147.853,148.221,31789,0,0
2024.01.18 20:00:00,148.221,148.280,148.075,148.156,16423,0,0
2024.01.19 00:00:00,148.055,148.394,147.940,148.356,14226,0,0
2024.01.19 04:00:00,148.361,148.675,148.148,148.652,14980,0,0
2024.01.19 08:00:00,148.649,148.805,147.925,147.981,24806,0,0
2024.01.19 12:00:00,147.982,148.214,147.840,148.137,22485,0,0
2024.01.19 16:00:00,148.137,148.533,148.023,148.123,31414,0,0
2024.01.19 20:00:00,148.123,148.310,148.086,148.139,13167,0,0
2024.01.22 00:00:00,148.228,148.268,147.779,147.861,20120,0,0
2024.01.22 04:00:00,147.861,148.124,147.730,148.057,22040,0,0
2024.01.22 08:00:00,148.057,148.305,147.917,148.112,33736,0,0
2024.01.22 12:00:00,148.113,148.147,147.618,147.688,33345,0,0
2024.01.22 16:00:00,147.687,148.038,147.687,147.982,31792,0,0
2024.01.22 20:00:00,147.983,148.146,147.982,148.084,15305,0,0
2024.01.23 00:00:00,147.919,148.224,147.917,148.103,12842,0,0
2024.01.23 04:00:00,148.101,148.545,147.854,147.924,31032,0,0
2024.01.23 08:00:00,147.925,148.175,146.978,147.712,53047,0,0
2024.01.23 12:00:00,147.713,148.158,147.713,148.051,31187,0,0
2024.01.23 16:00:00,148.051,148.697,148.050,148.594,38523,0,0
2024.01.23 20:00:00,148.595,148.621,148.295,148.359,16447,0,0
2024.01.24 00:00:00,148.306,148.387,147.980,148.019,18819,0,0
2024.01.24 04:00:00,148.019,148.255,147.754,147.875,22899,0,0
2024.01.24 08:00:00,147.875,147.958,147.377,147.530,36236,0,0
2024.01.24 12:00:00,147.532,147.628,146.722,146.769,32300,0,0
2024.01.24 16:00:00,146.769,147.433,146.652,147.191,51446,0,0
2024.01.24 20:00:00,147.192,147.639,147.160,147.505,20678,0,0
2024.01.25 00:00:00,147.372,147.857,147.372,147.664,20353,0,0
2024.01.25 04:00:00,147.664,147.861,147.566,147.800,19569,0,0
2024.01.25 08:00:00,147.799,147.882,147.535,147.641,29226,0,0
2024.01.25 12:00:00,147.641,147.951,147.287,147.373,40939,0,0
2024.01.25 16:00:00,147.374,147.901,147.083,147.828,57555,0,0
2024.01.25 20:00:00,147.829,147.878,147.641,147.641,20324,0,0
2024.01.26 00:00:00,147.577,147.851,147.478,147.548,18833,0,0
2024.01.26 04:00:00,147.547,147.825,147.509,147.731,17394,0,0
2024.01.26 08:00:00,147.731,148.092,147.731,147.834,33650,0,0
2024.01.26 12:00:00,147.834,147.916,147.385,147.653,36202,0,0
2024.01.26 16:00:00,147.652,148.166,147.636,147.991,41415,0,0
2024.01.26 20:00:00,147.990,148.209,147.963,148.141,15119,0,0
2024.01.29 00:00:00,148.083,148.336,148.025,148.131,16925,0,0
2024.01.29 04:00:00,148.131,148.253,147.995,148.028,14044,0,0
2024.01.29 08:00:00,148.028,148.071,147.711,147.743,32088,0,0
2024.01.29 12:00:00,147.743,148.096,147.732,147.975,26183,0,0
2024.01.29 16:00:00,147.975,148.052,147.587,147.658,31064,0,0
2024.01.29 20:00:00,147.659,147.715,147.254,147.481,22216,0,0
2024.01.30 00:00:00,147.377,147.532,147.191,147.313,16971,0,0
2024.01.30 04:00:00,147.314,147.486,147.300,147.385,16219,0,0
2024.01.30 08:00:00,147.384,147.553,147.159,147.392,32292,0,0
2024.01.30 12:00:00,147.391,147.580,147.207,147.519,31347,0,0
2024.01.30 16:00:00,147.518,147.930,147.096,147.807,45555,0,0
2024.01.30 20:00:00,147.807,147.871,147.568,147.597,14272,0,0
2024.01.31 00:00:00,147.540,147.608,147.188,147.547,21346,0,0
2024.01.31 04:00:00,147.547,147.819,147.547,147.719,20419,0,0
2024.01.31 08:00:00,147.719,147.899,147.403,147.769,33762,0,0
2024.01.31 12:00:00,147.769,147.885,147.456,147.502,39079,0,0
2024.01.31 16:00:00,147.502,147.565,146.070,146.357,68962,0,0
2024.01.31 20:00:00,146.357,147.453,146.010,146.949,73625,0,0
2024.02.01 00:00:00,146.845,147.082,146.613,146.775,26025,0,0
2024.02.01 04:00:00,146.775,146.888,146.476,146.864,24464,0,0
2024.02.01 08:00:00,146.863,147.053,146.589,146.794,43928,0,0
2024.02.01 12:00:00,146.794,147.117,146.457,146.663,45284,0,0
2024.02.01 16:00:00,146.664,146.886,145.897,146.355,73516,0,0
2024.02.01 20:00:00,146.359,146.484,146.191,146.391,29198,0,0
2024.02.02 00:00:00,146.318,146.515,146.241,146.358,17125,0,0
2024.02.02 04:00:00,146.357,146.518,146.306,146.432,16995,0,0
2024.02.02 08:00:00,146.432,146.803,146.356,146.695,31991,0,0
2024.02.02 12:00:00,146.695,147.991,146.463,147.966,38028,0,0
2024.02.02 16:00:00,147.965,148.586,147.684,148.527,58998,0,0
2024.02.02 20:00:00,148.525,148.567,148.230,148.339,21750,0,0
2024.02.05 00:00:00,148.360,148.824,148.335,148.375,26747,0,0
2024.02.05 04:00:00,148.376,148.555,148.315,148.338,22697,0,0
2024.02.05 08:00:00,148.338,148.607,148.266,148.504,33794,0,0
2024.02.05 12:00:00,148.502,148.679,148.308,148.569,29092,0,0
2024.02.05 16:00:00,148.571,148.894,148.392,148.620,41087,0,0
2024.02.05 20:00:00,148.620,148.767,148.504,148.668,14630,0,0
2024.02.06 00:00:00,148.620,148.742,148.465,148.521,14849,0,0
2024.02.06 04:00:00,148.521,148.673,148.379,148.440,19845,0,0
2024.02.06 08:00:00,148.440,148.706,148.359,148.680,31999,0,0
2024.02.06 12:00:00,148.681,148.788,148.460,148.619,33460,0,0
2024.02.06 16:00:00,148.619,148.626,147.848,147.920,44155,0,0
2024.02.06 20:00:00,147.920,148.039,147.820,147.927,22428,0,0
2024.02.07 00:00:00,147.907,147.947,147.713,147.805,18934,0,0
2024.02.07 04:00:00,147.805,147.998,147.805,147.953,19383,0,0
2024.02.07 08:00:00,147.954,148.094,147.749,147.919,30761,0,0
2024.02.07 12:00:00,147.919,148.259,147.903,148.183,32684,0,0
2024.02.07 16:00:00,148.181,148.227,147.622,148.135,48758,0,0
2024.02.07 20:00:00,148.136,148.196,147.990,148.166,17423,0,0
2024.02.08 00:00:00,148.088,148.366,147.930,148.290,19310,0,0
2024.02.08 04:00:00,148.290,148.663,148.264,148.583,22379,0,0
2024.02.08 08:00:00,148.582,148.853,148.575,148.757,31639,0,0
2024.02.08 12:00:00,148.757,149.465,148.740,149.389,37582,0,0
2024.02.08 16:00:00,149.389,149.479,149.191,149.371,35850,0,0
2024.02.08 20:00:00,149.371,149.411,149.123,149.304,22288,0,0
2024.02.09 00:00:00,149.288,149.414,149.235,149.285,16665,0,0
2024.02.09 04:00:00,149.285,149.491,149.248,149.399,15743,0,0
2024.02.09 08:00:00,149.400,149.576,149.215,149.422,30461,0,0
2024.02.09 12:00:00,149.422,149.536,149.005,149.388,41658,0,0
2024.02.09 16:00:00,149.388,149.448,149.172,149.350,40433,0,0
2024.02.09 20:00:00,149.349,149.373,149.242,149.251,14026,0,0
2024.02.12 00:00:00,149.283,149.284,149.075,149.181,11817,0,0
2024.02.12 04:00:00,149.181,149.252,149.125,149.209,11731,0,0
2024.02.12 08:00:00,149.208,149.231,148.989,149.130,28324,0,0
2024.02.12 12:00:00,149.131,149.213,148.928,149.205,30550,0,0
2024.02.12 16:00:00,149.206,149.479,149.158,149.256,26409,0,0
2024.02.12 20:00:00,149.257,149.439,149.241,149.338,14263,0,0
2024.02.13 00:00:00,149.308,149.427,149.263,149.367,15326,0,0
2024.02.13 04:00:00,149.367,149.583,149.359,149.551,15763,0,0
2024.02.13 08:00:00,149.551,149.695,149.446,149.577,27927,0,0
2024.02.13 12:00:00,149.576,150.487,149.176,150.437,35844,0,0
2024.02.13 16:00:00,150.437,150.808,150.302,150.782,45687,0,0
2024.02.13 20:00:00,150.782,150.885,150.721,150.758,18385,0,0
2024.02.14 00:00:00,150.768,150.780,150.525,150.542,18795,0,0
2024.02.14 04:00:00,150.542,150.646,150.418,150.520,17193,0,0
2024.02.14 08:00:00,150.520,150.643,150.344,150.643,31399,0,0
2024.02.14 12:00:00,150.643,150.737,150.501,150.714,33091,0,0
2024.02.14 16:00:00,150.714,150.754,150.370,150.431,37297,0,0
2024.02.14 20:00:00,150.433,150.628,150.352,150.590,15813,0,0
2024.02.15 00:00:00,150.515,150.567,150.140,150.203,18879,0,0
2024.02.15 04:00:00,150.203,150.294,150.079,150.183,17638,0,0
2024.02.15 08:00:00,150.184,150.220,149.922,150.028,28278,0,0
2024.02.15 12:00:00,150.027,150.099,149.519,149.828,34456,0,0
2024.02.15 16:00:00,149.827,150.251,149.809,150.094,43591,0,0
2024.02.15 20:00:00,150.092,150.093,149.851,149.920,18529,0,0
2024.02.16 00:00:00,149.880,150.240,149.826,150.059,16415,0,0
2024.02.16 04:00:00,150.059,150.366,150.058,150.179,17743,0,0
2024.02.16 08:00:00,150.179,150.302,150.139,150.287,25290,0,0
2024.02.16 12:00:00,150.286,150.646,150.142,150.520,31474,0,0
2024.02.16 16:00:00,150.519,150.637,150.113,150.225,43309,0,0
2024.02.16 20:00:00,150.226,150.286,150.086,150.193,15094,0,0
2024.02.19 00:00:00,150.080,150.216,149.874,149.975,16692,0,0
2024.02.19 04:00:00,149.976,150.041,149.911,150.009,14656,0,0
2024.02.19 08:00:00,150.008,150.035,149.894,149.939,21606,0,0
2024.02.19 12:00:00,149.939,150.031,149.929,149.968,21100,0,0
2024.02.19 16:00:00,149.968,150.192,149.953,150.191,16935,0,0
2024.02.19 20:00:00,150.191,150.191,150.078,150.097,2407,0,0
2024.02.20 00:00:00,150.077,150.347,150.075,150.273,18679,0,0
2024.02.20 04:00:00,150.272,150.440,150.269,150.423,20158,0,0
2024.02.20 08:00:00,150.423,150.442,150.251,150.276,27167,0,0
2024.02.20 12:00:00,150.276,150.298,149.930,149.986,33959,0,0
2024.02.20 16:00:00,149.984,150.040,149.685,149.898,33481,0,0
2024.02.20 20:00:00,149.898,150.073,149.883,149.997,18026,0,0
2024.02.21 00:00:00,149.893,150.091,149.885,149.993,17301,0,0
2024.02.21 04:00:00,149.993,150.042,149.852,149.986,17410,0,0
2024.02.21 08:00:00,149.985,150.188,149.949,150.092,28535,0,0
2024.02.21 12:00:00,150.090,150.103,149.932,150.078,25965,0,0
2024.02.21 16:00:00,150.078,150.388,149.990,150.305,29190,0,0
2024.02.21 20:00:00,150.306,150.392,150.130,150.287,27117,0,0
2024.02.22 00:00:00,150.280,150.465,150.247,150.314,18449,0,0
2024.02.22 04:00:00,150.314,150.451,150.226,150.285,21230,0,0
2024.02.22 08:00:00,150.282,150.297,150.017,150.176,33511,0,0
2024.02.22 12:00:00,150.175,150.598,150.119,150.568,30813,0,0
2024.02.22 16:00:00,150.566,150.689,150.403,150.608,46913,0,0
2024.02.22 20:00:00,150.607,150.652,150.482,150.523,27118,0,0
2024.02.23 00:00:00,150.513,150.560,150.371,150.458,13978,0,0
2024.02.23 04:00:00,150.457,150.607,150.422,150.605,11061,0,0
2024.02.23 08:00:00,150.605,150.764,150.524,150.747,25482,0,0
2024.02.23 12:00:00,150.747,150.770,150.333,150.476,30628,0,0
2024.02.23 16:00:00,150.477,150.557,150.291,150.410,35457,0,0
2024.02.23 20:00:00,150.410,150.548,150.346,150.487,18403,0,0
2024.02.26 00:00:00,150.455,150.563,150.293,150.426,17013,0,0
2024.02.26 04:00:00,150.427,150.520,150.367,150.435,19615,0,0
2024.02.26 08:00:00,150.434,150.671,150.367,150.638,25028,0,0
2024.02.26 12:00:00,150.637,150.699,150.526,150.646,23397,0,0
2024.02.26 16:00:00,150.646,150.840,150.621,150.771,35312,0,0
2024.02.26 20:00:00,150.771,150.819,150.673,150.698,21147,0,0
2024.02.27 00:00:00,150.640,150.705,150.490,150.510,13286,0,0
2024.02.27 04:00:00,150.510,150.529,150.407,150.519,12499,0,0
2024.02.27 08:00:00,150.519,150.538,150.117,150.268,24969,0,0
2024.02.27 12:00:00,150.269,150.378,150.072,150.276,30900,0,0
2024.02.27 16:00:00,150.276,150.550,150.241,150.423,35137,0,0
2024.02.27 20:00:00,150.423,150.584,150.300,150.496,19022,0,0
2024.02.28 00:00:00,150.450,150.538,150.373,150.398,14040,0,0
2024.02.28 04:00:00,150.398,150.641,150.374,150.600,20648,0,0
2024.02.28 08:00:00,150.599,150.798,150.581,150.746,27446,0,0
2024.02.28 12:00:00,150.746,150.748,150.527,150.713,28156,0,0
2024.02.28 16:00:00,150.713,150.846,150.651,150.701,35708,0,0
2024.02.28 20:00:00,150.700,150.743,150.642,150.674,20150,0,0
2024.02.29 00:00:00,150.656,150.662,150.191,150.214,16735,0,0
2024.02.29 04:00:00,150.214,150.228,149.697,149.904,29637,0,0
2024.02.29 08:00:00,149.908,149.935,149.612,149.807,40663,0,0
2024.02.29 12:00:00,149.807,150.153,149.732,149.783,40726,0,0
2024.02.29 16:00:00,149.782,150.047,149.208,149.994,47171,0,0
2024.02.29 20:00:00,149.993,150.017,149.839,149.967,20661,0,0
2024.03.01 00:00:00,149.925,150.371,149.915,150.355,21011,0,0
2024.03.01 04:00:00,150.353,150.480,150.301,150.447,22335,0,0
2024.03.01 08:00:00,150.447,150.688,150.330,150.627,28385,0,0
2024.03.01 12:00:00,150.627,150.659,150.306,150.644,35812,0,0
2024.03.01 16:00:00,150.645,150.722,150.076,150.151,51819,0,0
2024.03.01 20:00:00,150.152,150.244,150.055,150.101,23492,0,0
2024.03.04 00:00:00,149.962,150.210,149.839,150.129,14503,0,0
2024.03.04 04:00:00,150.129,150.322,150.100,150.303,12856,0,0
2024.03.04 08:00:00,150.302,150.401,150.174,150.247,25980,0,0
2024.03.04 12:00:00,150.247,150.569,150.245,150.460,23472,0,0
2024.03.04 16:00:00,150.460,150.552,150.312,150.525,25213,0,0
2024.03.04 20:00:00,150.523,150.564,150.485,150.520,10028,0,0
2024.03.05 00:00:00,150.485,150.545,150.352,150.466,19337,0,0
2024.03.05 04:00:00,150.465,150.546,150.441,150.497,18154,0,0
2024.03.05 08:00:00,150.497,150.546,150.344,150.414,24619,0,0
2024.03.05 12:00:00,150.414,150.441,150.061,150.087,22035,0,0
2024.03.05 16:00:00,150.087,150.228,149.705,150.092,41853,0,0
2024.03.05 20:00:00,150.093,150.113,149.839,150.039,19402,0,0
2024.03.06 00:00:00,150.008,150.087,149.814,150.031,14313,0,0
2024.03.06 04:00:00,150.031,150.032,149.809,149.914,12414,0,0
2024.03.06 08:00:00,149.914,149.936,149.325,149.646,29219,0,0
2024.03.06 12:00:00,149.646,149.814,149.333,149.365,35825,0,0
2024.03.06 16:00:00,149.366,149.644,149.092,149.325,41266,0,0
2024.03.06 20:00:00,149.325,149.473,149.200,149.392,20793,0,0
2024.03.07 00:00:00,149.310,149.365,148.558,148.619,29324,0,0
2024.03.07 04:00:00,148.620,148.795,148.401,148.638,32592,0,0
2024.03.07 08:00:00,148.638,148.680,147.810,147.987,36005,0,0
2024.03.07 12:00:00,147.986,147.996,147.581,147.768,34520,0,0
2024.03.07 16:00:00,147.768,148.300,147.730,148.106,51149,0,0
2024.03.07 20:00:00,148.109,148.133,147.994,148.045,18279,0,0
2024.03.08 00:00:00,147.998,148.119,147.521,147.976,20950,0,0
2024.03.08 04:00:00,147.976,148.090,147.773,147.804,26478,0,0
2024.03.08 08:00:00,147.804,148.048,146.873,147.135,33892,0,0
2024.03.08 12:00:00,147.135,147.498,146.479,146.960,38258,0,0
2024.03.08 16:00:00,146.962,147.259,146.690,147.028,49605,0,0
2024.03.08 20:00:00,147.028,147.161,146.986,147.054,24988,0,0
2024.03.11 00:00:00,147.026,147.127,146.672,146.763,13668,0,0
2024.03.11 04:00:00,146.763,147.088,146.536,146.904,19082,0,0
2024.03.11 08:00:00,146.904,147.082,146.633,146.719,24843,0,0
2024.03.11 12:00:00,146.719,146.899,146.484,146.826,26791,0,0
2024.03.11 16:00:00,146.827,147.148,146.760,146.871,29096,0,0
2024.03.11 20:00:00,146.871,147.057,146.744,146.943,17760,0,0
2024.03.12 00:00:00,146.843,146.970,146.621,146.870,15505,0,0
2024.03.12 04:00:00,146.871,147.440,146.855,147.384,28499,0,0
2024.03.12 08:00:00,147.384,147.597,147.213,147.328,31574,0,0
2024.03.12 12:00:00,147.327,148.164,147.067,147.650,30892,0,0
2024.03.12 16:00:00,147.650,147.985,147.641,147.704,33017,0,0
2024.03.12 20:00:00,147.702,147.797,147.638,147.652,16841,0,0
2024.03.13 00:00:00,147.640,147.653,147.367,147.373,12989,0,0
2024.03.13 04:00:00,147.373,147.587,147.233,147.574,20963,0,0
2024.03.13 08:00:00,147.574,147.889,147.500,147.874,28481,0,0
2024.03.13 12:00:00,147.874,148.048,147.706,147.944,27058,0,0
2024.03.13 16:00:00,147.944,147.971,147.674,147.710,28034,0,0
2024.03.13 20:00:00,147.709,147.858,147.460,147.742,19513,0,0
2024.03.14 00:00:00,147.726,147.726,147.542,147.595,12932,0,0
2024.03.14 04:00:00,147.595,147.974,147.530,147.914,20118,0,0
2024.03.14 08:00:00,147.913,147.973,147.768,147.863,24547,0,0
2024.03.14 12:00:00,147.865,147.991,147.566,147.847,27689,0,0
2024.03.14 16:00:00,147.847,148.322,147.431,148.189,51334,0,0
2024.03.14 20:00:00,148.189,148.358,148.131,148.290,17731,0,0
2024.03.15 00:00:00,148.301,148.536,148.221,148.446,12720,0,0
2024.03.15 04:00:00,148.446,148.659,148.251,148.311,17308,0,0
2024.03.15 08:00:00,148.311,148.833,148.033,148.713,30887,0,0
2024.03.15 12:00:00,148.713,148.870,148.584,148.801,25064,0,0
2024.03.15 16:00:00,148.801,149.166,148.732,149.096,29082,0,0
2024.03.15 20:00:00,149.096,149.120,148.987,149.024,12853,0,0
2024.03.18 00:00:00,148.954,149.288,148.920,149.278,13749,0,0
2024.03.18 04:00:00,149.280,149.334,148.910,149.114,17896,0,0
2024.03.18 08:00:00,149.114,149.309,149.053,149.125,21210,0,0
2024.03.18 12:00:00,149.126,149.245,149.010,149.178,23300,0,0
2024.03.18 16:00:00,149.178,149.302,149.093,149.140,25110,0,0
2024.03.18 20:00:00,149.140,149.194,148.921,149.148,14916,0,0
2024.03.19 00:00:00,149.090,149.223,149.030,149.209,10106,0,0
2024.03.19 04:00:00,149.209,150.075,148.990,149.966,30141,0,0
2024.03.19 08:00:00,149.966,150.512,149.940,150.338,37638,0,0
2024.03.19 12:00:00,150.338,150.702,150.306,150.491,28493,0,0
2024.03.19 16:00:00,150.490,150.948,150.403,150.940,25667,0,0
2024.03.19 20:00:00,150.941,150.964,150.843,150.856,10085,0,0
2024.03.20 00:00:00,150.809,151.341,150.766,151.156,14886,0,0
2024.03.20 04:00:00,151.156,151.541,151.134,151.486,17739,0,0
2024.03.20 08:00:00,151.486,151.584,151.335,151.451,22877,0,0
2024.03.20 12:00:00,151.451,151.786,151.449,151.761,23365,0,0
2024.03.20 16:00:00,151.761,151.819,151.532,151.614,22481,0,0
2024.03.20 20:00:00,151.614,151.710,150.718,151.252,49883,0,0
2024.03.21 00:00:00,151.260,151.260,150.545,150.619,23605,0,0
2024.03.21 04:00:00,150.619,150.793,150.264,150.769,27388,0,0
2024.03.21 08:00:00,150.769,151.459,150.750,151.170,33756,0,0
2024.03.21 12:00:00,151.171,151.319,150.873,151.165,36213,0,0
2024.03.21 16:00:00,151.165,151.756,151.161,151.695,38279,0,0
2024.03.21 20:00:00,151.695,151.740,151.605,151.617,12445,0,0
2024.03.22 00:00:00,151.609,151.700,151.445,151.531,15396,0,0
2024.03.22 04:00:00,151.532,151.863,151.422,151.586,30023,0,0
2024.03.22 08:00:00,151.587,151.595,151.258,151.479,29214,0,0
2024.03.22 12:00:00,151.479,151.651,151.003,151.215,27368,0,0
2024.03.22 16:00:00,151.214,151.435,151.059,151.389,32275,0,0
2024.03.22 20:00:00,151.389,151.483,151.344,151.424,12260,0,0
2024.03.25 00:00:00,151.310,151.438,151.083,151.305,12935,0,0
2024.03.25 04:00:00,151.305,151.378,151.053,151.368,24965,0,0
2024.03.25 08:00:00,151.368,151.401,151.170,151.357,19435,0,0
2024.03.25 12:00:00,151.357,151.441,151.140,151.231,19482,0,0
2024.03.25 16:00:00,151.231,151.545,151.125,151.486,17147,0,0
2024.03.25 20:00:00,151.486,151.535,151.407,151.410,8940,0,0
2024.03.26 00:00:00,151.403,151.445,151.261,151.283,10079,0,0
2024.03.26 04:00:00,151.283,151.432,151.216,151.360,16706,0,0
2024.03.26 08:00:00,151.360,151.401,151.251,151.258,20095,0,0
2024.03.26 12:00:00,151.258,151.474,151.205,151.454,20734,0,0
2024.03.26 16:00:00,151.454,151.602,151.302,151.520,21482,0,0
2024.03.26 20:00:00,151.520,151.587,151.442,151.550,13150,0,0
2024.03.27 00:00:00,151.511,151.576,151.446,151.518,8518,0,0
2024.03.27 04:00:00,151.518,151.971,151.498,151.690,19963,0,0
2024.03.27 08:00:00,151.689,151.839,151.614,151.783,21346,0,0
2024.03.27 12:00:00,151.783,151.804,151.026,151.252,38537,0,0
2024.03.27 16:00:00,151.252,151.426,151.167,151.321,22802,0,0
2024.03.27 20:00:00,151.319,151.415,151.279,151.320,9418,0,0
2024.03.28 00:00:00,151.282,151.437,151.240,151.416,13974,0,0
2024.03.28 04:00:00,151.416,151.545,151.259,151.355,17008,0,0
2024.03.28 08:00:00,151.355,151.452,151.252,151.426,17532,0,0
2024.03.28 12:00:00,151.427,151.505,151.185,151.216,21900,0,0
2024.03.28 16:00:00,151.216,151.374,151.149,151.336,29517,0,0
2024.03.28 20:00:00,151.336,151.426,151.310,151.367,9289,0,0
2024.03.29 00:00:00,151.356,151.502,151.179,151.317,6623,0,0
2024.03.29 04:00:00,151.317,151.442,151.248,151.285,30648,0,0
2024.03.29 08:00:00,151.285,151.467,151.281,151.345,12727,0,0
2024.03.29 12:00:00,151.345,151.364,151.181,151.221,9066,0,0
2024.03.29 16:00:00,151.221,151.283,151.172,151.270,9660,1,0
2024.03.29 20:00:00,151.270,151.390,151.230,151.305,4355,0,0
2024.04.01 00:00:00,151.261,151.432,151.224,151.375,12847,0,0
2024.04.01 04:00:00,151.376,151.402,151.250,151.371,15342,0,0
2024.04.01 08:00:00,151.371,151.411,151.302,151.341,14550,0,0
2024.04.01 12:00:00,151.340,151.482,151.327,151.455,14355,0,0
2024.04.01 16:00:00,151.455,151.774,151.442,151.701,20988,0,0
2024.04.01 20:00:00,151.700,151.705,151.572,151.640,9944,0,0
2024.04.02 00:00:00,151.628,151.700,151.503,151.685,13014,0,0
2024.04.02 04:00:00,151.685,151.786,151.630,151.764,22154,0,0
2024.04.02 08:00:00,151.765,151.802,151.554,151.641,17307,0,0
2024.04.02 12:00:00,151.641,151.718,151.601,151.689,19827,0,0
2024.04.02 16:00:00,151.690,151.698,151.461,151.595,28651,0,0
2024.04.02 20:00:00,151.596,151.617,151.534,151.551,9661,0,0
2024.04.03 00:00:00,151.529,151.581,151.442,151.556,8352,0,0
2024.04.03 04:00:00,151.556,151.640,151.533,151.593,12987,0,0
2024.04.03 08:00:00,151.595,151.736,151.535,151.732,13805,0,0
2024.04.03 12:00:00,151.732,151.912,151.683,151.851,18381,0,0
2024.04.03 16:00:00,151.851,151.954,151.575,151.645,28156,0,0
2024.04.03 20:00:00,151.645,151.707,151.632,151.683,9568,0,0
2024.04.04 00:00:00,151.629,151.680,151.540,151.568,10852,0,0
2024.04.04 04:00:00,151.568,151.725,151.557,151.695,11927,0,0
2024.04.04 08:00:00,151.695,151.755,151.596,151.711,16479,0,0
2024.04.04 12:00:00,151.711,151.768,151.610,151.624,13138,0,0
2024.04.04 16:00:00,151.624,151.705,151.503,151.644,20564,0,0
2024.04.04 20:00:00,151.644,151.687,151.120,151.333,25413,0,0
2024.04.05 00:00:00,151.296,151.339,150.809,150.910,17114,0,0
2024.04.05 04:00:00,150.911,151.293,150.811,151.219,19884,0,0
2024.04.05 08:00:00,151.219,151.452,151.091,151.411,20326,0,0
2024.04.05 12:00:00,151.411,151.750,151.235,151.657,22533,0,0
2024.04.05 16:00:00,151.659,151.751,151.439,151.580,28129,0,0
2024.04.05 20:00:00,151.580,151.649,151.539,151.615,9287,0,0
2024.04.08 00:00:00,151.575,151.782,151.543,151.707,11698,0,0
2024.04.08 04:00:00,151.708,151.813,151.675,151.793,20082,0,0
2024.04.08 08:00:00,151.794,151.912,151.752,151.907,15832,0,0
2024.04.08 12:00:00,151.907,151.942,151.828,151.878,12909,0,0
2024.04.08 16:00:00,151.879,151.880,151.718,151.834,18722,0,0
2024.04.08 20:00:00,151.834,151.862,151.719,151.832,10486,0,0
2024.04.09 00:00:00,151.768,151.922,151.758,151.909,8495,0,0
2024.04.09 04:00:00,151.909,151.917,151.812,151.891,12808,0,0
2024.04.09 08:00:00,151.891,151.937,151.862,151.887,14054,0,0
2024.04.09 12:00:00,151.887,151.898,151.726,151.772,21089,0,0
2024.04.09 16:00:00,151.772,151.791,151.568,151.666,22214,0,0
2024.04.09 20:00:00,151.667,151.789,151.656,151.779,11798,0,0
2024.04.10 00:00:00,151.697,151.789,151.681,151.724,7479,0,0
2024.04.10 04:00:00,151.724,151.789,151.699,151.784,14399,0,0
2024.04.10 08:00:00,151.784,151.886,151.774,151.852,11124,0,0
2024.04.10 12:00:00,151.852,152.522,151.739,152.385,24051,0,0
2024.04.10 16:00:00,152.385,152.968,152.369,152.945,29702,0,0
2024.04.10 20:00:00,152.936,153.243,152.640,153.139,23869,0,0
2024.04.11 00:00:00,153.086,153.140,152.800,152.835,15083,0,0
2024.04.11 04:00:00,152.834,152.970,152.758,152.895,17193,0,0
2024.04.11 08:00:00,152.895,153.292,152.884,153.242,22695,0,0
2024.04.11 12:00:00,153.242,153.280,152.797,152.846,33213,0,0
2024.04.11 16:00:00,152.847,153.318,152.834,153.233,32129,0,0
2024.04.11 20:00:00,153.233,153.284,153.088,153.262,13717,0,0
2024.04.12 00:00:00,153.216,153.295,152.965,152.969,11929,0,0
2024.04.12 04:00:00,152.971,153.271,152.969,153.237,15720,0,0
2024.04.12 08:00:00,153.237,153.384,153.131,153.309,21262,0,0
2024.04.12 12:00:00,153.309,153.352,152.793,152.856,25288,0,0
2024.04.12 16:00:00,152.856,153.158,152.591,153.105,35452,0,0
2024.04.12 20:00:00,153.105,153.325,153.049,153.241,18121,0,0
2024.04.15 00:00:00,153.012,153.462,152.938,153.460,12434,0,0
2024.04.15 04:00:00,153.464,153.850,153.451,153.786,15839,0,0
2024.04.15 08:00:00,153.787,153.971,153.696,153.867,28738,0,0
2024.04.15 12:00:00,153.866,154.418,153.759,154.191,29979,0,0
2024.04.15 16:00:00,154.192,154.447,153.852,154.299,39966,0,0
2024.04.15 20:00:00,154.300,154.302,154.113,154.267,19682,0,0
2024.04.16 00:00:00,154.267,154.365,154.130,154.289,12537,1,0
2024.04.16 04:00:00,154.289,154.422,154.234,154.271,19373,1,0
2024.04.16 08:00:00,154.272,154.607,154.259,154.508,27901,0,0
2024.04.16 12:00:00,154.505,154.705,154.472,154.644,24080,0,0
2024.04.16 16:00:00,154.644,154.769,153.892,154.580,37891,0,0
2024.04.16 20:00:00,154.580,154.788,154.575,154.694,21181,0,0
2024.04.17 00:00:00,154.694,154.733,154.610,154.691,10924,1,0
2024.04.17 04:00:00,154.691,154.715,154.598,154.650,11238,1,0
2024.04.17 08:00:00,154.649,154.679,154.454,154.563,25005,0,0
2024.04.17 12:00:00,154.563,154.700,154.504,154.627,19895,0,0
2024.04.17 16:00:00,154.628,154.709,154.245,154.276,31542,0,0
2024.04.17 20:00:00,154.275,154.447,154.158,154.378,20915,0,0
2024.04.18 00:00:00,154.378,154.410,154.177,154.282,9725,1,0
2024.04.18 04:00:00,154.282,154.319,153.949,154.295,21472,1,0
2024.04.18 08:00:00,154.291,154.299,154.280,154.282,420,1,0
2024.04.22 00:00:00,154.554,154.737,154.422,154.673,13261,1,0
2024.04.22 04:00:00,154.673,154.731,154.585,154.718,14844,1,0
2024.04.22 08:00:00,154.719,154.764,154.594,154.721,20850,0,0
2024.04.22 12:00:00,154.724,154.782,154.683,154.750,18125,0,0
2024.04.22 16:00:00,154.749,154.852,154.705,154.797,16997,0,0
2024.04.22 20:00:00,154.797,154.846,154.764,154.841,10135,0,0
2024.04.23 00:00:00,154.841,154.842,154.703,154.784,8899,1,0
2024.04.23 04:00:00,154.784,154.794,154.657,154.741,15850,1,0
2024.04.23 08:00:00,154.740,154.865,154.716,154.843,19861,0,0
2024.04.23 12:00:00,154.843,154.853,154.762,154.811,17591,0,0
2024.04.23 16:00:00,154.813,154.874,154.554,154.824,29981,0,0
2024.04.23 20:00:00,154.824,154.837,154.552,154.826,13614,0,0
2024.04.24 00:00:00,154.827,154.827,154.730,154.795,7038,1,0
2024.04.24 04:00:00,154.796,154.875,154.770,154.841,11727,1,0
2024.04.24 08:00:00,154.840,154.971,154.764,154.901,13979,0,0
2024.04.24 12:00:00,154.900,155.171,154.760,154.948,21828,0,0
2024.04.24 16:00:00,154.947,155.136,154.841,155.114,26959,0,0
2024.04.24 20:00:00,155.116,155.375,155.086,155.341,13249,0,0
2024.04.25 00:00:00,155.318,155.415,155.196,155.374,8437,1,0
2024.04.25 04:00:00,155.374,155.625,155.351,155.591,14643,1,0
2024.04.25 08:00:00,155.592,155.741,155.562,155.675,20473,0,0
2024.04.25 12:00:00,155.674,155.748,155.308,155.677,25425,0,0
2024.04.25 16:00:00,155.676,155.687,155.347,155.511,36053,0,0
2024.04.25 20:00:00,155.511,155.654,155.474,155.647,17571,0,0
2024.04.26 00:00:00,155.647,155.650,155.527,155.636,9199,1,0
2024.04.26 04:00:00,155.636,156.216,155.402,156.197,17426,1,0
2024.04.26 08:00:00,156.198,156.824,154.963,156.555,37479,0,0
2024.04.26 12:00:00,156.556,156.952,156.274,156.832,25559,0,0
2024.04.26 16:00:00,156.833,157.794,156.772,157.650,37028,0,0
2024.04.26 20:00:00,157.649,158.441,157.579,158.342,15333,0,0
2024.04.29 00:00:00,157.825,158.431,157.796,158.191,15014,1,0
2024.04.29 04:00:00,158.192,160.197,155.209,156.303,56993,1,0
2024.04.29 08:00:00,156.307,157.237,154.510,155.870,73413,0,0
2024.04.29 12:00:00,155.871,156.507,155.450,156.416,32105,0,0
2024.04.29 16:00:00,156.417,156.892,155.096,155.857,31282,0,0
2024.04.29 20:00:00,155.847,156.363,155.582,156.333,23195,0,0
2024.04.30 00:00:00,156.333,156.834,156.056,156.813,15575,1,0
2024.04.30 04:00:00,156.812,156.999,156.552,156.757,17038,1,0
2024.04.30 08:00:00,156.757,156.978,156.479,156.934,22835,0,0
2024.04.30 12:00:00,156.935,157.495,156.819,157.454,22552,0,0
2024.04.30 16:00:00,157.453,157.575,157.242,157.464,27180,0,0
2024.04.30 20:00:00,157.463,157.845,157.444,157.796,9064,0,0
2024.05.01 00:00:00,157.798,157.856,157.596,157.743,12514,1,0
2024.05.01 04:00:00,157.743,157.932,157.731,157.856,9887,1,0
2024.05.01 08:00:00,157.856,157.989,157.823,157.952,10594,0,0
2024.05.01 12:00:00,157.952,157.968,157.763,157.781,10813,0,0
2024.05.01 16:00:00,157.781,157.816,157.382,157.618,20198,0,0
2024.05.01 20:00:00,157.617,157.756,153.010,154.597,60902,0,0
2024.05.02 00:00:00,154.580,156.083,154.185,156.016,29563,1,0
2024.05.02 04:00:00,156.015,156.285,155.701,155.829,23248,1,0
2024.05.02 08:00:00,155.829,155.890,155.100,155.146,34681,0,0
2024.05.02 12:00:00,155.145,155.351,154.401,154.519,29047,0,0
2024.05.02 16:00:00,154.520,154.785,153.478,153.767,45675,0,0
2024.05.02 20:00:00,153.768,153.815,153.056,153.629,20730,0,0
2024.05.03 00:00:00,153.667,153.771,152.876,153.146,18844,1,0
2024.05.03 04:00:00,153.146,153.231,152.748,152.915,17445,1,0
2024.05.03 08:00:00,152.916,153.336,152.846,153.198,24867,0,0
2024.05.03 12:00:00,153.194,153.305,151.857,152.200,31251,0,0
2024.05.03 16:00:00,152.200,153.073,152.156,152.875,46600,0,0
2024.05.03 20:00:00,152.874,152.982,152.830,152.969,9630,0,0
2024.05.06 00:00:00,152.883,153.753,152.766,153.414,11837,1,0
2024.05.06 04:00:00,153.413,154.006,153.339,153.931,16415,1,0
2024.05.06 08:00:00,153.931,153.978,153.659,153.730,17473,0,0
2024.05.06 12:00:00,153.730,153.844,153.411,153.518,15339,0,0
2024.05.06 16:00:00,153.519,154.002,153.497,153.904,19133,0,0
2024.05.06 20:00:00,153.903,153.964,153.816,153.877,10128,0,0
2024.05.07 00:00:00,153.877,154.289,153.854,153.938,12077,1,0
2024.05.07 04:00:00,153.940,154.650,153.873,154.475,17454,1,0
2024.05.07 08:00:00,154.475,154.576,153.975,154.400,19597,0,0
2024.05.07 12:00:00,154.402,154.630,154.380,154.409,15778,0,0
2024.05.07 16:00:00,154.410,154.595,154.237,154.502,17355,0,0
2024.05.07 20:00:00,154.502,154.748,154.456,154.687,10508,0,0
2024.05.08 00:00:00,154.687,154.927,154.539,154.895,9940,1,0
2024.05.08 04:00:00,154.894,155.264,154.882,155.174,15347,1,0
2024.05.08 08:00:00,155.172,155.456,155.112,155.429,17019,0,0
2024.05.08 12:00:00,155.430,155.681,155.279,155.610,16568,0,0
2024.05.08 16:00:00,155.610,155.653,155.356,155.547,17811,0,0
2024.05.08 20:00:00,155.547,155.659,155.490,155.492,7882,0,0
2024.05.09 00:00:00,155.488,155.698,155.153,155.626,12317,1,0
2024.05.09 04:00:00,155.626,155.668,155.433,155.573,11856,1,0
2024.05.09 08:00:00,155.568,155.876,155.540,155.847,13963,0,0
2024.05.09 12:00:00,155.848,155.953,155.516,155.704,17560,0,0
2024.05.09 16:00:00,155.703,155.798,155.431,155.630,19855,0,0
2024.05.09 20:00:00,155.631,155.644,155.401,155.450,8766,0,0
2024.05.10 00:00:00,155.480,155.605,155.265,155.532,8729,1,0
2024.05.10 04:00:00,155.533,155.777,155.460,155.673,10922,1,0
2024.05.10 08:00:00,155.672,155.780,155.498,155.717,16029,0,0
2024.05.10 12:00:00,155.718,155.873,155.663,155.825,13771,0,0
2024.05.10 16:00:00,155.826,155.902,155.602,155.827,20126,0,0
2024.05.10 20:00:00,155.827,155.885,155.736,155.761,6478,0,0
2024.05.13 00:00:00,155.665,155.958,155.664,155.928,6536,1,0
2024.05.13 04:00:00,155.928,155.953,155.503,155.804,14100,1,0
2024.05.13 08:00:00,155.805,155.927,155.765,155.875,16341,0,0
2024.05.13 12:00:00,155.875,155.899,155.716,155.757,12425,0,0
2024.05.13 16:00:00,155.757,156.225,155.685,156.219,19073,0,0
2024.05.13 20:00:00,156.219,156.251,156.169,156.194,8389,0,0
2024.05.14 00:00:00,156.182,156.396,156.129,156.294,9023,1,0
2024.05.14 04:00:00,156.295,156.500,156.293,156.410,9100,1,0
2024.05.14 08:00:00,156.411,156.543,156.395,156.456,11967,0,0
2024.05.14 12:00:00,156.457,156.778,156.287,156.582,15669,0,0
2024.05.14 16:00:00,156.581,156.656,156.230,156.484,23673,0,0
2024.05.14 20:00:00,156.484,156.518,156.383,156.412,7291,0,0
2024.05.15 00:00:00,156.412,156.560,156.383,156.388,6677,1,0
2024.05.15 04:00:00,156.387,156.479,156.306,156.358,9017,1,0
2024.05.15 08:00:00,156.357,156.391,155.572,155.649,20200,0,0
2024.05.15 12:00:00,155.648,155.882,154.744,155.121,30786,0,0
2024.05.15 16:00:00,155.121,155.806,154.740,154.981,41658,0,0
2024.05.15 20:00:00,154.981,155.025,154.692,154.868,14991,0,0
2024.05.16 00:00:00,154.858,154.859,153.595,153.663,21145,1,0
2024.05.16 04:00:00,153.662,154.311,153.628,153.935,28117,1,0
2024.05.16 08:00:00,153.934,154.813,153.848,154.713,27800,0,0
2024.05.16 12:00:00,154.713,155.337,154.606,155.309,24307,0,0
2024.05.16 16:00:00,155.310,155.537,155.160,155.264,26531,0,0
2024.05.16 20:00:00,155.265,155.431,155.212,155.383,10319,0,0
2024.05.17 00:00:00,155.378,155.588,155.320,155.446,10360,1,0
2024.05.17 04:00:00,155.446,155.927,155.418,155.808,16246,1,0
2024.05.17 08:00:00,155.808,155.978,155.596,155.867,15589,0,0
2024.05.17 12:00:00,155.868,155.920,155.709,155.789,12766,0,0
2024.05.17 16:00:00,155.788,155.798,155.248,155.625,22269,0,0
2024.05.17 20:00:00,155.624,155.719,155.584,155.607,9663,0,0
2024.05.20 00:00:00,155.601,155.879,155.520,155.873,8287,1,0
2024.05.20 04:00:00,155.874,155.939,155.667,155.768,11558,1,0
2024.05.20 08:00:00,155.767,155.800,155.495,155.684,16171,0,0
2024.05.20 12:00:00,155.684,156.234,155.635,156.153,15705,0,0
2024.05.20 16:00:00,156.152,156.186,155.996,156.106,17944,0,0
2024.05.20 20:00:00,156.107,156.304,156.048,156.233,7779,0,0
2024.05.21 00:00:00,156.231,156.468,156.147,156.426,7146,1,0
2024.05.21 04:00:00,156.427,156.547,156.394,156.449,12041,1,0
2024.05.21 08:00:00,156.449,156.471,156.031,156.258,19741,0,0
2024.05.21 12:00:00,156.259,156.395,156.084,156.243,15584,0,0
2024.05.21 16:00:00,156.244,156.436,155.843,156.121,27941,0,0
2024.05.21 20:00:00,156.121,156.254,156.105,156.144,9594,0,0
2024.05.22 00:00:00,156.144,156.289,156.103,156.271,7926,1,0
2024.05.22 04:00:00,156.272,156.391,156.206,156.352,11236,1,0
2024.05.22 08:00:00,156.352,156.509,156.283,156.478,14213,0,0
2024.05.22 12:00:00,156.479,156.613,156.392,156.546,16108,0,0
2024.05.22 16:00:00,156.545,156.559,156.347,156.490,22571,0,0
2024.05.22 20:00:00,156.490,156.845,156.447,156.776,12851,0,0
2024.05.23 00:00:00,156.735,156.831,156.657,156.810,8056,1,0
2024.05.23 04:00:00,156.809,156.905,156.643,156.721,11580,1,0
2024.05.23 08:00:00,156.721,156.794,156.561,156.758,17684,0,0
2024.05.23 12:00:00,156.758,156.784,156.528,156.761,17157,0,0
2024.05.23 16:00:00,156.757,157.195,156.517,157.053,35489,0,0
2024.05.23 20:00:00,157.054,157.066,156.827,156.898,13603,0,0
2024.05.24 00:00:00,156.893,157.136,156.891,157.047,10635,1,0
2024.05.24 04:00:00,157.048,157.145,156.993,157.079,10657,1,0
2024.05.24 08:00:00,157.080,157.116,156.996,157.030,11938,0,0
2024.05.24 12:00:00,157.031,157.130,156.934,157.071,13794,0,0
2024.05.24 16:00:00,157.071,157.129,156.822,156.918,19143,0,0
2024.05.24 20:00:00,156.918,156.997,156.881,156.997,7453,0,0
2024.05.27 00:00:00,156.915,156.998,156.752,156.841,7269,1,0
2024.05.27 04:00:00,156.842,156.849,156.662,156.773,10548,1,0
2024.05.27 08:00:00,156.777,156.960,156.725,156.947,9689,0,0
2024.05.27 12:00:00,156.948,156.951,156.819,156.822,8252,0,0
2024.05.27 16:00:00,156.822,156.914,156.707,156.899,7894,0,0
2024.05.27 20:00:00,156.900,156.932,156.844,156.879,4337,0,0
2024.05.28 00:00:00,156.879,156.950,156.779,156.909,7213,1,0
2024.05.28 04:00:00,156.910,156.928,156.619,156.684,11224,1,0
2024.05.28 08:00:00,156.684,156.956,156.655,156.871,13982,0,0
2024.05.28 12:00:00,156.871,156.995,156.657,156.688,14782,0,0
2024.05.28 16:00:00,156.690,156.999,156.580,156.968,19250,0,0
2024.05.28 20:00:00,156.969,157.200,156.965,157.165,11001,0,0
2024.05.29 00:00:00,157.124,157.407,157.081,157.368,7394,1,0
2024.05.29 04:00:00,157.367,157.387,157.205,157.253,10280,1,0
2024.05.29 08:00:00,157.254,157.271,156.896,157.107,18332,0,0
2024.05.29 12:00:00,157.106,157.294,157.094,157.196,15787,0,0
2024.05.29 16:00:00,157.195,157.708,157.164,157.683,21793,0,0
2024.05.29 20:00:00,157.683,157.709,157.617,157.621,9720,0,0
2024.05.30 00:00:00,157.621,157.672,157.302,157.359,9734,1,0
2024.05.30 04:00:00,157.358,157.454,157.123,157.196,14734,1,0
2024.05.30 08:00:00,157.196,157.228,156.532,156.943,29158,0,0
2024.05.30 12:00:00,156.940,157.091,156.569,156.635,22696,0,0
2024.05.30 16:00:00,156.635,156.847,156.370,156.690,26434,0,0
2024.05.30 20:00:00,156.691,156.878,156.666,156.777,9770,0,0
2024.05.31 00:00:00,156.755,157.024,156.603,156.761,10816,1,0
2024.05.31 04:00:00,156.762,156.924,156.571,156.703,19775,1,0
2024.05.31 08:00:00,156.704,157.331,156.691,157.299,22282,0,0
2024.05.31 12:00:00,157.300,157.364,156.748,156.839,22928,0,0
2024.05.31 16:00:00,156.838,157.278,156.559,157.184,34586,0,0
2024.05.31 20:00:00,157.184,157.350,157.171,157.229,12734,0,0
2024.06.03 00:00:00,157.153,157.336,157.046,157.089,10614,1,0
2024.06.03 04:00:00,157.089,157.473,156.993,157.412,14009,1,0
2024.06.03 08:00:00,157.412,157.461,157.005,157.075,16975,0,0
2024.06.03 12:00:00,157.075,157.147,156.636,156.798,21043,0,0
2024.06.03 16:00:00,156.797,156.838,155.949,156.076,36443,0,0
2024.06.03 20:00:00,156.079,156.288,156.025,156.028,13625,0,0
2024.06.04 00:00:00,156.027,156.412,155.979,156.392,11520,1,0
2024.06.04 04:00:00,156.393,156.486,156.251,156.301,13221,1,0
2024.06.04 08:00:00,156.302,156.302,155.212,155.326,33828,0,0
2024.06.04 12:00:00,155.327,155.376,154.702,155.105,40992,0,0
2024.06.04 16:00:00,155.102,155.251,154.533,154.774,43445,0,0
2024.06.04 20:00:00,154.775,154.909,154.548,154.848,14093,0,0
2024.06.05 00:00:00,154.833,155.438,154.773,155.283,13136,1,0
2024.06.05 04:00:00,155.282,155.614,155.216,155.582,17045,1,0
2024.06.05 08:00:00,155.582,156.300,155.537,156.250,24592,0,0
2024.06.05 12:00:00,156.249,156.303,155.925,156.067,22037,0,0
2024.06.05 16:00:00,156.067,156.482,155.718,156.117,40169,0,0
2024.06.05 20:00:00,156.116,156.160,156.068,156.079,8711,0,0
2024.06.06 00:00:00,156.068,156.111,155.593,155.620,11463,1,0
2024.06.06 04:00:00,155.621,155.945,155.349,155.710,20262,1,0
2024.06.06 08:00:00,155.711,156.379,155.711,156.162,22866,0,0
2024.06.06 12:00:00,156.162,156.343,155.881,156.284,22784,0,0
2024.06.06 16:00:00,156.283,156.447,155.772,155.792,31067,0,0
2024.06.06 20:00:00,155.792,155.868,155.473,155.594,13362,0,0
2024.06.07 00:00:00,155.539,155.850,155.521,155.774,8797,0,0
2024.06.07 04:00:00,155.772,155.936,155.495,155.567,14894,0,0
2024.06.07 08:00:00,155.566,155.700,155.118,155.352,26110,0,0
2024.06.07 12:00:00,155.351,156.881,155.330,156.818,28862,0,0
2024.06.07 16:00:00,156.816,157.074,156.424,156.655,40849,0,0
2024.06.07 20:00:00,156.656,156.764,156.564,156.763,12111,0,0
2024.06.10 00:00:00,156.696,156.966,156.591,156.796,12712,0,0
2024.06.10 04:00:00,156.796,157.193,156.772,157.114,15054,0,0
2024.06.10 08:00:00,157.112,157.184,156.877,156.960,21397,0,0
2024.06.10 12:00:00,156.960,157.007,156.743,156.997,19497,0,0
2024.06.10 16:00:00,156.995,157.000,156.815,156.982,14553,0,0
2024.06.10 20:00:00,156.982,157.097,156.952,157.003,8425,0,0
2024.06.11 00:00:00,156.988,157.264,156.927,157.225,9010,0,0
2024.06.11 04:00:00,157.228,157.334,157.129,157.279,10085,0,0
2024.06.11 08:00:00,157.279,157.394,157.147,157.175,12758,0,0
2024.06.11 12:00:00,157.175,157.290,156.805,156.905,21509,0,0
2024.06.11 16:00:00,156.904,157.402,156.900,157.367,18738,0,0
2024.06.11 20:00:00,157.367,157.371,156.934,157.106,11941,0,0
2024.06.12 00:00:00,157.106,157.219,157.050,157.191,7371,0,0
2024.06.12 04:00:00,157.190,157.255,157.044,157.251,10284,0,0
2024.06.12 08:00:00,157.251,157.357,157.189,157.302,12431,0,0
2024.06.12 12:00:00,157.300,157.371,156.064,156.121,20761,0,0
2024.06.12 16:00:00,156.119,156.175,155.719,155.815,39270,0,0
2024.06.12 20:00:00,155.816,156.900,155.757,156.708,39022,0,0
2024.06.13 00:00:00,156.672,156.904,156.546,156.816,11257,0,0
2024.06.13 04:00:00,156.817,157.055,156.693,157.046,14183,0,0
2024.06.13 08:00:00,157.046,157.311,157.046,157.251,16882,0,0
2024.06.13 12:00:00,157.250,157.286,156.580,157.004,22267,0,0
2024.06.13 16:00:00,157.003,157.269,156.690,156.838,32654,0,0
2024.06.13 20:00:00,156.838,157.101,156.721,156.978,13881,0,0
2024.06.14 00:00:00,156.982,157.238,156.951,157.203,8978,0,0
2024.06.14 04:00:00,157.199,157.979,156.789,157.958,24224,0,0
2024.06.14 08:00:00,157.957,158.258,157.269,157.488,42257,0,0
2024.06.14 12:00:00,157.486,157.530,156.882,157.238,47496,0,0
2024.06.14 16:00:00,157.238,157.496,157.112,157.312,23935,0,0
2024.06.14 20:00:00,157.313,157.439,157.222,157.367,9660,0,0
2024.06.17 00:00:00,157.340,157.663,157.263,157.440,12973,0,0
2024.06.17 04:00:00,157.440,157.529,157.330,157.391,10635,0,0
2024.06.17 08:00:00,157.392,157.689,157.156,157.653,22981,0,0
2024.06.17 12:00:00,157.653,157.941,157.544,157.894,17507,0,0
2024.06.17 16:00:00,157.895,157.960,157.728,157.767,17248,0,0
2024.06.17 20:00:00,157.767,157.793,157.680,157.720,6698,0,0
2024.06.18 00:00:00,157.709,157.737,157.603,157.676,7169,0,0
2024.06.18 04:00:00,157.675,157.736,157.516,157.725,11900,0,0
2024.06.18 08:00:00,157.725,158.230,157.667,158.151,18425,0,0
2024.06.18 12:00:00,158.152,158.156,157.625,157.850,20800,0,0
2024.06.18 16:00:00,157.851,158.006,157.662,157.705,23880,0,0
2024.06.18 20:00:00,157.703,157.897,157.643,157.851,9514,0,0
2024.06.19 00:00:00,157.835,157.926,157.797,157.885,5326,0,0
2024.06.19 04:00:00,157.886,157.891,157.725,157.851,9233,0,0
2024.06.19 08:00:00,157.851,157.864,157.604,157.795,13274,0,0
2024.06.19 12:00:00,157.795,157.952,157.794,157.887,8242,0,0
2024.06.19 16:00:00,157.886,157.949,157.867,157.934,5559,0,0
2024.06.19 20:00:00,157.936,158.135,157.921,158.078,3960,0,0
2024.06.20 00:00:00,158.070,158.093,157.805,158.049,5609,0,0
2024.06.20 04:00:00,158.050,158.158,157.976,158.152,8278,0,0
2024.06.20 08:00:00,158.152,158.467,158.051,158.441,17381,0,0
2024.06.20 12:00:00,158.440,158.576,158.242,158.548,15991,0,0
2024.06.20 16:00:00,158.548,158.911,158.497,158.855,16866,0,0
2024.06.20 20:00:00,158.855,158.946,158.696,158.916,8714,0,0
2024.06.21 00:00:00,158.891,159.126,158.819,159.092,8014,0,0
2024.06.21 04:00:00,159.091,159.102,158.827,158.885,10292,0,0
2024.06.21 08:00:00,158.885,159.002,158.667,158.830,18036,0,0
2024.06.21 12:00:00,158.831,159.018,158.781,158.938,12762,0,0
2024.06.21 16:00:00,158.937,159.628,158.914,159.478,24480,0,0
2024.06.21 20:00:00,159.478,159.833,159.451,159.792,9390,0,0
2024.06.24 00:00:00,159.740,159.926,159.589,159.777,10556,0,0
2024.06.24 04:00:00,159.778,159.832,159.620,159.773,12767,0,0
2024.06.24 08:00:00,159.773,159.818,159.647,159.798,13776,0,0
2024.06.24 12:00:00,159.798,159.808,158.733,159.383,26768,0,0
2024.06.24 16:00:00,159.382,159.756,159.323,159.728,19779,0,0
2024.06.24 20:00:00,159.729,159.732,159.538,159.579,9390,0,0
2024.06.25 00:00:00,159.563,159.704,159.332,159.414,10887,0,0
2024.06.25 04:00:00,159.414,159.507,159.184,159.436,15368,0,0
2024.06.25 08:00:00,159.437,159.550,159.274,159.477,16056,0,0
2024.06.25 12:00:00,159.476,159.671,159.291,159.666,14788,0,0
2024.06.25 16:00:00,159.666,159.757,159.565,159.746,18730,0,0
2024.06.25 20:00:00,159.747,159.748,159.603,159.644,8911,0,0
2024.06.26 00:00:00,159.644,159.762,159.609,159.719,7000,0,0
2024.06.26 04:00:00,159.720,159.902,159.695,159.752,10457,0,0
2024.06.26 08:00:00,159.752,159.971,159.750,159.957,11304,0,0
2024.06.26 12:00:00,159.957,160.394,159.860,160.354,25547,0,0
2024.06.26 16:00:00,160.352,160.822,160.014,160.638,29930,0,0
2024.06.26 20:00:00,160.638,160.871,160.591,160.792,10669,0,0
2024.06.27 00:00:00,160.792,160.797,160.493,160.691,9699,0,0
2024.06.27 04:00:00,160.692,160.716,160.303,160.337,13620,0,0
2024.06.27 08:00:00,160.336,160.607,160.310,160.554,15335,0,0
2024.06.27 12:00:00,160.554,160.570,160.279,160.399,17512,0,0
2024.06.27 16:00:00,160.398,160.737,160.360,160.712,20684,0,0
2024.06.27 20:00:00,160.712,160.824,160.666,160.742,9330,0,0
2024.06.28 00:00:00,160.742,161.147,160.631,161.121,9212,0,0
2024.06.28 04:00:00,161.120,161.281,160.839,161.037,23580,0,0
2024.06.28 08:00:00,161.037,161.060,160.838,160.913,19699,0,0
2024.06.28 12:00:00,160.913,160.921,160.358,160.511,23869,0,0
2024.06.28 16:00:00,160.512,160.967,160.263,160.849,34657,0,0
2024.06.28 20:00:00,160.851,160.941,160.705,160.835,11620,0,0
2024.07.01 00:00:00,160.733,161.186,160.719,160.996,13232,0,0
2024.07.01 04:00:00,160.995,161.083,160.839,161.073,15025,0,0
2024.07.01 08:00:00,161.073,161.121,160.868,161.010,17882,0,0
2024.07.01 12:00:00,161.011,161.392,160.970,161.354,12428,0,0
2024.07.01 16:00:00,161.355,161.729,160.947,161.520,27204,0,0
2024.07.01 20:00:00,161.520,161.568,161.406,161.439,11100,0,0
2024.07.02 00:00:00,161.439,161.639,161.401,161.524,6757,0,0
2024.07.02 04:00:00,161.524,161.746,161.455,161.677,11971,0,0
2024.07.02 08:00:00,161.677,161.728,161.558,161.592,14971,0,0
2024.07.02 12:00:00,161.591,161.689,161.480,161.515,10964,0,0
2024.07.02 16:00:00,161.516,161.619,161.267,161.576,22298,0,0
2024.07.02 20:00:00,161.576,161.587,161.410,161.410,6485,0,0
2024.07.03 00:00:00,161.410,161.582,161.386,161.562,7122,0,0
2024.07.03 04:00:00,161.563,161.741,161.521,161.716,7862,0,0
2024.07.03 08:00:00,161.715,161.941,161.673,161.846,15997,0,0
2024.07.03 12:00:00,161.846,161.951,161.792,161.823,12857,0,0
2024.07.03 16:00:00,161.824,161.831,160.768,161.535,40435,0,0
2024.07.03 20:00:00,161.536,161.749,161.466,161.649,10489,0,0
2024.07.04 00:00:00,161.649,161.673,161.375,161.441,8192,0,0
2024.07.04 04:00:00,161.442,161.576,161.135,161.500,12090,0,0
2024.07.04 08:00:00,161.499,161.552,161.192,161.244,13213,0,0
2024.07.04 12:00:00,161.244,161.311,160.946,161.136,12395,0,0
2024.07.04 16:00:00,161.137,161.194,160.961,161.130,8889,0,0
2024.07.04 20:00:00,161.131,161.316,161.107,161.233,8877,8,0
2024.07.05 00:00:00,161.233,161.396,160.816,161.074,12713,0,0
2024.07.05 04:00:00,161.073,161.146,160.526,160.642,19936,0,0
2024.07.05 08:00:00,160.642,160.854,160.568,160.737,14721,0,0
2024.07.05 12:00:00,160.739,161.156,160.330,160.943,24625,0,0
2024.07.05 16:00:00,160.942,161.332,160.627,160.885,40700,0,0
2024.07.05 20:00:00,160.885,160.913,160.708,160.748,10766,0,0
2024.07.08 00:00:00,160.732,160.814,160.561,160.612,11316,0,0
2024.07.08 04:00:00,160.613,160.717,160.259,160.539,19486,0,0
2024.07.08 08:00:00,160.538,161.117,160.529,161.092,20557,0,0
2024.07.08 12:00:00,161.092,161.103,160.665,160.692,14885,0,0
2024.07.08 16:00:00,160.692,160.817,160.476,160.731,21682,0,0
2024.07.08 20:00:00,160.730,160.839,160.689,160.807,9698,0,0
2024.07.09 00:00:00,160.807,160.920,160.731,160.892,6771,0,0
2024.07.09 04:00:00,160.892,161.133,160.854,160.963,13059,0,0
2024.07.09 08:00:00,160.963,161.078,160.739,161.052,13770,0,0
2024.07.09 12:00:00,161.053,161.178,160.959,161.129,12815,0,0
2024.07.09 16:00:00,161.128,161.520,160.887,161.321,30737,0,0
2024.07.09 20:00:00,161.315,161.342,161.230,161.284,8701,0,0
2024.07.10 00:00:00,161.284,161.510,161.257,161.463,6675,0,0
2024.07.10 04:00:00,161.463,161.591,161.403,161.443,9854,0,0
2024.07.10 08:00:00,161.443,161.562,161.339,161.510,13054,0,0
2024.07.10 12:00:00,161.511,161.615,161.431,161.448,12214,0,0
2024.07.10 16:00:00,161.449,161.755,161.426,161.689,16353,0,0
2024.07.10 20:00:00,161.689,161.808,161.645,161.674,8497,0,0
2024.07.11 00:00:00,161.674,161.674,161.474,161.565,6120,0,0
2024.07.11 04:00:00,161.565,161.695,161.535,161.686,9203,0,0
2024.07.11 08:00:00,161.686,161.759,161.500,161.529,11007,0,0
2024.07.11 12:00:00,161.529,161.622,158.367,158.644,30908,0,0
2024.07.11 16:00:00,158.645,158.971,157.426,158.566,62156,0,0
2024.07.11 20:00:00,158.566,158.917,158.552,158.809,19141,0,0
2024.07.12 00:00:00,158.809,159.449,157.740,159.078,40265,0,0
2024.07.12 04:00:00,159.078,159.388,158.742,159.111,28102,0,0
2024.07.12 08:00:00,159.110,159.319,158.865,159.102,27887,0,0
2024.07.12 12:00:00,159.101,159.256,158.508,158.808,31736,0,0
2024.07.12 16:00:00,158.807,158.846,157.359,157.877,49828,0,0
2024.07.12 20:00:00,157.877,158.016,157.790,157.878,12502,0,0
2024.07.15 00:00:00,158.081,158.423,157.974,158.113,14340,0,0
2024.07.15 04:00:00,158.113,158.238,157.910,157.993,16194,0,0
2024.07.15 08:00:00,157.994,158.237,157.782,157.818,21370,0,0
2024.07.15 12:00:00,157.817,158.173,157.749,157.964,18206,0,0
2024.07.15 16:00:00,157.963,158.069,157.158,157.713,27288,0,0
2024.07.15 20:00:00,157.712,158.155,157.711,158.056,15459,0,0
2024.07.16 00:00:00,158.056,158.396,157.970,158.365,8755,0,0
2024.07.16 04:00:00,158.364,158.728,158.354,158.643,15215,0,0
2024.07.16 08:00:00,158.642,158.790,158.358,158.470,20504,0,0
2024.07.16 12:00:00,158.470,158.855,158.250,158.756,20320,0,0
2024.07.16 16:00:00,158.757,158.806,158.515,158.543,23446,0,0
2024.07.16 20:00:00,158.543,158.557,158.309,158.329,11172,0,0
2024.07.17 00:00:00,158.327,158.538,158.275,158.486,10581,0,0
2024.07.17 04:00:00,158.485,158.625,158.217,158.217,13208,0,0
2024.07.17 08:00:00,158.218,158.236,156.098,156.241,47580,0,0
2024.07.17 12:00:00,156.241,156.797,156.107,156.565,45637,0,0
2024.07.17 16:00:00,156.564,156.638,156.150,156.304,46580,0,0
2024.07.17 20:00:00,156.304,156.489,156.057,156.171,21018,0,0
2024.07.18 00:00:00,156.171,156.272,155.365,155.738,36448,0,0
2024.07.18 04:00:00,155.739,156.573,155.722,156.344,28848,0,0
2024.07.18 08:00:00,156.344,156.587,155.795,156.464,43732,0,0
2024.07.18 12:00:00,156.463,156.579,156.181,156.436,31094,0,0
2024.07.18 16:00:00,156.436,157.159,156.319,157.146,42709,0,0
2024.07.18 20:00:00,157.146,157.402,157.091,157.367,15836,0,0
2024.07.19 00:00:00,157.352,157.420,157.062,157.211,18716,0,0
2024.07.19 04:00:00,157.212,157.532,157.201,157.479,20896,0,0
2024.07.19 08:00:00,157.478,157.863,156.955,157.261,43963,0,0
2024.07.19 12:00:00,157.262,157.696,157.148,157.672,24583,0,0
2024.07.19 16:00:00,157.672,157.701,157.263,157.414,33014,0,0
2024.07.19 20:00:00,157.414,157.529,157.353,157.457,9913,0,0
2024.07.22 00:00:00,157.395,157.503,157.155,157.424,15589,0,0
2024.07.22 04:00:00,157.423,157.612,157.350,157.445,17712,0,0
2024.07.22 08:00:00,157.444,157.444,156.282,156.795,49517,0,0
2024.07.22 12:00:00,156.795,157.090,156.559,156.794,32806,0,0
2024.07.22 16:00:00,156.793,157.148,156.694,157.074,30575,0,0
2024.07.22 20:00:00,157.074,157.172,156.981,156.982,10052,0,0
2024.07.23 00:00:00,156.982,157.099,156.646,156.658,15550,0,0
2024.07.23 04:00:00,156.658,156.852,156.197,156.309,33753,0,0
2024.07.23 08:00:00,156.306,156.636,155.824,156.012,43462,0,0
2024.07.23 12:00:00,156.012,156.268,155.820,156.030,30176,0,0
2024.07.23 16:00:00,156.031,156.208,155.694,155.784,30075,0,0
2024.07.23 20:00:00,155.785,155.807,155.533,155.548,16274,0,0
2024.07.24 00:00:00,155.548,155.992,155.522,155.825,13411,0,0
2024.07.24 04:00:00,155.826,155.876,154.543,154.608,48514,0,0
2024.07.24 08:00:00,154.608,154.948,154.358,154.860,47192,0,0
2024.07.24 12:00:00,154.860,154.934,153.759,153.812,38854,0,0
2024.07.24 16:00:00,153.812,153.999,153.108,153.473,59790,0,0
2024.07.24 20:00:00,153.472,154.099,153.448,153.854,19985,0,0
2024.07.25 00:00:00,153.850,153.969,152.829,153.246,32805,0,0
2024.07.25 04:00:00,153.246,153.347,152.229,152.621,42450,0,0
2024.07.25 08:00:00,152.620,152.972,151.937,152.705,58652,0,0
2024.07.25 12:00:00,152.705,153.740,152.089,153.522,49218,0,0
2024.07.25 16:00:00,153.521,154.319,153.230,154.027,67866,0,0
2024.07.25 20:00:00,154.027,154.054,153.746,153.932,30611,0,0
2024.07.26 00:00:00,153.932,154.142,153.376,153.920,29173,0,0
2024.07.26 04:00:00,153.924,154.094,153.430,153.681,31686,0,0
2024.07.26 08:00:00,153.680,154.436,153.503,154.303,43268,0,0
2024.07.26 12:00:00,154.302,154.737,154.025,154.218,43423,0,0
2024.07.26 16:00:00,154.217,154.222,153.089,153.785,57214,0,0
2024.07.26 20:00:00,153.785,153.877,153.674,153.733,15914,0,0
2024.07.29 00:00:00,153.655,154.352,153.524,153.661,29798,0,0
2024.07.29 04:00:00,153.654,153.837,153.012,153.416,46223,0,0
2024.07.29 08:00:00,153.415,153.920,153.139,153.690,46885,0,0
2024.07.29 12:00:00,153.688,154.034,153.587,153.887,36736,0,0
2024.07.29 16:00:00,153.887,154.211,153.726,153.942,44244,0,0
2024.07.29 20:00:00,153.941,154.056,153.890,154.011,15101,0,0
2024.07.30 00:00:00,154.012,154.066,153.615,153.959,17948,0,0
2024.07.30 04:00:00,153.960,154.447,153.849,154.440,30154,0,0
2024.07.30 08:00:00,154.441,155.219,154.420,154.665,45262,0,0
2024.07.30 12:00:00,154.666,155.022,154.664,154.941,25878,0,0
2024.07.30 16:00:00,154.942,154.942,153.135,153.235,72492,0,0
2024.07.30 20:00:00,153.235,153.445,152.646,152.717,35060,0,0
2024.07.31 00:00:00,152.739,153.140,152.104,152.376,38383,0,0
2024.07.31 04:00:00,152.376,153.902,151.574,152.554,55093,0,0
2024.07.31 08:00:00,152.553,153.171,150.047,150.925,83176,0,0
2024.07.31 12:00:00,150.924,150.946,149.773,150.331,64964,0,0
2024.07.31 16:00:00,150.333,150.677,149.630,150.560,70421,0,0
2024.07.31 20:00:00,150.558,151.263,149.605,149.966,69104,0,0
2024.08.01 00:00:00,149.966,150.316,149.347,149.439,28863,0,0
2024.08.01 04:00:00,149.435,149.791,148.510,149.685,56016,4,0
2024.08.01 08:00:00,149.686,150.336,149.428,149.698,72665,0,0
2024.08.01 12:00:00,149.699,150.865,149.607,150.861,56238,0,0
2024.08.01 16:00:00,150.861,150.892,149.680,149.895,74813,0,0
2024.08.01 20:00:00,149.895,149.942,149.284,149.343,39165,0,0
2024.08.02 00:00:00,149.343,149.444,148.873,149.383,40245,0,0
2024.08.02 04:00:00,149.382,149.778,149.232,149.261,47727,0,0
2024.08.02 08:00:00,149.260,149.375,148.623,149.071,63310,0,0
2024.08.02 12:00:00,149.071,149.121,147.013,147.438,56628,0,0
2024.08.02 16:00:00,147.447,148.166,146.416,146.849,120069,0,0
2024.08.02 20:00:00,146.850,146.958,146.436,146.486,41019,0,0
2024.08.05 00:00:00,146.523,146.594,145.176,145.523,56423,0,0
2024.08.05 04:00:00,145.520,145.597,142.149,143.181,81576,0,0
2024.08.05 08:00:00,143.176,143.992,141.676,142.401,95876,0,0
2024.08.05 12:00:00,142.404,142.968,141.745,142.249,74520,0,0
2024.08.05 16:00:00,142.254,144.895,142.102,144.185,99022,0,0
2024.08.05 20:00:00,144.185,144.612,143.394,144.171,50865,0,0
2024.08.06 00:00:00,144.171,146.375,143.624,145.117,49024,0,0
2024.08.06 04:00:00,145.034,145.919,144.306,145.520,48179,0,0
2024.08.06 08:00:00,145.520,146.291,144.472,144.922,89056,0,0
2024.08.06 12:00:00,144.924,145.461,144.357,144.601,84163,0,0
2024.08.06 16:00:00,144.598,145.423,144.047,145.371,91139,0,0
2024.08.06 20:00:00,145.371,145.388,144.162,144.273,45077,0,0
2024.08.07 00:00:00,144.275,145.259,144.254,144.730,38286,0,0
2024.08.07 04:00:00,144.730,147.904,144.564,147.622,62311,0,0
2024.08.07 08:00:00,147.618,147.814,146.084,147.200,78315,0,0
2024.08.07 12:00:00,147.201,147.638,146.866,146.997,57974,0,0
2024.08.07 16:00:00,146.997,147.687,146.652,147.180,66607,0,0
2024.08.07 20:00:00,147.181,147.400,146.654,146.661,54049,0,0
2024.08.08 00:00:00,146.661,146.786,145.432,146.005,51417,0,0
2024.08.08 04:00:00,146.006,146.875,145.906,146.140,65592,0,0
2024.08.08 08:00:00,146.140,146.402,145.628,146.197,80194,0,0
2024.08.08 12:00:00,146.196,147.297,145.940,147.064,71655,0,0
2024.08.08 16:00:00,147.065,147.545,146.919,147.246,67287,0,0
2024.08.08 20:00:00,147.246,147.434,147.094,147.200,32965,0,0
2024.08.09 00:00:00,147.200,147.816,147.149,147.482,39694,0,0
2024.08.09 04:00:00,147.486,147.620,146.817,146.886,45894,0,0
2024.08.09 08:00:00,146.884,147.323,146.716,147.206,62956,0,0
2024.08.09 12:00:00,147.208,147.287,146.504,146.779,53232,0,0
2024.08.09 16:00:00,146.777,146.794,146.265,146.612,60523,0,0
2024.08.09 20:00:00,146.614,146.764,146.556,146.592,28896,0,0
2024.08.12 00:00:00,146.648,147.128,146.627,146.859,24138,0,0
2024.08.12 04:00:00,146.858,147.227,146.701,147.126,29048,0,0
2024.08.12 08:00:00,147.125,147.446,147.087,147.362,40960,0,0
2024.08.12 12:00:00,147.362,147.738,147.207,147.718,29682,0,0
2024.08.12 16:00:00,147.718,148.223,147.243,147.355,63827,0,0
2024.08.12 20:00:00,147.356,147.356,147.040,147.188,36530,0,0
2024.08.13 00:00:00,147.188,147.304,146.913,147.265,25872,0,0
2024.08.13 04:00:00,147.266,147.795,147.232,147.716,32815,0,0
2024.08.13 08:00:00,147.715,147.948,147.552,147.844,37825,0,0
2024.08.13 12:00:00,147.845,147.920,147.071,147.405,44350,0,0
2024.08.13 16:00:00,147.406,147.472,146.703,146.736,60206,0,0
2024.08.13 20:00:00,146.736,146.911,146.594,146.827,36188,0,0
2024.08.14 00:00:00,146.827,147.147,146.687,147.097,22156,0,0
2024.08.14 04:00:00,147.097,147.186,146.070,146.869,52085,0,0
2024.08.14 08:00:00,146.870,147.502,146.774,147.114,44779,0,0
2024.08.14 12:00:00,147.114,147.585,146.520,147.315,40846,0,0
2024.08.14 16:00:00,147.316,147.445,146.573,146.946,63806,0,0
2024.08.14 20:00:00,146.946,147.441,146.933,147.324,22950,0,0
2024.08.15 00:00:00,147.324,147.407,147.149,147.231,17270,0,0
2024.08.15 04:00:00,147.230,147.617,147.202,147.271,31382,0,0
2024.08.15 08:00:00,147.269,147.394,147.053,147.339,30116,0,0
2024.08.15 12:00:00,147.338,149.160,147.180,148.958,38982,0,0
2024.08.15 16:00:00,148.959,149.327,148.782,149.044,59260,0,0
2024.08.15 20:00:00,149.045,149.392,148.956,149.267,19005,0,0
2024.08.16 00:00:00,149.267,149.341,148.907,149.153,20892,0,0
2024.08.16 04:00:00,149.154,149.230,148.742,148.863,30481,0,0
2024.08.16 08:00:00,148.862,149.096,148.657,148.713,30637,0,0
2024.08.16 12:00:00,148.713,148.766,147.613,147.687,42445,0,0
2024.08.16 16:00:00,147.686,148.268,147.621,148.002,51978,0,0
2024.08.16 20:00:00,148.002,148.009,147.563,147.598,18821,0,0
2024.08.19 00:00:00,147.559,148.054,147.559,147.818,21368,0,0
2024.08.19 04:00:00,147.818,147.883,145.860,146.191,49180,0,0
2024.08.19 08:00:00,146.192,146.298,145.186,146.080,69247,0,0
2024.08.19 12:00:00,146.083,146.524,145.932,146.216,46865,0,0
2024.08.19 16:00:00,146.216,146.712,146.192,146.499,53163,0,0
2024.08.19 20:00:00,146.499,146.695,146.457,146.548,21523,0,0
2024.08.20 00:00:00,146.548,146.870,146.179,146.347,23432,0,0
2024.08.20 04:00:00,146.346,147.162,145.846,146.930,47380,0,0
2024.08.20 08:00:00,146.931,147.345,146.233,146.520,55832,0,0
2024.08.20 12:00:00,146.521,146.559,146.125,146.168,44857,0,0
2024.08.20 16:00:00,146.169,146.296,145.369,145.393,58986,0,0
2024.08.20 20:00:00,145.393,145.537,145.197,145.246,20006,0,0
2024.08.21 00:00:00,145.246,145.554,144.932,145.451,34936,0,0
2024.08.21 04:00:00,145.451,145.760,145.255,145.674,43488,0,0
2024.08.21 08:00:00,145.675,146.227,145.513,146.034,48270,0,0
2024.08.21 12:00:00,146.033,146.226,145.733,145.776,40568,0,0
2024.08.21 16:00:00,145.777,146.908,145.030,145.193,84910,0,0
2024.08.21 20:00:00,145.192,145.289,144.454,145.167,36538,0,0
2024.08.22 00:00:00,145.146,145.440,144.846,145.334,23485,0,0
2024.08.22 04:00:00,145.335,145.643,144.983,145.134,33216,0,0
2024.08.22 08:00:00,145.133,145.672,145.009,145.638,40581,0,0
2024.08.22 12:00:00,145.638,146.346,145.557,146.050,39670,0,0
2024.08.22 16:00:00,146.051,146.527,145.824,146.330,59088,0,0
2024.08.22 20:00:00,146.330,146.493,146.175,146.279,23953,0,0
2024.08.23 00:00:00,146.279,146.336,145.883,146.075,23646,0,0
2024.08.23 04:00:00,146.074,146.131,145.293,145.771,42612,0,0
2024.08.23 08:00:00,145.771,146.027,145.289,145.931,39286,0,0
2024.08.23 12:00:00,145.931,146.181,145.925,145.985,33150,0,0
2024.08.23 16:00:00,145.986,146.482,144.599,144.848,83156,0,0
2024.08.23 20:00:00,144.848,144.856,144.046,144.364,31369,0,0
2024.08.26 00:00:00,144.243,144.344,143.445,143.715,41167,0,0
2024.08.26 04:00:00,143.716,144.090,143.446,144.045,42721,0,0
2024.08.26 08:00:00,144.044,144.216,143.598,143.863,39661,0,0
2024.08.26 12:00:00,143.863,144.368,143.822,143.937,33144,0,0
2024.08.26 16:00:00,143.939,144.606,143.855,144.460,47980,0,0
2024.08.26 20:00:00,144.460,144.652,144.318,144.513,17219,0,0
2024.08.27 00:00:00,144.513,144.860,144.232,144.844,16714,0,0
2024.08.27 04:00:00,144.845,144.973,144.603,144.638,24974,0,0
2024.08.27 08:00:00,144.637,145.177,144.572,145.063,38976,0,0
2024.08.27 12:00:00,145.064,145.076,144.336,144.392,41108,0,0
2024.08.27 16:00:00,144.392,144.507,144.100,144.138,52111,0,0
2024.08.27 20:00:00,144.138,144.164,143.915,143.926,19572,0,0
2024.08.28 00:00:00,143.926,144.246,143.682,144.110,21898,0,0
2024.08.28 04:00:00,144.111,144.540,144.089,144.355,30847,0,0
2024.08.28 08:00:00,144.355,144.608,144.289,144.347,35927,0,0
2024.08.28 12:00:00,144.348,144.782,144.061,144.708,32221,0,0
2024.08.28 16:00:00,144.709,145.041,144.347,144.739,48996,0,0
2024.08.28 20:00:00,144.739,144.813,144.411,144.574,29202,0,0
2024.08.29 00:00:00,144.574,144.598,144.218,144.431,24648,0,0
2024.08.29 04:00:00,144.431,144.719,144.343,144.672,28475,0,0
2024.08.29 08:00:00,144.671,144.862,144.460,144.691,44856,0,0
2024.08.29 12:00:00,144.691,145.425,144.439,145.402,48142,0,0
2024.08.29 16:00:00,145.402,145.555,144.902,145.003,59568,0,0
2024.08.29 20:00:00,145.006,145.020,144.727,144.979,38865,0,0
2024.08.30 00:00:00,144.979,145.073,144.648,144.726,16609,0,0
2024.08.30 04:00:00,144.726,144.888,144.685,144.847,23824,0,0
2024.08.30 08:00:00,144.846,145.130,144.789,145.114,25279,0,0
2024.08.30 12:00:00,145.114,145.747,145.020,145.636,34112,0,0
2024.08.30 16:00:00,145.636,146.248,145.316,146.226,61828,0,0
2024.08.30 20:00:00,146.225,146.246,146.050,146.159,24014,0,0
2024.09.02 00:00:00,146.033,146.600,146.021,146.194,22004,0,0
2024.09.02 04:00:00,146.194,146.283,145.772,145.936,28624,0,0
2024.09.02 08:00:00,145.935,146.845,145.929,146.702,35982,0,0
2024.09.02 12:00:00,146.702,146.994,146.600,146.984,23315,0,0
2024.09.02 16:00:00,146.983,147.178,146.804,146.816,21315,0,0
2024.09.02 20:00:00,146.816,146.925,146.816,146.881,3012,2,0
2024.09.03 00:00:00,146.881,147.209,146.667,147.126,18513,0,0
2024.09.03 04:00:00,147.126,147.147,146.393,146.536,44060,0,0
2024.09.03 08:00:00,146.536,146.594,145.609,145.815,55654,0,0
2024.09.03 12:00:00,145.814,146.287,145.796,145.883,34451,0,0
2024.09.03 16:00:00,145.884,145.923,145.113,145.765,67110,0,0
2024.09.03 20:00:00,145.765,145.908,145.449,145.468,24005,0,0
2024.09.04 00:00:00,145.468,145.559,144.889,145.176,31516,0,0
2024.09.04 04:00:00,145.175,145.550,145.146,145.252,34294,0,0
2024.09.04 08:00:00,145.251,145.316,144.750,145.208,47018,0,0
2024.09.04 12:00:00,145.208,145.269,144.863,145.076,34561,0,0
2024.09.04 16:00:00,145.077,145.150,144.000,144.052,73980,0,0
2024.09.04 20:00:00,144.051,144.127,143.707,143.727,34748,0,0
2024.09.05 00:00:00,143.727,143.804,143.185,143.720,28885,0,0
2024.09.05 04:00:00,143.721,143.905,143.430,143.579,36481,0,0
2024.09.05 08:00:00,143.578,143.750,143.048,143.576,49416,0,0
2024.09.05 12:00:00,143.575,143.646,142.847,143.099,43326,0,0
2024.09.05 16:00:00,143.098,144.230,143.037,143.434,68707,0,0
2024.09.05 20:00:00,143.434,143.508,143.192,143.434,32480,0,0
2024.09.06 00:00:00,143.440,143.483,143.152,143.178,17826,0,0
2024.09.06 04:00:00,143.179,143.365,142.889,142.995,21196,0,0
2024.09.06 08:00:00,142.995,143.007,142.057,142.614,54980,0,0
2024.09.06 12:00:00,142.613,144.046,141.978,142.988,52182,0,0
2024.09.06 16:00:00,142.990,143.895,141.763,142.448,122188,0,0
2024.09.06 20:00:00,142.448,142.693,142.232,142.266,45849,0,0
2024.09.09 00:00:00,142.257,142.745,141.949,142.698,34622,0,0
2024.09.09 04:00:00,142.698,143.097,142.614,142.978,40959,0,0
2024.09.09 08:00:00,142.977,143.434,142.774,143.381,50716,0,0
2024.09.09 12:00:00,143.382,143.798,143.093,143.232,38430,0,0
2024.09.09 16:00:00,143.232,143.234,142.654,142.881,52034,0,0
2024.09.09 20:00:00,142.880,143.205,142.710,143.166,24893,0,0
2024.09.10 00:00:00,143.166,143.485,142.852,143.470,21517,0,0
2024.09.10 04:00:00,143.471,143.546,143.050,143.081,27811,0,0
2024.09.10 08:00:00,143.080,143.710,143.033,143.513,37025,0,0
2024.09.10 12:00:00,143.513,143.522,142.755,142.867,38614,0,0
2024.09.10 16:00:00,142.868,143.115,142.190,142.462,57092,0,0
2024.09.10 20:00:00,142.462,142.571,142.219,142.426,31975,0,0
2024.09.11 00:00:00,142.431,142.474,142.022,142.291,22814,0,0
2024.09.11 04:00:00,142.291,142.426,140.893,141.092,53787,0,0
2024.09.11 08:00:00,141.092,141.698,140.707,141.531,55078,0,0
2024.09.11 12:00:00,141.532,142.547,141.289,142.294,52921,0,0
2024.09.11 16:00:00,142.298,142.496,141.246,141.948,85254,0,0
2024.09.11 20:00:00,141.950,142.463,141.896,142.354,40252,0,0
2024.09.12 00:00:00,142.354,142.952,142.227,142.683,20477,0,0
2024.09.12 04:00:00,142.684,142.844,142.257,142.785,42211,0,0
2024.09.12 08:00:00,142.785,143.043,142.466,142.582,50822,0,0
2024.09.12 12:00:00,142.582,142.778,141.960,142.101,51222,0,0
2024.09.12 16:00:00,142.101,142.665,141.910,142.516,72378,0,0
2024.09.12 20:00:00,142.515,142.567,141.727,141.805,53295,0,0
2024.09.13 00:00:00,141.805,141.876,141.161,141.198,25395,0,0
2024.09.13 04:00:00,141.198,141.295,140.646,140.958,39856,0,0
2024.09.13 08:00:00,140.958,141.416,140.407,140.704,54112,0,0
2024.09.13 12:00:00,140.699,141.017,140.363,140.731,50220,0,0
2024.09.13 16:00:00,140.731,140.945,140.278,140.814,61961,0,0
2024.09.13 20:00:00,140.814,141.009,140.770,140.797,28195,0,0
2024.09.16 00:00:00,140.817,140.901,140.421,140.528,19819,0,0
2024.09.16 04:00:00,140.526,140.589,139.947,140.215,32509,0,0
2024.09.16 08:00:00,140.220,140.289,139.578,139.851,45774,0,0
2024.09.16 12:00:00,139.850,140.445,139.752,140.239,45840,0,0
2024.09.16 16:00:00,140.238,140.913,140.212,140.642,52257,0,0
2024.09.16 20:00:00,140.643,140.885,140.574,140.606,24297,0,0
2024.09.17 00:00:00,140.606,141.244,140.469,140.665,21761,0,0
2024.09.17 04:00:00,140.666,140.754,140.320,140.679,34245,0,0
2024.09.17 08:00:00,140.679,140.805,140.348,140.573,36362,0,0
2024.09.17 12:00:00,140.573,141.127,140.477,140.973,39394,0,0
2024.09.17 16:00:00,140.973,141.996,140.872,141.735,64810,0,0
2024.09.17 20:00:00,141.734,142.464,141.720,142.399,39241,0,0
2024.09.18 00:00:00,142.399,142.399,141.570,141.649,21359,0,0
2024.09.18 04:00:00,141.649,141.765,141.223,141.317,31937,0,0
2024.09.18 08:00:00,141.316,141.998,141.280,141.712,36181,0,0
2024.09.18 12:00:00,141.713,142.062,141.552,141.925,35533,0,0
2024.09.18 16:00:00,141.921,142.065,141.675,141.883,42404,0,0
2024.09.18 20:00:00,141.884,142.715,140.438,142.266,92319,0,0
2024.09.19 00:00:00,142.265,143.593,141.883,143.487,35980,0,0
2024.09.19 04:00:00,143.488,143.947,142.950,143.178,54086,0,0
2024.09.19 08:00:00,143.179,143.200,142.042,142.794,57270,0,0
2024.09.19 12:00:00,142.791,143.762,142.686,143.758,59076,0,0
2024.09.19 16:00:00,143.759,143.769,142.732,143.036,69058,0,0
2024.09.19 20:00:00,143.036,143.116,142.528,142.618,38290,0,0
2024.09.20 00:00:00,142.618,142.928,142.407,142.407,21917,0,0
2024.09.20 04:00:00,142.406,142.785,141.954,142.189,45025,0,0
2024.09.20 08:00:00,142.189,143.882,141.737,143.809,67158,0,0
2024.09.20 12:00:00,143.810,144.430,143.575,143.670,50374,0,0
2024.09.20 16:00:00,143.671,144.496,143.465,143.754,72594,0,0
2024.09.20 20:00:00,143.756,144.155,143.718,143.875,41742,0,0
2024.09.23 00:00:00,143.930,144.259,143.695,144.125,22048,0,0
2024.09.23 04:00:00,144.125,144.460,144.125,144.256,24512,0,0
2024.09.23 08:00:00,144.256,144.318,143.434,143.589,54674,0,0
2024.09.23 12:00:00,143.587,143.878,143.165,143.772,46822,0,0
2024.09.23 16:00:00,143.772,144.348,143.313,143.345,67172,0,0
2024.09.23 20:00:00,143.343,143.648,143.251,143.587,28042,0,0
2024.09.24 00:00:00,143.585,143.778,143.409,143.551,20755,0,0
2024.09.24 04:00:00,143.552,143.941,143.372,143.842,40121,0,0
2024.09.24 08:00:00,143.843,144.681,143.839,144.291,51891,0,0
2024.09.24 12:00:00,144.291,144.480,143.783,143.968,40699,0,0
2024.09.24 16:00:00,143.969,144.212,143.403,143.465,55441,0,0
2024.09.24 20:00:00,143.464,143.709,143.110,143.213,24310,0,0
2024.09.25 00:00:00,143.212,143.311,142.890,143.173,21893,0,0
2024.09.25 04:00:00,143.172,143.495,143.100,143.255,33579,0,0
2024.09.25 08:00:00,143.257,144.064,143.177,143.939,40948,0,0
2024.09.25 12:00:00,143.941,144.443,143.905,144.200,38616,0,0
2024.09.25 16:00:00,144.201,144.606,143.857,144.533,51214,0,0
2024.09.25 20:00:00,144.532,144.843,144.486,144.745,28747,0,0
2024.09.26 00:00:00,144.746,144.763,144.442,144.497,20023,0,0
2024.09.26 04:00:00,144.497,145.040,144.476,144.691,26934,0,0
2024.09.26 08:00:00,144.690,145.199,144.615,144.825,45579,0,0
2024.09.26 12:00:00,144.825,144.964,144.108,144.564,42946,0,0
2024.09.26 16:00:00,144.565,145.213,144.306,144.857,59289,0,0
2024.09.26 20:00:00,144.859,144.899,144.512,144.807,27993,0,0
2024.09.27 00:00:00,144.807,145.477,144.739,145.462,22742,0,0
2024.09.27 04:00:00,145.463,145.802,144.965,145.793,36431,0,0
2024.09.27 08:00:00,145.793,146.495,142.780,143.144,83443,0,0
2024.09.27 12:00:00,143.139,143.496,142.501,142.519,53254,0,0
2024.09.27 16:00:00,142.520,143.087,142.382,142.511,66820,0,0
2024.09.27 20:00:00,142.510,142.608,142.068,142.165,34171,0,0
2024.09.30 00:00:00,142.223,142.954,142.143,142.688,29114,0,0
2024.09.30 04:00:00,142.684,142.848,142.080,142.127,37945,0,0
2024.09.30 08:00:00,142.127,142.580,141.643,142.534,52331,0,0
2024.09.30 12:00:00,142.533,143.004,142.406,142.945,35954,0,0
2024.09.30 16:00:00,142.948,143.370,142.746,143.112,57625,0,0
2024.09.30 20:00:00,143.112,143.915,142.932,143.624,50225,0,0
2024.10.01 00:00:00,143.624,144.125,143.369,143.966,21692,0,0
2024.10.01 04:00:00,143.967,144.397,143.661,144.279,30270,0,0
2024.10.01 08:00:00,144.278,144.528,143.699,143.807,58280,0,0
2024.10.01 12:00:00,143.808,144.069,143.560,144.041,47007,0,0
2024.10.01 16:00:00,144.041,144.072,142.969,143.635,80876,0,0
2024.10.01 20:00:00,143.634,143.922,143.324,143.553,47678,0,0
2024.10.02 00:00:00,143.558,143.881,143.423,143.818,18971,0,0
2024.10.02 04:00:00,143.817,144.190,143.561,143.735,33712,0,0
2024.10.02 08:00:00,143.735,144.329,143.531,144.328,49853,0,0
2024.10.02 12:00:00,144.327,145.446,144.076,145.370,49207,0,0
2024.10.02 16:00:00,145.370,146.262,145.297,146.029,54736,0,0
2024.10.02 20:00:00,146.029,146.515,145.967,146.454,23561,0,0
2024.10.03 00:00:00,146.454,147.055,146.273,146.991,26723,0,0
2024.10.03 04:00:00,146.992,147.240,146.676,146.724,34187,0,0
2024.10.03 08:00:00,146.723,146.863,146.301,146.749,47489,0,0
2024.10.03 12:00:00,146.750,146.993,146.512,146.772,42308,0,0
2024.10.03 16:00:00,146.773,147.179,146.470,146.716,67057,0,0
2024.10.03 20:00:00,146.716,146.967,146.577,146.922,23984,0,0
2024.10.04 00:00:00,146.922,146.932,146.615,146.646,15038,0,0
2024.10.04 04:00:00,146.645,146.681,146.151,146.230,28852,0,0
2024.10.04 08:00:00,146.230,146.411,145.916,146.341,40159,0,0
2024.10.04 12:00:00,146.341,148.695,146.339,148.644,47659,0,0
2024.10.04 16:00:00,148.645,149.004,148.310,148.937,67605,0,0
2024.10.04 20:00:00,148.936,148.954,148.623,148.661,27798,0,0
2024.10.07 00:00:00,148.655,149.134,148.357,148.425,27433,0,0
2024.10.07 04:00:00,148.426,148.648,148.218,148.540,34990,0,0
2024.10.07 08:00:00,148.541,148.616,148.060,148.320,46990,0,0
2024.10.07 12:00:00,148.320,148.685,148.027,148.170,47044,0,0
2024.10.07 16:00:00,148.170,148.278,147.842,148.003,54393,0,0
2024.10.07 20:00:00,148.004,148.209,147.884,148.178,27932,0,0
2024.10.08 00:00:00,148.178,148.191,147.568,147.823,24516,0,0
2024.10.08 04:00:00,147.823,148.107,147.510,148.079,39616,0,0
2024.10.08 08:00:00,148.078,148.165,147.344,147.839,48053,0,0
2024.10.08 12:00:00,147.838,148.181,147.720,148.038,35965,0,0
2024.10.08 16:00:00,148.037,148.359,147.952,148.149,44476,0,0
2024.10.08 20:00:00,148.149,148.378,148.149,148.189,28583,0,0
2024.10.09 00:00:00,148.189,148.315,148.010,148.226,12702,0,0
2024.10.09 04:00:00,148.226,148.430,148.076,148.339,24930,0,0
2024.10.09 08:00:00,148.339,148.729,148.263,148.718,37177,0,0
2024.10.09 12:00:00,148.719,148.915,148.509,148.908,26923,0,0
2024.10.09 16:00:00,148.908,149.300,148.813,149.238,31106,0,0
2024.10.09 20:00:00,149.237,149.362,149.155,149.294,19771,0,0
2024.10.10 00:00:00,149.294,149.305,149.002,149.214,14315,0,0
2024.10.10 04:00:00,149.214,149.545,149.065,149.402,20976,0,0
2024.10.10 08:00:00,149.401,149.473,148.901,149.068,32642,0,0
2024.10.10 12:00:00,149.069,149.569,148.236,148.613,44649,0,0
2024.10.10 16:00:00,148.614,148.960,148.348,148.918,67660,0,0
2024.10.10 20:00:00,148.918,149.082,148.494,148.556,27065,0,0
2024.10.11 00:00:00,148.556,148.762,148.416,148.462,15272,0,0
2024.10.11 04:00:00,148.461,148.797,148.401,148.712,21320,0,0
2024.10.11 08:00:00,148.712,148.858,148.601,148.738,24686,0,0
2024.10.11 12:00:00,148.737,149.263,148.726,149.061,28068,0,0
2024.10.11 16:00:00,149.061,149.286,148.974,149.004,34183,0,0
2024.10.11 20:00:00,149.003,149.176,148.958,149.118,11502,0,0
2024.10.14 00:00:00,148.991,149.391,148.991,149.219,12238,0,0
2024.10.14 04:00:00,149.218,149.353,149.146,149.292,11816,0,0
2024.10.14 08:00:00,149.293,149.469,149.168,149.423,16845,0,0
2024.10.14 12:00:00,149.423,149.797,149.346,149.739,18265,0,0
2024.10.14 16:00:00,149.740,149.960,149.692,149.933,20561,0,0
2024.10.14 20:00:00,149.933,149.981,149.706,149.748,11693,0,0
2024.10.15 00:00:00,149.744,149.836,149.525,149.580,12684,0,0
2024.10.15 04:00:00,149.581,149.758,149.445,149.676,14962,0,0
2024.10.15 08:00:00,149.675,149.700,149.035,149.151,32581,0,0
2024.10.15 12:00:00,149.152,149.419,148.846,149.084,30291,0,0
2024.10.15 16:00:00,149.085,149.480,148.937,149.449,40054,0,0
2024.10.15 20:00:00,149.449,149.540,149.164,149.192,19684,0,0
2024.10.16 00:00:00,149.192,149.335,149.030,149.269,13500,0,0
2024.10.16 04:00:00,149.270,149.299,148.866,149.266,21840,0,0
2024.10.16 08:00:00,149.265,149.489,149.165,149.463,29645,0,0
2024.10.16 12:00:00,149.469,149.482,149.143,149.453,25037,0,0
2024.10.16 16:00:00,149.452,149.774,149.204,149.743,31194,0,0
2024.10.16 20:00:00,149.743,149.808,149.601,149.631,12222,0,0
2024.10.17 00:00:00,149.631,149.665,149.440,149.546,11662,0,0
2024.10.17 04:00:00,149.545,149.577,149.240,149.543,19564,0,0
2024.10.17 08:00:00,149.543,149.869,149.438,149.834,22005,0,0
2024.10.17 12:00:00,149.835,150.080,149.465,149.834,28215,0,0
2024.10.17 16:00:00,149.833,150.300,149.635,150.213,46548,0,0
2024.10.17 20:00:00,150.212,150.321,150.143,150.198,13757,0,0
2024.10.18 00:00:00,150.198,150.285,149.895,150.047,11805,0,0
2024.10.18 04:00:00,150.046,150.094,149.855,149.898,17376,0,0
2024.10.18 08:00:00,149.897,150.156,149.767,149.920,25389,0,0
2024.10.18 12:00:00,149.921,150.098,149.579,149.864,24429,0,0
2024.10.18 16:00:00,149.863,149.924,149.364,149.417,26127,0,0
2024.10.18 20:00:00,149.417,149.653,149.412,149.497,14683,0,0
2024.10.21 00:00:00,149.452,149.644,149.251,149.383,15516,0,0
2024.10.21 04:00:00,149.384,149.410,149.087,149.322,21944,0,0
2024.10.21 08:00:00,149.323,149.951,149.199,149.947,25349,0,0
2024.10.21 12:00:00,149.948,150.091,149.744,149.923,23763,0,0
2024.10.21 16:00:00,149.923,150.559,149.922,150.515,29185,0,0
2024.10.21 20:00:00,150.515,150.885,150.503,150.830,15598,0,0
2024.10.22 00:00:00,150.830,150.830,150.584,150.631,15251,0,0
2024.10.22 04:00:00,150.632,151.107,150.493,150.873,20754,0,0
2024.10.22 08:00:00,150.871,151.062,150.662,150.990,32467,0,0
2024.10.22 12:00:00,150.989,151.023,150.750,150.912,26817,0,0
2024.10.22 16:00:00,150.913,151.196,150.602,151.061,35712,0,0
2024.10.22 20:00:00,151.061,151.154,150.898,151.068,18476,0,0
2024.10.23 00:00:00,151.068,151.479,150.979,151.470,10014,0,0
2024.10.23 04:00:00,151.469,152.137,151.437,152.074,25326,0,0
2024.10.23 08:00:00,152.073,152.555,152.021,152.416,35907,0,0
2024.10.23 12:00:00,152.416,153.186,152.406,153.067,34154,0,0
2024.10.23 16:00:00,153.068,153.106,152.759,152.856,38305,0,0
2024.10.23 20:00:00,152.856,152.910,152.470,152.750,25460,0,0
2024.10.24 00:00:00,152.750,152.834,152.516,152.640,17022,0,0
2024.10.24 04:00:00,152.639,152.793,152.105,152.215,24891,0,0
2024.10.24 08:00:00,152.216,152.385,151.919,152.008,24190,0,0
2024.10.24 12:00:00,152.007,152.330,151.766,152.053,35961,0,0
2024.10.24 16:00:00,152.054,152.329,151.659,151.690,47415,0,0
2024.10.24 20:00:00,151.691,151.903,151.552,151.820,21287,0,0
2024.10.25 00:00:00,151.820,152.106,151.581,152.008,15010,0,0
2024.10.25 04:00:00,152.008,152.066,151.611,151.706,20312,0,0
2024.10.25 08:00:00,151.706,152.059,151.449,151.964,31908,0,0
2024.10.25 12:00:00,151.963,152.095,151.697,151.920,24440,0,0
2024.10.25 16:00:00,151.920,152.230,151.834,152.198,38157,0,0
2024.10.25 20:00:00,152.198,152.378,152.093,152.268,23276,0,0
2024.10.28 00:00:00,153.192,153.483,152.671,153.465,33891,0,0
2024.10.28 04:00:00,153.465,153.880,153.378,153.645,30925,0,0
2024.10.28 08:00:00,153.645,153.747,153.162,153.179,30363,0,0
2024.10.28 12:00:00,153.179,153.189,152.404,152.622,35809,0,0
2024.10.28 16:00:00,152.623,153.282,152.579,153.259,34463,0,0
2024.10.28 20:00:00,153.260,153.372,153.198,153.263,8670,0,0
2024.10.29 00:00:00,153.266,153.355,152.894,153.019,8073,0,0
2024.10.29 04:00:00,153.019,153.164,152.850,152.928,26590,0,0
2024.10.29 08:00:00,152.928,153.447,152.754,153.393,31599,0,0
2024.10.29 12:00:00,153.394,153.866,153.315,153.766,28448,0,0
2024.10.29 16:00:00,153.767,153.811,152.990,153.549,49746,0,0
2024.10.29 20:00:00,153.548,153.597,153.308,153.350,21060,0,0
2024.10.30 00:00:00,153.350,153.404,153.072,153.252,14060,0,0
2024.10.30 04:00:00,153.251,153.440,153.106,153.359,19229,0,0
2024.10.30 08:00:00,153.360,153.466,152.800,152.853,27725,0,0
2024.10.30 12:00:00,152.852,153.496,152.778,153.356,40772,0,0
2024.10.30 16:00:00,153.360,153.431,152.867,153.083,46532,0,0
2024.10.30 20:00:00,153.084,153.432,153.082,153.403,20798,0,0
2024.10.31 00:00:00,153.403,153.581,153.160,153.528,11361,0,0
2024.10.31 04:00:00,153.528,153.632,152.824,152.917,25255,0,0
2024.10.31 08:00:00,152.918,153.086,151.922,152.398,47960,0,0
2024.10.31 12:00:00,152.399,152.979,152.249,152.694,42544,0,0
2024.10.31 16:00:00,152.695,153.050,152.079,152.443,63054,0,0
2024.10.31 20:00:00,152.442,152.489,151.831,152.024,33527,0,0
2024.11.01 00:00:00,152.024,152.166,151.788,152.033,19012,0,0
2024.11.01 04:00:00,152.033,152.540,151.918,152.485,24212,0,0
2024.11.01 08:00:00,152.484,152.694,152.201,152.642,31107,0,0
2024.11.01 12:00:00,152.641,152.847,151.793,152.040,38862,0,0
2024.11.01 16:00:00,152.038,153.070,151.971,152.894,59327,0,0
2024.11.01 20:00:00,152.893,153.092,152.851,152.934,20754,0,0
2024.11.04 00:00:00,152.262,152.524,151.704,151.790,25809,0,0
2024.11.04 04:00:00,151.790,151.969,151.597,151.849,23488,0,0
2024.11.04 08:00:00,151.850,152.276,151.800,151.884,35511,0,0
2024.11.04 12:00:00,151.883,152.064,151.533,151.830,29570,0,0
2024.11.04 16:00:00,151.830,152.159,151.624,152.013,38164,0,0
2024.11.04 20:00:00,152.011,152.198,151.984,152.126,17051,0,0
2024.11.05 00:00:00,152.126,152.447,152.066,152.274,16077,0,0
2024.11.05 04:00:00,152.273,152.546,152.165,152.426,15161,0,0
2024.11.05 08:00:00,152.427,152.446,152.085,152.187,23344,0,0
2024.11.05 12:00:00,152.186,152.337,151.958,152.053,19392,0,0
2024.11.05 16:00:00,152.054,152.242,151.594,151.684,39505,0,0
2024.11.05 20:00:00,151.684,151.698,151.335,151.611,21971,0,0
2024.11.06 00:00:00,151.611,153.119,151.281,152.930,62041,0,0
2024.11.06 04:00:00,152.931,154.336,152.872,153.748,108864,0,0
2024.11.06 08:00:00,153.747,154.383,153.663,153.993,85689,0,0
2024.11.06 12:00:00,153.992,154.460,153.872,154.300,60430,0,0
2024.11.06 16:00:00,154.299,154.682,153.979,154.664,56653,0,0
2024.11.06 20:00:00,154.665,154.697,154.352,154.623,24020,0,0
2024.11.07 00:00:00,154.623,154.714,154.216,154.513,27330,0,0
2024.11.07 04:00:00,154.512,154.526,153.934,154.010,26495,0,0
2024.11.07 08:00:00,154.010,154.197,153.648,153.949,41890,0,0
2024.11.07 12:00:00,153.949,154.108,153.451,153.501,37055,0,0
2024.11.07 16:00:00,153.501,153.560,152.853,153.015,44833,0,0
2024.11.07 20:00:00,153.015,153.470,152.691,152.923,44556,0,0
2024.11.08 00:00:00,152.923,153.369,152.842,153.095,20671,0,0
2024.11.08 04:00:00,153.094,153.187,152.549,152.806,24763,0,0
2024.11.08 08:00:00,152.805,152.956,152.251,152.282,40632,0,0
2024.11.08 12:00:00,152.281,152.820,152.142,152.743,36478,0,0
2024.11.08 16:00:00,152.743,152.858,152.381,152.654,43383,0,0
2024.11.08 20:00:00,152.654,152.815,152.493,152.628,16794,0,0
2024.11.11 00:00:00,152.680,153.222,152.615,153.220,15890,0,0
2024.11.11 04:00:00,153.219,153.670,153.131,153.527,17527,0,0
2024.11.11 08:00:00,153.526,153.855,153.316,153.621,26443,0,0
2024.11.11 12:00:00,153.621,153.954,153.552,153.771,19407,0,0
2024.11.11 16:00:00,153.770,153.949,153.644,153.877,20346,0,0
2024.11.11 20:00:00,153.878,153.880,153.628,153.709,10048,0,0
2024.11.12 00:00:00,153.709,153.967,153.475,153.962,16919,0,0
2024.11.12 04:00:00,153.960,154.058,153.408,153.611,21273,0,0
2024.11.12 08:00:00,153.612,154.167,153.608,154.109,29840,0,0
2024.11.12 12:00:00,154.108,154.397,153.932,154.383,26580,0,0
2024.11.12 16:00:00,154.383,154.922,154.291,154.784,32332,0,0
2024.11.12 20:00:00,154.784,154.856,154.512,154.599,16279,0,0
2024.11.13 00:00:00,154.599,154.939,154.506,154.603,18825,0,0
2024.11.13 04:00:00,154.603,154.936,154.539,154.914,18003,0,0
2024.11.13 08:00:00,154.912,155.237,154.792,154.896,28826,0,0
2024.11.13 12:00:00,154.896,155.068,154.414,154.514,34694,0,0
2024.11.13 16:00:00,154.513,155.433,154.339,155.412,51864,0,0
2024.11.13 20:00:00,155.411,155.625,155.401,155.453,18794,0,0
2024.11.14 00:00:00,155.428,155.920,155.322,155.870,19686,0,0
2024.11.14 04:00:00,155.870,156.138,155.811,156.020,17114,0,0
2024.11.14 08:00:00,156.020,156.146,155.701,156.110,25346,0,0
2024.11.14 12:00:00,156.109,156.243,155.774,156.022,33663,0,0
2024.11.14 16:00:00,156.019,156.077,155.517,155.744,41433,0,0
2024.11.14 20:00:00,155.742,156.420,155.695,156.254,32462,0,0
2024.11.15 00:00:00,156.239,156.750,156.194,156.550,22318,0,0
2024.11.15 04:00:00,156.549,156.557,156.274,156.453,19378,0,0
2024.11.15 08:00:00,156.454,156.504,155.263,155.367,35978,0,0
2024.11.15 12:00:00,155.366,155.719,155.173,155.331,39799,0,0
2024.11.15 16:00:00,155.331,155.781,154.184,154.283,62030,0,0
2024.11.15 20:00:00,154.284,154.474,153.862,154.232,29592,0,0
2024.11.18 00:00:00,154.315,155.146,153.835,154.599,39700,0,0
2024.11.18 04:00:00,154.599,154.924,154.414,154.596,30905,0,0
2024.11.18 08:00:00,154.595,154.972,154.296,154.776,44360,0,0
2024.11.18 12:00:00,154.777,155.356,154.776,154.904,36008,0,0
2024.11.18 16:00:00,154.903,155.070,154.581,154.701,41475,0,0
2024.11.18 20:00:00,154.702,154.790,154.565,154.655,19564,0,0
2024.11.19 00:00:00,154.655,154.657,154.039,154.115,18602,0,0
2024.11.19 04:00:00,154.114,154.519,153.950,154.426,20850,0,0
2024.11.19 08:00:00,154.423,154.656,153.277,153.764,58085,0,0
2024.11.19 12:00:00,153.764,154.209,153.410,153.471,52010,0,0
2024.11.19 16:00:00,153.472,154.755,153.446,154.722,59231,0,0
2024.11.19 20:00:00,154.723,154.799,154.564,154.649,15881,0,0
2024.11.20 00:00:00,154.649,154.991,154.520,154.773,17931,0,0
2024.11.20 04:00:00,154.772,155.190,154.724,155.190,16873,0,0
2024.11.20 08:00:00,155.190,155.852,155.160,155.758,30338,0,0
2024.11.20 12:00:00,155.757,155.887,155.628,155.732,24737,0,0
2024.11.20 16:00:00,155.732,155.839,155.055,155.218,42635,0,0
2024.11.20 20:00:00,155.218,155.539,155.198,155.386,22014,0,0
2024.11.21 00:00:00,155.383,155.395,154.879,155.041,18301,0,0
2024.11.21 04:00:00,155.041,155.265,154.862,155.188,18034,0,0
2024.11.21 08:00:00,155.189,155.189,154.086,154.399,60202,0,0
2024.11.21 12:00:00,154.400,154.715,154.104,154.253,40572,0,0
2024.11.21 16:00:00,154.253,154.694,153.905,154.443,58334,0,0
2024.11.21 20:00:00,154.443,154.700,154.434,154.529,21096,0,0
2024.11.22 00:00:00,154.529,154.530,153.965,154.414,19398,0,0
2024.11.22 04:00:00,154.414,154.730,154.185,154.703,20898,0,0
2024.11.22 08:00:00,154.703,154.953,154.250,154.503,37245,0,0
2024.11.22 12:00:00,154.500,154.565,154.190,154.273,39271,0,0
2024.11.22 16:00:00,154.274,155.022,154.272,154.757,52438,0,0
2024.11.22 20:00:00,154.756,154.889,154.662,154.716,16262,0,0
2024.11.25 00:00:00,154.168,154.393,153.648,153.769,29511,0,0
2024.11.25 04:00:00,153.769,154.399,153.548,154.265,26187,0,0
2024.11.25 08:00:00,154.264,154.723,154.151,154.422,39922,0,0
2024.11.25 12:00:00,154.423,154.565,153.755,153.926,33769,0,0
2024.11.25 16:00:00,153.926,154.519,153.624,154.321,51574,0,0
2024.11.25 20:00:00,154.321,154.342,153.993,154.178,22658,0,0
2024.11.26 00:00:00,154.178,154.488,153.840,154.053,38819,0,0
2024.11.26 04:00:00,154.054,154.223,153.544,153.715,21804,0,0
2024.11.26 08:00:00,153.715,154.220,153.602,153.925,35179,0,0
2024.11.26 12:00:00,153.925,153.982,152.980,153.432,36073,0,0
2024.11.26 16:00:00,153.431,153.723,153.254,153.326,44115,0,0
2024.11.26 20:00:00,153.326,153.489,153.009,153.092,28123,0,0
2024.11.27 00:00:00,153.092,153.234,152.505,152.552,23444,0,0
2024.11.27 04:00:00,152.553,152.752,152.236,152.439,21622,0,0
2024.11.27 08:00:00,152.438,152.466,151.353,151.476,46752,0,0
2024.11.27 12:00:00,151.474,151.629,151.221,151.332,40532,0,0
2024.11.27 16:00:00,151.331,151.806,150.453,150.762,58368,0,0
2024.11.27 20:00:00,150.761,151.191,150.678,151.074,19578,0,0
2024.11.28 00:00:00,151.054,151.750,150.870,151.429,21639,0,0
2024.11.28 04:00:00,151.429,151.718,151.345,151.541,17338,0,0
2024.11.28 08:00:00,151.541,151.948,151.360,151.893,31832,0,0
2024.11.28 12:00:00,151.892,151.955,151.556,151.567,18699,0,0
2024.11.28 16:00:00,151.568,151.607,151.402,151.491,13901,0,0
2024.11.28 20:00:00,151.492,151.554,151.429,151.532,4726,2,0
2024.11.29 00:00:00,151.532,151.541,149.850,149.940,35656,0,0
2024.11.29 04:00:00,149.940,150.398,149.756,150.102,33516,0,0
2024.11.29 08:00:00,150.102,150.305,149.531,150.159,36450,0,0
2024.11.29 12:00:00,150.158,150.366,149.828,149.967,27729,0,0
2024.11.29 16:00:00,149.967,150.530,149.577,149.594,40923,0,0
2024.11.29 20:00:00,149.598,149.746,149.462,149.730,62393,2,0
2024.12.02 00:00:00,149.615,150.556,149.471,150.533,34556,0,0
2024.12.02 04:00:00,150.534,150.752,150.435,150.725,25637,0,0
2024.12.02 08:00:00,150.724,150.729,149.988,150.344,41703,0,0
2024.12.02 12:00:00,150.343,150.389,149.918,150.080,30452,0,0
2024.12.02 16:00:00,150.079,150.240,149.081,149.598,58148,0,0
2024.12.02 20:00:00,149.599,149.791,149.225,149.584,26299,0,0
2024.12.03 00:00:00,149.584,149.971,149.494,149.872,22727,0,0
2024.12.03 04:00:00,149.872,150.238,149.788,150.026,20252,0,0
2024.12.03 08:00:00,150.027,150.185,149.775,149.815,31254,0,0
2024.12.03 12:00:00,149.815,150.109,148.798,148.855,28751,0,0
2024.12.03 16:00:00,148.853,149.521,148.644,149.208,59712,0,0
2024.12.03 20:00:00,149.209,149.634,148.964,149.591,19834,0,0
2024.12.04 00:00:00,149.592,150.077,149.522,149.927,19983,0,0
2024.12.04 04:00:00,149.928,150.171,149.624,150.099,29103,0,0
2024.12.04 08:00:00,150.099,150.780,149.860,150.625,37553,0,0
2024.12.04 12:00:00,150.624,151.230,150.615,151.078,36790,0,0
2024.12.04 16:00:00,151.077,151.132,149.994,150.168,46202,0,0
2024.12.04 20:00:00,150.169,150.672,150.038,150.549,24695,0,0
2024.12.05 00:00:00,150.549,150.776,150.183,150.541,20093,0,0
2024.12.05 04:00:00,150.538,150.566,149.784,149.935,20955,0,0
2024.12.05 08:00:00,149.935,150.314,149.654,150.308,31621,0,0
2024.12.05 12:00:00,150.309,150.697,150.041,150.606,33072,0,0
2024.12.05 16:00:00,150.607,150.617,150.070,150.133,38870,0,0
2024.12.05 20:00:00,150.134,150.347,149.921,150.058,14754,0,0
2024.12.06 00:00:00,150.058,150.276,149.862,150.045,17705,0,0
2024.12.06 04:00:00,150.045,150.066,149.767,149.936,15958,0,0
2024.12.06 08:00:00,149.936,150.605,149.770,150.574,24682,0,0
2024.12.06 12:00:00,150.573,150.697,149.649,149.660,35336,0,0
2024.12.06 16:00:00,149.661,150.117,149.362,149.966,53811,0,0
2024.12.06 20:00:00,149.961,150.133,149.881,149.950,14544,0,0
2024.12.09 00:00:00,149.998,150.055,149.691,149.913,17449,0,0
2024.12.09 04:00:00,149.912,150.037,149.842,149.968,16512,0,0
2024.12.09 08:00:00,149.969,150.522,149.942,150.418,27663,0,0
2024.12.09 12:00:00,150.415,150.951,150.353,150.874,21746,0,0
2024.12.09 16:00:00,150.875,151.347,150.698,151.326,27485,0,0
2024.12.09 20:00:00,151.328,151.336,151.135,151.189,12229,0,0
2024.12.10 00:00:00,151.190,151.551,151.143,151.315,16544,0,0
2024.12.10 04:00:00,151.314,151.314,150.896,150.938,21505,0,0
2024.12.10 08:00:00,150.939,151.784,150.900,151.596,30050,0,0
2024.12.10 12:00:00,151.596,151.837,151.470,151.675,23144,0,0
2024.12.10 16:00:00,151.675,152.181,151.588,152.113,30487,0,0
2024.12.10 20:00:00,152.113,152.123,151.831,151.935,13980,0,0
2024.12.11 00:00:00,151.915,151.950,151.694,151.706,12415,0,0
2024.12.11 04:00:00,151.706,151.764,151.417,151.750,13639,0,0
2024.12.11 08:00:00,151.751,152.727,151.006,152.679,42138,0,0
2024.12.11 12:00:00,152.680,152.854,152.051,152.297,39333,0,0
2024.12.11 16:00:00,152.298,152.557,151.918,152.493,42744,0,0
2024.12.11 20:00:00,152.494,152.721,152.315,152.438,17381,0,0
2024.12.12 00:00:00,152.438,152.456,151.950,151.980,16226,0,0
2024.12.12 04:00:00,151.979,152.608,151.953,152.495,17800,0,0
2024.12.12 08:00:00,152.496,152.775,152.266,152.525,33004,0,0
2024.12.12 12:00:00,152.525,152.540,151.799,152.030,35347,0,0
2024.12.12 16:00:00,152.030,152.400,151.873,152.265,46905,0,0
2024.12.12 20:00:00,152.265,152.686,152.238,152.619,17359,0,0
2024.12.13 00:00:00,152.619,152.957,152.452,152.768,17580,0,0
2024.12.13 04:00:00,152.768,153.089,152.642,152.894,15709,0,0
2024.12.13 08:00:00,152.895,153.480,152.671,153.410,25672,0,0
2024.12.13 12:00:00,153.410,153.666,153.260,153.304,24001,0,0
2024.12.13 16:00:00,153.303,153.800,153.301,153.688,24893,0,0
2024.12.13 20:00:00,153.689,153.745,153.570,153.570,10527,0,0
2024.12.16 00:00:00,153.609,153.937,153.319,153.910,17103,0,0
2024.12.16 04:00:00,153.908,153.974,153.604,153.663,12091,0,0
2024.12.16 08:00:00,153.664,153.829,153.439,153.803,24454,0,0
2024.12.16 12:00:00,153.803,154.102,153.650,154.025,17426,0,0
2024.12.16 16:00:00,154.026,154.479,154.012,154.150,27646,0,0
2024.12.16 20:00:00,154.150,154.217,154.008,154.103,9340,0,0
2024.12.17 00:00:00,154.103,154.345,153.972,154.097,13835,0,0
2024.12.17 04:00:00,154.098,154.258,153.802,154.133,16640,0,0
2024.12.17 08:00:00,154.134,154.174,153.709,153.792,25967,0,0
2024.12.17 12:00:00,153.789,154.000,153.655,153.775,25935,0,0
2024.12.17 16:00:00,153.775,153.776,153.244,153.272,35214,0,0
2024.12.17 20:00:00,153.273,153.594,153.161,153.407,15042,0,0
2024.12.18 00:00:00,153.407,153.787,153.380,153.592,12517,0,0
2024.12.18 04:00:00,153.589,153.748,153.335,153.355,13381,0,0
2024.12.18 08:00:00,153.354,153.742,153.334,153.633,19857,0,0
2024.12.18 12:00:00,153.633,153.952,153.551,153.850,18472,0,0
2024.12.18 16:00:00,153.849,154.089,153.680,153.825,25867,0,0
2024.12.18 20:00:00,153.825,154.866,153.714,154.749,55513,0,0
2024.12.19 00:00:00,154.749,154.894,154.433,154.648,23898,0,0
2024.12.19 04:00:00,154.633,155.474,154.462,155.227,25969,0,0
2024.12.19 08:00:00,155.227,157.147,154.913,157.041,59719,0,0
2024.12.19 12:00:00,157.040,157.064,156.396,156.910,40641,0,0
2024.12.19 16:00:00,156.910,157.808,156.874,157.697,48787,0,0
2024.12.19 20:00:00,157.696,157.731,157.308,157.415,22217,0,0
2024.12.20 00:00:00,157.415,157.927,157.143,157.279,27842,0,0
2024.12.20 04:00:00,157.277,157.377,156.833,157.036,30211,0,0
2024.12.20 08:00:00,157.036,157.132,156.623,156.720,39039,0,0
2024.12.20 12:00:00,156.719,156.843,156.350,156.519,31725,0,0
2024.12.20 16:00:00,156.518,156.777,155.953,156.076,50562,0,0
2024.12.20 20:00:00,156.076,156.469,155.978,156.400,20171,0,0
2024.12.23 00:00:00,156.332,156.692,156.317,156.458,17037,0,0
2024.12.23 04:00:00,156.454,156.661,156.337,156.645,13873,0,0
2024.12.23 08:00:00,156.646,156.812,156.462,156.698,19470,0,0
2024.12.23 12:00:00,156.697,157.258,156.656,157.213,20344,0,0
2024.12.23 16:00:00,157.211,157.269,156.980,157.162,24390,0,0
2024.12.23 20:00:00,157.161,157.207,157.048,157.091,13583,0,0
2024.12.24 00:00:00,157.086,157.392,157.056,157.131,12129,0,0
2024.12.24 04:00:00,157.132,157.179,156.890,157.006,10823,0,0
2024.12.24 08:00:00,157.002,157.180,156.907,157.090,13147,0,0
2024.12.24 12:00:00,157.090,157.195,157.023,157.191,10455,0,0
2024.12.24 16:00:00,157.192,157.380,157.180,157.310,15964,0,0
2024.12.24 20:00:00,157.309,157.380,157.100,157.100,6482,0,0
2024.12.26 00:00:00,157.135,157.479,157.073,157.422,11571,0,0
2024.12.26 04:00:00,157.418,157.478,157.306,157.348,8481,0,0
2024.12.26 08:00:00,157.347,157.462,157.309,157.429,14272,0,0
2024.12.26 12:00:00,157.430,157.842,157.400,157.835,11597,0,0
2024.12.26 16:00:00,157.836,158.085,157.829,158.041,18975,0,0
2024.12.26 20:00:00,158.043,158.068,157.867,157.963,13142,0,0
2024.12.27 00:00:00,157.963,157.991,157.657,157.742,13525,0,0
2024.12.27 04:00:00,157.746,157.772,157.507,157.761,11169,0,0
2024.12.27 08:00:00,157.761,157.917,157.662,157.880,15088,0,0
2024.12.27 12:00:00,157.881,157.881,157.581,157.793,15884,0,0
2024.12.27 16:00:00,157.792,157.893,157.351,157.825,26192,0,0
2024.12.27 20:00:00,157.824,157.943,157.756,157.798,11521,0,0
2024.12.30 00:00:00,157.727,157.987,157.657,157.797,8361,0,0
2024.12.30 04:00:00,157.785,157.956,157.698,157.856,6494,0,0
2024.12.30 08:00:00,157.859,158.068,157.807,157.875,16403,0,0
2024.12.30 12:00:00,157.875,157.881,157.451,157.459,20721,0,0
2024.12.30 16:00:00,157.459,157.552,156.668,157.145,41607,0,0
2024.12.30 20:00:00,157.146,157.149,156.763,156.825,13709,0,0
2024.12.31 00:00:00,156.825,157.067,156.365,156.443,11023,0,0
2024.12.31 04:00:00,156.444,156.510,156.135,156.236,12377,0,0
2024.12.31 08:00:00,156.236,156.673,156.022,156.641,18006,0,0
2024.12.31 12:00:00,156.642,157.088,156.554,157.011,24012,0,0
2024.12.31 16:00:00,157.010,157.548,156.682,157.360,40472,0,0
2024.12.31 20:00:00,157.368,157.393,157.138,157.193,11308,0,0
2025.01.02 00:00:00,157.152,157.777,157.150,157.511,16067,0,0
2025.01.02 04:00:00,157.511,157.512,156.977,157.209,10457,0,0
2025.01.02 08:00:00,157.210,157.213,156.434,156.794,26636,0,0
2025.01.02 12:00:00,156.798,157.288,156.718,156.828,26889,0,0
2025.01.02 16:00:00,156.828,157.850,156.636,157.569,38817,0,0
2025.01.02 20:00:00,157.569,157.677,157.455,157.474,12479,0,0
2025.01.03 00:00:00,157.474,157.568,157.173,157.279,11217,0,0
2025.01.03 04:00:00,157.278,157.459,157.182,157.302,10922,0,0
2025.01.03 08:00:00,157.302,157.426,157.040,157.256,18374,0,0
2025.01.03 12:00:00,157.256,157.392,157.022,157.182,16900,0,0
2025.01.03 16:00:00,157.182,157.496,156.873,157.168,22389,0,0
2025.01.03 20:00:00,157.168,157.375,157.106,157.238,6969,0,0
2025.01.06 00:00:00,157.152,157.830,157.152,157.617,14199,0,0
2025.01.06 04:00:00,157.617,157.805,157.566,157.780,11960,0,0
2025.01.06 08:00:00,157.780,157.792,157.532,157.737,16089,0,0
2025.01.06 12:00:00,157.738,157.963,156.238,156.613,38448,0,0
2025.01.06 16:00:00,156.613,157.659,156.465,157.511,34143,0,0
2025.01.06 20:00:00,157.512,157.670,157.435,157.535,11222,0,0
2025.01.07 00:00:00,157.537,158.415,157.477,158.312,16718,0,0
2025.01.07 04:00:00,158.312,158.318,157.787,157.864,13359,0,0
2025.01.07 08:00:00,157.864,157.864,157.364,157.607,26843,0,0
2025.01.07 12:00:00,157.607,157.850,157.563,157.673,18428,0,0
2025.01.07 16:00:00,157.670,158.426,157.535,157.696,38887,0,0
2025.01.07 20:00:00,157.696,158.092,157.585,158.052,13103,0,0
2025.01.08 00:00:00,158.052,158.243,157.902,157.972,14118,0,0
2025.01.08 04:00:00,157.972,158.271,157.932,158.176,10779,0,0
2025.01.08 08:00:00,158.176,158.284,157.927,158.161,18391,0,0
2025.01.08 12:00:00,158.161,158.555,158.146,158.222,28905,0,0
2025.01.08 16:00:00,158.222,158.498,158.145,158.390,28118,0,0
2025.01.08 20:00:00,158.390,158.522,158.273,158.342,15174,0,0
2025.01.09 00:00:00,158.343,158.398,158.073,158.112,10071,0,0
2025.01.09 04:00:00,158.112,158.146,157.764,158.060,11673,0,0
2025.01.09 08:00:00,158.059,158.286,158.011,158.083,18376,0,0
2025.01.09 12:00:00,158.083,158.101,157.574,157.659,17479,0,0
2025.01.09 16:00:00,157.659,158.136,157.654,158.108,16084,0,0
2025.01.09 20:00:00,158.108,158.164,158.059,158.111,5282,0,0
2025.01.10 00:00:00,158.111,158.229,157.934,158.128,12973,0,0
2025.01.10 04:00:00,158.128,158.423,158.104,158.411,10190,0,0
2025.01.10 08:00:00,158.411,158.445,157.622,157.934,23051,0,0
2025.01.10 12:00:00,157.934,158.879,157.862,158.551,27815,0,0
2025.01.10 16:00:00,158.551,158.655,157.228,157.671,50957,0,0
2025.01.10 20:00:00,157.671,157.985,157.631,157.670,12465,0,0
2025.01.13 00:00:00,157.715,157.966,157.269,157.448,12278,0,0
2025.01.13 04:00:00,157.448,157.651,157.282,157.409,13598,0,0
2025.01.13 08:00:00,157.409,157.670,157.037,157.111,27951,0,0
2025.01.13 12:00:00,157.112,157.470,156.912,157.201,24736,0,0
2025.01.13 16:00:00,157.198,157.787,157.103,157.330,27530,0,0
2025.01.13 20:00:00,157.329,157.819,157.295,157.468,11506,0,0
2025.01.14 00:00:00,157.468,158.034,157.039,157.436,20772,0,0
2025.01.14 04:00:00,157.436,157.752,157.358,157.584,14465,0,0
2025.01.14 08:00:00,157.584,158.028,157.298,157.942,24896,0,0
2025.01.14 12:00:00,157.941,158.132,157.403,157.768,23905,0,0
2025.01.14 16:00:00,157.776,158.196,157.624,158.133,33694,0,0
2025.01.14 20:00:00,158.133,158.141,157.868,157.961,10067,0,0
2025.01.15 00:00:00,157.961,158.082,157.828,157.902,10406,0,0
2025.01.15 04:00:00,157.902,157.973,157.191,157.321,14401,0,0
2025.01.15 08:00:00,157.321,157.446,156.708,156.867,24646,0,0
2025.01.15 12:00:00,156.867,157.094,156.249,156.394,26634,0,0
2025.01.15 16:00:00,156.396,156.736,155.932,156.549,38805,0,0
2025.01.15 20:00:00,156.549,156.574,156.386,156.465,10281,0,0
2025.01.16 00:00:00,156.465,156.527,155.481,155.555,16803,0,0
2025.01.16 04:00:00,155.554,156.120,155.206,156.116,20070,0,0
2025.01.16 08:00:00,156.116,156.312,155.611,155.683,20447,0,0
2025.01.16 12:00:00,155.683,156.365,155.632,155.907,22185,0,0
2025.01.16 16:00:00,155.907,156.195,155.105,155.269,41515,0,0
2025.01.16 20:00:00,155.269,155.386,155.093,155.093,11082,0,0
2025.01.17 00:00:00,155.133,155.485,154.975,155.213,13740,0,0
2025.01.17 04:00:00,155.214,155.688,155.160,155.564,12059,0,0
2025.01.17 08:00:00,155.564,155.848,155.409,155.736,18409,0,0
2025.01.17 12:00:00,155.737,155.805,155.556,155.687,18249,0,0
2025.01.17 16:00:00,155.687,156.374,155.654,156.259,33490,0,0
2025.01.17 20:00:00,156.259,156.311,156.106,156.230,9552,0,0
2025.01.20 00:00:00,156.213,156.585,155.866,155.925,12555,0,0
2025.01.20 04:00:00,155.925,156.064,155.709,156.060,10520,0,0
2025.01.20 08:00:00,156.060,156.363,155.947,156.283,15547,0,0
2025.01.20 12:00:00,156.283,156.476,155.718,155.723,23380,0,0
2025.01.20 16:00:00,155.723,156.065,155.411,155.827,41204,0,0
2025.01.20 20:00:00,155.827,155.901,155.491,155.574,19359,0,0
2025.01.21 00:00:00,155.574,156.235,154.898,155.546,34595,0,0
2025.01.21 04:00:00,155.546,155.581,154.770,155.312,26094,0,0
2025.01.21 08:00:00,155.312,155.958,155.312,155.899,24540,0,0
2025.01.21 12:00:00,155.899,156.053,155.456,155.489,21838,0,0
2025.01.21 16:00:00,155.489,155.734,155.252,155.577,34543,0,0
2025.01.21 20:00:00,155.576,155.596,155.426,155.463,10028,0,0
2025.01.22 00:00:00,155.463,155.835,155.353,155.686,18540,0,0
2025.01.22 04:00:00,155.686,155.960,155.631,155.831,12147,0,0
2025.01.22 08:00:00,155.831,156.114,155.548,155.671,23032,0,0
2025.01.22 12:00:00,155.671,156.052,155.632,155.892,18167,0,0
2025.01.22 16:00:00,155.892,156.709,155.813,156.616,27340,0,0
2025.01.22 20:00:00,156.615,156.629,156.444,156.476,10182,0,0
2025.01.23 00:00:00,156.477,156.563,156.285,156.552,11446,0,0
2025.01.23 04:00:00,156.552,156.754,156.450,156.703,11790,0,0
2025.01.23 08:00:00,156.703,156.724,156.352,156.379,20051,0,0
2025.01.23 12:00:00,156.379,156.597,156.103,156.207,20701,0,0
2025.01.23 16:00:00,156.206,156.475,155.862,155.917,34287,0,0
2025.01.23 20:00:00,155.917,156.067,155.743,156.052,10964,0,0
2025.01.24 00:00:00,156.052,156.356,155.955,156.309,11172,0,0
2025.01.24 04:00:00,156.309,156.414,155.004,155.358,33585,0,0
2025.01.24 08:00:00,155.355,155.745,154.842,155.586,44002,0,0
2025.01.24 12:00:00,155.585,156.578,155.549,156.323,27307,0,0
2025.01.24 16:00:00,156.324,156.487,155.515,155.745,33710,0,0
2025.01.24 20:00:00,155.745,156.024,155.725,155.979,9406,0,0
2025.01.27 00:00:00,156.002,156.002,155.288,155.485,19281,0,0
2025.01.27 04:00:00,155.485,156.097,155.413,156.064,15765,0,0
2025.01.27 08:00:00,156.064,156.247,154.467,154.603,37042,0,0
2025.01.27 12:00:00,154.603,154.603,153.712,154.203,51051,0,0
2025.01.27 16:00:00,154.208,154.683,153.954,154.295,41119,0,0
2025.01.27 20:00:00,154.295,154.724,154.224,154.503,17256,0,0
2025.01.28 00:00:00,154.495,155.642,154.458,155.488,26989,0,0
2025.01.28 04:00:00,155.489,155.947,155.400,155.701,21078,0,0
2025.01.28 08:00:00,155.701,155.977,155.252,155.448,29041,0,0
2025.01.28 12:00:00,155.448,155.565,155.207,155.489,21377,0,0
2025.01.28 16:00:00,155.489,155.759,155.047,155.606,29502,0,0
2025.01.28 20:00:00,155.604,155.728,155.486,155.486,12404,0,0
2025.01.29 00:00:00,155.486,155.790,155.430,155.713,10003,0,0
2025.01.29 04:00:00,155.713,155.781,155.002,155.014,13095,0,0
2025.01.29 08:00:00,155.014,155.406,155.000,155.343,24562,0,0
2025.01.29 12:00:00,155.343,155.524,155.253,155.423,21404,0,0
2025.01.29 16:00:00,155.421,155.441,154.939,155.059,28239,0,0
2025.01.29 20:00:00,155.058,155.610,155.000,155.213,34391,0,0
2025.01.30 00:00:00,155.222,155.245,154.459,154.642,20745,0,0
2025.01.30 04:00:00,154.643,154.681,154.282,154.484,18714,0,0
2025.01.30 08:00:00,154.484,154.736,154.316,154.449,24668,0,0
2025.01.30 12:00:00,154.450,154.604,153.832,153.907,29216,0,0
2025.01.30 16:00:00,153.908,154.477,153.788,154.297,37111,0,0
2025.01.30 20:00:00,154.296,154.496,153.995,154.291,21032,0,0
2025.01.31 00:00:00,154.291,154.502,153.912,154.093,18505,0,0
2025.01.31 04:00:00,154.093,154.880,153.933,154.716,19296,0,0
2025.01.31 08:00:00,154.717,154.933,154.484,154.716,27889,0,0
2025.01.31 12:00:00,154.716,155.023,154.607,154.799,21975,0,0
2025.01.31 16:00:00,154.799,155.005,154.525,154.765,38596,0,0
2025.01.31 20:00:00,154.765,155.221,154.758,155.157,26422,0,0
2025.02.03 00:00:00,154.823,155.883,154.769,155.707,40459,0,0
2025.02.03 04:00:00,155.707,155.876,155.463,155.576,25628,0,0
2025.02.03 08:00:00,155.576,155.714,155.001,155.001,36441,0,0
2025.02.03 12:00:00,155.003,155.130,154.288,154.650,35090,0,0
2025.02.03 16:00:00,154.649,154.868,154.009,154.653,63011,0,0
2025.02.03 20:00:00,154.652,155.012,154.534,154.744,23715,0,0
2025.02.04 00:00:00,154.744,155.410,154.692,155.110,20020,0,0
2025.02.04 04:00:00,155.110,155.332,154.826,155.249,21395,0,0
2025.02.04 08:00:00,155.249,155.525,155.066,155.338,28267,0,0
2025.02.04 12:00:00,155.339,155.398,155.145,155.261,20541,0,0
2025.02.04 16:00:00,155.260,155.266,154.252,154.270,40186,0,0
2025.02.04 20:00:00,154.270,154.341,154.172,154.332,14377,0,0
2025.02.05 00:00:00,154.332,154.462,153.466,153.608,24790,0,0
2025.02.05 04:00:00,153.599,153.643,153.089,153.424,24664,0,0
2025.02.05 08:00:00,153.421,153.452,152.643,152.842,30515,0,0
2025.02.05 12:00:00,152.842,153.111,152.553,153.047,29621,0,0
2025.02.05 16:00:00,153.046,153.207,152.114,152.292,43770,0,0
2025.02.05 20:00:00,152.291,152.768,152.247,152.599,15755,0,0
2025.02.06 00:00:00,152.599,152.752,151.808,152.024,18552,0,0
2025.02.06 04:00:00,152.024,152.518,151.934,152.420,18521,0,0
2025.02.06 08:00:00,152.420,152.895,152.402,152.662,26047,0,0
2025.02.06 12:00:00,152.662,152.683,152.055,152.082,31907,0,0
2025.02.06 16:00:00,152.082,152.215,151.659,151.872,36764,0,0
2025.02.06 20:00:00,151.872,151.884,151.238,151.352,17959,0,0
2025.02.07 00:00:00,151.352,151.662,150.956,151.575,19144,0,0
2025.02.07 04:00:00,151.579,151.789,151.447,151.721,15934,0,0
2025.02.07 08:00:00,151.721,151.893,151.593,151.825,21947,0,0
2025.02.07 12:00:00,151.824,152.430,151.334,151.951,30765,0,0
2025.02.07 16:00:00,151.950,152.003,150.928,151.665,64004,0,0
2025.02.07 20:00:00,151.665,151.738,151.201,151.385,19457,0,0
2025.02.10 00:00:00,151.287,152.140,151.184,152.010,20545,0,0
2025.02.10 04:00:00,152.010,152.211,151.824,151.952,14372,0,0
2025.02.10 08:00:00,151.952,152.538,151.769,152.194,26594,0,0
2025.02.10 12:00:00,152.194,152.305,151.807,151.867,22896,0,0
2025.02.10 16:00:00,151.865,151.918,151.571,151.866,25719,0,0
2025.02.10 20:00:00,151.866,152.073,151.860,151.991,13084,0,0
2025.02.11 00:00:00,151.991,152.062,151.683,152.018,10825,0,0
2025.02.11 04:00:00,152.018,152.049,151.918,151.951,9166,0,0
2025.02.11 08:00:00,151.951,152.099,151.648,151.945,21479,0,0
2025.02.11 12:00:00,151.945,152.511,151.941,152.306,21900,0,0
2025.02.11 16:00:00,152.306,152.596,152.231,152.370,32698,0,0
2025.02.11 20:00:00,152.370,152.606,152.290,152.481,15961,0,0
2025.02.12 00:00:00,152.481,153.490,152.362,153.476,18108,0,0
2025.02.12 04:00:00,153.477,153.737,153.361,153.539,20473,0,0
2025.02.12 08:00:00,153.538,153.885,153.414,153.517,24589,0,0
2025.02.12 12:00:00,153.517,154.455,153.239,154.419,29615,0,0
2025.02.12 16:00:00,154.418,154.803,154.141,154.355,42774,0,0
2025.02.12 20:00:00,154.351,154.495,154.285,154.408,15095,0,0
2025.02.13 00:00:00,154.408,154.669,154.122,154.259,16167,0,0
2025.02.13 04:00:00,154.259,154.492,154.133,154.169,19799,0,0
2025.02.13 08:00:00,154.169,154.342,153.898,153.981,28107,0,0
2025.02.13 12:00:00,153.980,154.017,153.424,153.517,29329,0,0
2025.02.13 16:00:00,153.519,153.719,152.922,153.171,36471,0,0
2025.02.13 20:00:00,153.170,153.349,152.700,152.797,21958,0,0
2025.02.14 00:00:00,152.799,153.153,152.447,152.569,19067,0,0
2025.02.14 04:00:00,152.569,153.008,152.524,152.615,13298,0,0
2025.02.14 08:00:00,152.614,152.842,152.385,152.514,27287,0,0
2025.02.14 12:00:00,152.514,152.827,152.097,152.179,26184,0,0
2025.02.14 16:00:00,152.179,152.377,152.023,152.297,30125,0,0
2025.02.14 20:00:00,152.295,152.394,152.177,152.282,10212,0,0
2025.02.17 00:00:00,152.489,152.489,151.740,151.901,20135,0,0
2025.02.17 04:00:00,151.900,151.938,151.475,151.525,20648,0,0
2025.02.17 08:00:00,151.525,151.945,151.491,151.804,25837,0,0
2025.02.17 12:00:00,151.804,151.842,151.397,151.476,17959,0,0
2025.02.17 16:00:00,151.476,151.500,151.338,151.384,12862,0,0
2025.02.17 20:00:00,151.384,151.523,151.364,151.488,6991,0,0
2025.02.18 00:00:00,151.487,151.799,151.233,151.731,16229,0,0
2025.02.18 04:00:00,151.731,152.225,151.690,152.005,19449,0,0
2025.02.18 08:00:00,152.005,152.102,151.793,151.841,23792,0,0
2025.02.18 12:00:00,151.841,151.883,151.628,151.695,22368,0,0
2025.02.18 16:00:00,151.695,151.964,151.527,151.934,28485,0,0
2025.02.18 20:00:00,151.934,152.128,151.873,152.053,16949,0,0
2025.02.19 00:00:00,152.053,152.160,151.746,152.137,18416,0,0
2025.02.19 04:00:00,152.137,152.314,151.708,151.757,21003,0,0
2025.02.19 08:00:00,151.757,151.858,151.549,151.654,31796,0,0
2025.02.19 12:00:00,151.655,151.957,151.654,151.695,30453,0,0
2025.02.19 16:00:00,151.695,151.760,151.240,151.710,33000,0,0
2025.02.19 20:00:00,151.710,151.831,151.393,151.463,15694,0,0
2025.02.20 00:00:00,151.463,151.463,150.572,150.638,27002,0,0
2025.02.20 04:00:00,150.639,150.762,150.182,150.407,25341,0,0
2025.02.20 08:00:00,150.407,150.433,149.947,150.310,31151,0,0
2025.02.20 12:00:00,150.310,150.319,149.705,150.082,32926,0,0
2025.02.20 16:00:00,150.082,150.220,149.397,149.471,46281,0,0
2025.02.20 20:00:00,149.471,149.825,149.460,149.619,12937,0,0
2025.02.21 00:00:00,149.620,150.449,149.261,150.345,28309,0,0
2025.02.21 04:00:00,150.345,150.736,150.118,150.361,20633,0,0
2025.02.21 08:00:00,150.361,150.655,150.259,150.473,38354,0,0
2025.02.21 12:00:00,150.472,150.535,150.188,150.432,22039,0,0
2025.02.21 16:00:00,150.432,150.444,149.199,149.215,47024,0,0
2025.02.21 20:00:00,149.214,149.338,148.924,149.225,26766,0,0
2025.02.24 00:00:00,149.201,149.403,148.844,149.240,30073,0,0
2025.02.24 04:00:00,149.241,149.496,149.115,149.404,28516,0,0
2025.02.24 08:00:00,149.404,149.601,149.232,149.565,35833,0,0
2025.02.24 12:00:00,149.565,149.873,149.552,149.767,27040,0,0
2025.02.24 16:00:00,149.767,149.823,149.187,149.579,55608,0,0
2025.02.24 20:00:00,149.579,149.798,149.386,149.704,21627,0,0
2025.02.25 00:00:00,149.704,150.302,149.616,150.052,17150,0,0
2025.02.25 04:00:00,150.053,150.093,149.461,149.712,18818,0,0
2025.02.25 08:00:00,149.712,149.870,149.199,149.599,34351,0,0
2025.02.25 12:00:00,149.598,149.955,149.340,149.436,30640,0,0
2025.02.25 16:00:00,149.436,149.540,148.565,149.075,43916,0,0
2025.02.25 20:00:00,149.075,149.248,148.905,149.020,23618,0,0
2025.02.26 00:00:00,149.020,149.239,148.628,149.226,17384,0,0
2025.02.26 04:00:00,149.226,149.631,149.174,149.433,19808,0,0
2025.02.26 08:00:00,149.433,149.631,149.251,149.362,28287,0,0
2025.02.26 12:00:00,149.362,149.686,149.224,149.538,30546,0,0
2025.02.26 16:00:00,149.538,149.887,149.011,149.151,40579,0,0
2025.02.26 20:00:00,149.150,149.235,148.813,149.075,22419,0,0
2025.02.27 00:00:00,149.075,149.404,148.742,149.359,17007,0,0
2025.02.27 04:00:00,149.359,149.382,149.077,149.342,17235,0,0
2025.02.27 08:00:00,149.342,149.968,149.158,149.841,29841,0,0
2025.02.27 12:00:00,149.841,149.972,149.351,149.725,31152,0,0
2025.02.27 16:00:00,149.725,150.163,149.543,149.968,48506,0,0
2025.02.27 20:00:00,149.968,150.156,149.632,149.806,22498,0,0
2025.02.28 00:00:00,149.806,150.146,149.274,149.298,20858,0,0
2025.02.28 04:00:00,149.298,149.880,149.098,149.829,18233,0,0
2025.02.28 08:00:00,149.831,150.688,149.788,150.252,27661,0,0
2025.02.28 12:00:00,150.252,150.989,150.242,150.651,24908,0,0
2025.02.28 16:00:00,150.651,150.866,150.236,150.364,46293,0,0
2025.02.28 20:00:00,150.364,150.621,150.242,150.605,26996,0,0
2025.03.03 00:00:00,150.668,151.023,150.316,150.408,21071,0,0
2025.03.03 04:00:00,150.408,150.529,150.243,150.411,19232,0,0
2025.03.03 08:00:00,150.411,150.526,149.946,150.346,27941,0,0
2025.03.03 12:00:00,150.346,151.303,150.346,150.968,32664,0,0
2025.03.03 16:00:00,150.968,150.974,150.049,150.180,40434,0,0
2025.03.03 20:00:00,150.180,150.306,149.098,149.495,34013,0,0
2025.03.04 00:00:00,149.495,149.625,148.597,148.935,23842,0,0
2025.03.04 04:00:00,148.935,149.462,148.841,149.376,33065,0,0
2025.03.04 08:00:00,149.377,149.578,148.796,149.051,56879,0,0
2025.03.04 12:00:00,149.051,149.051,148.093,148.212,52755,0,0
2025.03.04 16:00:00,148.212,148.917,148.192,148.745,75005,0,0
2025.03.04 20:00:00,148.746,149.877,148.704,149.717,49632,0,0
2025.03.05 00:00:00,149.717,150.186,149.578,149.975,30136,0,0
2025.03.05 04:00:00,149.975,150.096,149.695,149.713,31491,0,0
2025.03.05 08:00:00,149.713,149.815,149.094,149.373,45008,0,0
2025.03.05 12:00:00,149.373,149.739,148.937,149.020,48480,0,0
2025.03.05 16:00:00,149.021,149.107,148.383,148.863,85011,0,0
2025.03.05 20:00:00,148.862,149.143,148.738,148.877,38189,0,0
2025.03.06 00:00:00,148.877,149.335,148.725,148.997,18253,0,0
2025.03.06 04:00:00,148.997,149.309,148.931,148.934,24459,0,0
2025.03.06 08:00:00,148.934,148.965,147.784,147.885,57474,0,0
2025.03.06 12:00:00,147.885,148.075,147.352,147.421,51781,0,0
2025.03.06 16:00:00,147.416,148.393,147.311,147.916,93090,0,0
2025.03.06 20:00:00,147.919,148.059,147.568,147.978,41156,0,0
2025.03.07 00:00:00,147.978,148.165,147.658,147.903,25058,0,0
2025.03.07 04:00:00,147.903,148.035,147.446,147.453,25934,0,0
2025.03.07 08:00:00,147.453,147.754,147.205,147.442,51959,0,0
2025.03.07 12:00:00,147.442,147.970,147.117,147.230,53999,0,0
2025.03.07 16:00:00,147.230,147.730,146.944,147.487,83392,0,0
2025.03.07 20:00:00,147.487,148.201,147.482,148.017,41160,0,0
2025.03.10 00:00:00,147.612,147.852,147.089,147.409,28995,0,0
2025.03.10 04:00:00,147.408,147.791,147.332,147.525,16573,0,0
2025.03.10 08:00:00,147.526,147.790,147.138,147.239,37480,0,0
2025.03.10 12:00:00,147.242,147.281,146.722,147.054,49898,0,0
2025.03.10 16:00:00,147.053,147.319,146.632,147.189,60887,0,0
2025.03.10 20:00:00,147.190,147.468,147.085,147.164,27013,0,0
2025.03.11 00:00:00,147.162,147.180,146.542,146.807,32295,0,0
2025.03.11 04:00:00,146.806,147.287,146.762,147.216,27003,0,0
2025.03.11 08:00:00,147.217,147.517,146.761,147.372,41864,0,0
2025.03.11 12:00:00,147.371,148.113,147.332,147.731,49552,0,0
2025.03.11 16:00:00,147.727,148.119,147.021,147.189,80807,0,0
2025.03.11 20:00:00,147.189,147.919,147.154,147.698,37089,0,0
2025.03.12 00:00:00,147.698,148.158,147.698,148.033,19824,0,0
2025.03.12 04:00:00,148.033,148.291,147.867,148.054,18219,0,0
2025.03.12 08:00:00,148.053,148.677,147.960,148.606,30673,0,0
2025.03.12 12:00:00,148.609,149.196,148.086,148.700,45875,0,0
2025.03.12 16:00:00,148.702,148.709,148.122,148.129,47516,0,0
2025.03.12 20:00:00,148.130,148.416,148.108,148.218,19883,0,0
2025.03.13 00:00:00,148.202,148.372,148.072,148.117,16782,0,0
2025.03.13 04:00:00,148.120,148.251,147.693,147.722,19353,0,0
2025.03.13 08:00:00,147.720,148.200,147.577,148.150,36149,0,0
2025.03.13 12:00:00,148.151,148.356,147.699,148.096,45604,0,0
2025.03.13 16:00:00,148.095,148.177,147.414,147.628,53065,0,0
2025.03.13 20:00:00,147.631,147.821,147.569,147.758,18380,0,0
2025.03.14 00:00:00,147.752,148.432,147.741,148.174,17826,0,0
2025.03.14 04:00:00,148.173,148.650,148.158,148.471,14931,0,0
2025.03.14 08:00:00,148.470,149.021,148.427,148.972,34948,0,0
2025.03.14 12:00:00,148.971,148.983,148.520,148.617,30897,0,0
2025.03.14 16:00:00,148.620,148.895,148.258,148.440,39143,0,0
2025.03.14 20:00:00,148.442,148.667,148.440,148.587,9391,0,0
2025.03.17 00:00:00,148.719,148.887,148.462,148.795,12794,0,0
2025.03.17 04:00:00,148.797,149.041,148.535,149.037,16405,0,0
2025.03.17 08:00:00,149.041,149.098,148.683,148.923,24173,0,0
2025.03.17 12:00:00,148.924,148.952,148.210,148.819,30198,0,0
2025.03.17 16:00:00,148.820,149.095,148.443,148.737,47722,0,0
2025.03.17 20:00:00,148.732,149.283,148.702,149.199,17660,0,0
2025.03.18 00:00:00,149.175,149.487,149.090,149.476,9546,0,0
2025.03.18 04:00:00,149.482,149.730,149.362,149.559,13599,0,0
2025.03.18 08:00:00,149.560,149.900,149.512,149.749,16395,0,0
2025.03.18 12:00:00,149.751,149.935,149.564,149.844,19247,0,0
2025.03.18 16:00:00,149.843,149.895,149.281,149.409,33832,0,0
2025.03.18 20:00:00,149.404,149.421,149.098,149.254,17965,0,0
2025.03.19 00:00:00,149.236,149.643,149.186,149.610,8415,1,0
2025.03.19 04:00:00,149.611,149.643,149.201,149.539,11163,1,0
2025.03.19 08:00:00,149.540,150.024,149.138,149.628,22515,1,0
2025.03.19 12:00:00,149.629,149.884,149.569,149.800,14205,1,0
2025.03.19 16:00:00,149.799,150.146,149.741,149.939,21518,1,0
2025.03.19 20:00:00,149.939,149.997,148.602,148.678,29340,1,0
2025.03.20 00:00:00,148.678,148.872,148.279,148.300,9784,1,0
2025.03.20 04:00:00,148.299,148.449,148.180,148.398,10924,1,0
2025.03.20 08:00:00,148.398,148.687,148.179,148.544,14877,1,0
2025.03.20 12:00:00,148.545,148.780,148.394,148.558,22210,1,0
2025.03.20 16:00:00,148.559,148.961,148.450,148.753,30737,1,0
2025.03.20 20:00:00,148.750,148.924,148.712,148.771,15444,1,0
2025.03.21 00:00:00,148.750,149.027,148.585,148.991,9080,1,0
2025.03.21 04:00:00,148.990,149.480,148.930,149.413,11659,1,0
2025.03.21 08:00:00,149.414,149.663,149.247,149.482,16028,0,0
2025.03.21 12:00:00,149.476,149.481,148.636,148.669,17909,0,0
2025.03.21 16:00:00,148.660,149.258,148.604,149.239,32891,0,0
2025.03.21 20:00:00,149.238,149.365,149.158,149.265,13466,0,0
2025.03.24 00:00:00,149.333,149.778,149.316,149.741,10359,0,0
2025.03.24 04:00:00,149.741,149.956,149.681,149.770,10169,0,0
2025.03.24 08:00:00,149.770,149.869,149.528,149.623,17334,0,0
2025.03.24 12:00:00,149.614,149.868,149.495,149.820,16617,0,0
2025.03.24 16:00:00,149.819,150.756,149.736,150.576,25139,0,0
2025.03.24 20:00:00,150.575,150.713,150.484,150.691,13349,0,0
2025.03.25 00:00:00,150.691,150.943,150.599,150.934,9278,0,0
2025.03.25 04:00:00,150.932,150.938,150.509,150.557,11988,0,0
2025.03.25 08:00:00,150.558,150.766,150.417,150.627,14172,0,0
2025.03.25 12:00:00,150.628,150.669,149.862,149.971,16966,0,0
2025.03.25 16:00:00,149.972,149.980,149.552,149.777,26091,0,0
2025.03.25 20:00:00,149.782,149.940,149.712,149.900,9928,0,0
2025.03.26 00:00:00,149.868,150.194,149.835,150.169,8962,0,0
2025.03.26 04:00:00,150.164,150.548,150.050,150.540,12812,0,0
2025.03.26 08:00:00,150.541,150.623,150.092,150.131,17105,0,0
2025.03.26 12:00:00,150.128,150.439,150.019,150.386,15767,0,0
2025.03.26 16:00:00,150.387,150.746,150.306,150.566,27022,0,0
2025.03.26 20:00:00,150.565,150.719,150.313,150.558,18163,0,0
2025.03.27 00:00:00,150.558,150.621,150.289,150.484,11062,0,0
2025.03.27 04:00:00,150.485,150.485,150.060,150.196,13606,0,0
2025.03.27 08:00:00,150.197,150.636,150.138,150.636,21533,0,0
2025.03.27 12:00:00,150.635,151.091,150.597,150.730,20887,0,0
2025.03.27 16:00:00,150.729,151.156,150.581,151.010,34399,0,0
2025.03.27 20:00:00,151.010,151.148,150.964,151.039,14854,0,0
2025.03.28 00:00:00,151.039,151.207,150.765,150.963,10319,0,0
2025.03.28 04:00:00,150.963,150.977,150.703,150.871,13916,0,0
2025.03.28 08:00:00,150.872,150.936,150.360,150.533,19365,0,0
2025.03.28 12:00:00,150.534,150.920,150.500,150.641,19290,0,0
2025.03.28 16:00:00,150.642,150.784,149.909,150.092,42771,0,0
2025.03.28 20:00:00,150.091,150.137,149.684,149.809,15645,0,0
2025.03.31 00:00:00,149.735,149.790,149.066,149.304,19344,0,0
2025.03.31 04:00:00,149.305,149.378,148.723,149.080,23274,0,0
2025.03.31 08:00:00,149.081,149.292,148.700,149.038,33874,0,0
2025.03.31 12:00:00,149.035,149.642,148.966,149.602,27717,0,0
2025.03.31 16:00:00,149.603,149.986,149.407,149.895,41089,0,0
2025.03.31 20:00:00,149.895,150.267,149.872,149.953,19538,0,0
2025.04.01 00:00:00,149.953,150.140,149.676,149.736,12185,0,0
2025.04.01 04:00:00,149.736,149.915,149.533,149.562,15613,0,0
2025.04.01 08:00:00,149.562,149.989,149.500,149.667,22539,0,0
2025.04.01 12:00:00,149.668,149.720,149.123,149.392,26284,0,0
2025.04.01 16:00:00,149.398,149.741,148.975,149.515,46006,0,0
2025.04.01 20:00:00,149.517,149.650,149.236,149.586,20497,0,0
2025.04.02 00:00:00,149.573,149.918,149.518,149.793,12391,0,0
2025.04.02 04:00:00,149.792,149.950,149.712,149.900,13075,0,0
2025.04.02 08:00:00,149.901,150.002,149.520,149.658,20334,0,0
2025.04.02 12:00:00,149.657,149.717,149.102,149.178,25325,0,0
2025.04.02 16:00:00,149.179,150.255,149.153,150.193,41298,0,0
2025.04.02 20:00:00,150.194,150.489,149.209,149.219,35558,0,0
2025.04.03 00:00:00,149.219,149.241,147.683,147.887,39253,0,0
2025.04.03 04:00:00,147.888,148.109,147.118,147.557,31297,0,0
2025.04.03 08:00:00,147.560,147.637,146.686,146.811,42933,0,0
2025.04.03 12:00:00,146.812,146.853,145.751,145.882,45883,0,0
2025.04.03 16:00:00,145.881,146.429,145.187,146.168,63380,0,0
2025.04.03 20:00:00,146.159,146.516,145.969,146.029,37092,0,0
2025.04.04 00:00:00,145.995,146.408,145.543,145.963,22354,0,0
2025.04.04 04:00:00,145.969,146.405,145.361,145.428,32348,0,0
2025.04.04 08:00:00,145.427,146.488,145.300,146.433,48346,0,0
2025.04.04 12:00:00,146.431,146.551,144.551,145.607,76814,0,0
2025.04.04 16:00:00,145.603,146.781,145.045,146.715,82212,0,0
2025.04.04 20:00:00,146.715,147.435,146.530,146.925,56766,0,0
2025.04.07 00:00:00,145.475,145.847,144.817,145.823,52664,0,0
2025.04.07 04:00:00,145.822,146.845,145.781,145.885,51088,0,0
2025.04.07 08:00:00,145.883,146.370,145.072,146.214,67709,0,0
2025.04.07 12:00:00,146.213,147.052,145.822,146.958,67446,0,0
2025.04.07 16:00:00,146.964,148.107,146.514,147.952,87524,0,0
2025.04.07 20:00:00,147.954,148.149,147.529,147.796,58008,0,0
2025.04.08 00:00:00,147.772,148.122,147.503,147.602,27867,0,0
2025.04.08 04:00:00,147.595,147.768,147.253,147.761,35348,0,0
2025.04.08 08:00:00,147.764,147.801,146.967,147.425,43081,0,0
2025.04.08 12:00:00,147.422,147.518,146.673,146.836,45362,0,0
2025.04.08 16:00:00,146.835,147.667,146.501,146.534,65366,0,0
2025.04.08 20:00:00,146.531,146.740,145.964,146.225,62840,0,0
2025.04.09 00:00:00,146.228,146.344,145.132,145.408,31724,0,0
2025.04.09 04:00:00,145.407,145.942,144.579,144.943,54651,0,0
2025.04.09 08:00:00,144.945,145.783,144.706,145.296,62962,0,0
2025.04.09 12:00:00,145.298,145.486,143.997,144.319,54455,0,0
2025.04.09 16:00:00,144.320,145.206,144.215,144.926,60495,0,0
2025.04.09 20:00:00,144.921,148.280,144.585,147.697,65938,0,0
2025.04.10 00:00:00,147.781,147.781,146.681,146.727,32000,0,0
2025.04.10 04:00:00,146.720,147.038,146.502,146.621,36624,0,0
2025.04.10 08:00:00,146.620,147.144,146.151,146.306,45388,0,0
2025.04.10 12:00:00,146.303,146.337,144.869,145.448,45253,0,0
2025.04.10 16:00:00,145.445,145.540,144.014,144.536,71016,0,0
2025.04.10 20:00:00,144.538,145.133,144.415,144.420,55384,0,0
2025.04.11 00:00:00,144.420,144.601,142.877,143.344,35635,0,0
2025.04.11 04:00:00,143.334,143.783,142.888,142.927,38915,0,0
2025.04.11 08:00:00,142.925,144.144,142.067,142.417,55477,0,0
2025.04.11 12:00:00,142.418,143.222,142.041,142.525,54973,0,0
2025.04.11 16:00:00,142.527,143.987,142.219,143.781,60622,0,0
2025.04.11 20:00:00,143.785,144.203,143.418,143.465,33502,0,0
2025.04.14 00:00:00,143.886,144.065,142.892,142.906,28690,0,0
2025.04.14 04:00:00,142.902,143.202,142.249,143.037,31769,0,0
2025.04.14 08:00:00,143.038,143.277,142.232,142.915,34513,0,0
2025.04.14 12:00:00,142.916,143.699,142.766,143.664,33422,0,0
2025.04.14 16:00:00,143.663,144.081,142.780,143.214,55681,0,0
2025.04.14 20:00:00,143.211,143.353,142.859,143.008,27912,0,0
2025.04.15 00:00:00,142.993,143.591,142.932,143.504,14025,0,0
2025.04.15 04:00:00,143.503,143.595,142.906,143.040,17324,0,0
2025.04.15 08:00:00,143.041,143.512,142.844,142.889,29115,0,0
2025.04.15 12:00:00,142.888,143.186,142.598,142.890,28965,0,0
2025.04.15 16:00:00,142.889,143.268,142.671,143.089,39182,0,0
2025.04.15 20:00:00,143.092,143.271,143.041,143.169,16911,0,0
2025.04.16 00:00:00,143.101,143.280,142.765,142.881,15627,0,0
2025.04.16 04:00:00,142.884,142.994,142.468,142.637,16238,0,0
2025.04.16 08:00:00,142.638,142.955,142.044,142.634,35278,0,0
2025.04.16 12:00:00,142.638,142.917,142.432,142.636,31384,0,0
2025.04.16 16:00:00,142.635,142.861,142.320,142.553,36314,0,0
2025.04.16 20:00:00,142.553,142.697,141.642,141.820,32644,0,0
2025.04.17 00:00:00,141.811,142.604,141.612,142.583,19120,0,0
2025.04.17 04:00:00,142.584,142.865,142.384,142.670,21072,0,0
2025.04.17 08:00:00,142.670,143.085,142.489,142.683,24848,0,0
2025.04.17 12:00:00,142.685,142.848,142.289,142.321,24814,0,0
2025.04.17 16:00:00,142.318,142.633,141.897,142.462,41732,0,0
2025.04.17 20:00:00,142.463,142.715,142.350,142.397,20471,0,0
2025.04.18 00:00:00,142.397,142.481,142.164,142.397,16862,0,0
2025.04.18 04:00:00,142.398,142.442,142.288,142.342,66056,0,0
2025.04.18 08:00:00,142.341,142.411,142.305,142.379,32219,0,0
2025.04.18 12:00:00,142.378,142.396,142.265,142.335,32748,0,0
2025.04.18 16:00:00,142.333,142.360,142.105,142.214,36244,0,0
2025.04.18 20:00:00,142.215,142.292,142.091,142.123,39283,0,0
2025.04.21 00:00:00,142.080,142.115,141.138,141.188,20712,0,0
2025.04.21 04:00:00,141.188,141.202,140.617,140.769,21312,0,0
2025.04.21 08:00:00,140.770,140.908,140.543,140.573,18668,0,0
2025.04.21 12:00:00,140.574,141.077,140.471,140.782,20360,0,0
2025.04.21 16:00:00,140.784,141.040,140.568,140.836,29462,0,0
2025.04.21 20:00:00,140.837,140.975,140.552,140.834,13875,0,0
2025.04.22 00:00:00,140.834,141.174,140.649,140.850,14328,0,0
2025.04.22 04:00:00,140.854,140.992,140.094,140.198,19486,0,0
2025.04.22 08:00:00,140.197,140.634,139.886,140.516,30360,0,0
2025.04.22 12:00:00,140.521,140.580,140.173,140.521,22118,0,0
2025.04.22 16:00:00,140.514,141.363,140.509,141.305,32356,0,0
2025.04.22 20:00:00,141.293,141.670,141.041,141.528,22371,0,0
2025.04.23 00:00:00,141.528,143.224,141.436,142.074,27864,0,0
2025.04.23 04:00:00,142.073,142.256,141.666,141.957,22663,0,0
2025.04.23 08:00:00,141.956,142.149,141.527,141.741,29750,0,0
2025.04.23 12:00:00,141.742,142.189,141.575,141.857,24951,0,0
2025.04.23 16:00:00,141.860,143.077,141.754,143.015,51573,0,0
2025.04.23 20:00:00,143.017,143.574,142.933,143.437,21156,0,0
2025.04.24 00:00:00,143.433,143.433,142.857,142.965,15415,0,0
2025.04.24 04:00:00,142.962,143.079,142.601,142.753,15750,0,0
2025.04.24 08:00:00,142.754,142.957,142.498,142.640,22783,0,0
2025.04.24 12:00:00,142.643,142.698,142.289,142.409,19988,0,0
2025.04.24 16:00:00,142.410,142.794,142.277,142.648,32402,0,0
2025.04.24 20:00:00,142.648,142.834,142.488,142.616,13885,0,0
2025.04.25 00:00:00,142.623,143.115,142.559,143.066,11596,0,0
2025.04.25 04:00:00,143.067,143.802,142.827,143.617,19694,0,0
2025.04.25 08:00:00,143.620,143.848,143.224,143.417,22495,0,0
2025.04.25 12:00:00,143.421,143.734,143.225,143.417,21018,0,0
2025.04.25 16:00:00,143.418,144.031,143.409,143.816,30510,0,0
2025.04.25 20:00:00,143.813,143.851,143.443,143.620,13431,0,0
2025.04.28 00:00:00,143.565,143.878,143.476,143.485,11065,0,0
2025.04.28 04:00:00,143.482,143.860,143.319,143.322,13482,0,0
2025.04.28 08:00:00,143.321,143.895,143.288,143.542,21153,0,0
2025.04.28 12:00:00,143.541,143.576,143.149,143.348,18004,0,0
2025.04.28 16:00:00,143.347,143.439,142.271,142.336,31607,0,0
2025.04.28 20:00:00,142.336,142.387,141.958,141.958,13186,0,0
2025.04.29 00:00:00,141.958,142.316,141.958,142.245,9335,0,0
2025.04.29 04:00:00,142.245,142.580,142.125,142.525,13093,0,0
2025.04.29 08:00:00,142.524,142.611,142.299,142.593,18967,0,0
2025.04.29 12:00:00,142.592,142.759,142.251,142.307,16573,0,0
2025.04.29 16:00:00,142.310,142.395,141.970,142.047,33673,0,0
2025.04.29 20:00:00,142.043,142.439,142.010,142.275,14573,0,0
2025.04.30 00:00:00,142.275,142.507,142.157,142.429,9829,0,0
2025.04.30 04:00:00,142.430,142.558,142.229,142.517,11916,0,0
2025.04.30 08:00:00,142.516,142.947,142.452,142.906,15311,0,0
2025.04.30 12:00:00,142.905,143.152,142.686,142.814,23292,0,0
2025.04.30 16:00:00,142.811,143.043,142.506,142.676,38378,0,0
2025.04.30 20:00:00,142.678,143.191,142.601,143.066,18328,0,0
2025.05.01 00:00:00,142.961,143.082,142.881,143.004,7869,0,0
2025.05.01 04:00:00,143.003,143.900,142.965,143.880,11720,0,0
2025.05.01 08:00:00,143.879,144.742,143.872,144.221,20781,0,0
2025.05.01 12:00:00,144.220,144.768,144.127,144.709,19042,0,0
2025.05.01 16:00:00,144.701,145.655,144.510,145.386,30426,0,0
2025.05.01 20:00:00,145.387,145.735,145.304,145.305,13687,0,0
2025.05.02 00:00:00,145.305,145.927,145.234,145.870,11628,0,0
2025.05.02 04:00:00,145.871,145.874,145.145,145.389,16734,0,0
2025.05.02 08:00:00,145.381,145.415,144.824,144.833,20771,0,0
2025.05.02 12:00:00,144.835,144.954,144.335,144.644,26613,0,0
2025.05.02 16:00:00,144.641,144.794,143.728,144.677,42849,0,0
2025.05.02 20:00:00,144.675,145.084,144.577,144.923,17316,0,0
2025.05.05 00:00:00,144.664,144.995,144.509,144.625,10701,0,0
2025.05.05 04:00:00,144.619,144.630,144.064,144.148,12640,0,0
2025.05.05 08:00:00,144.149,144.425,143.896,144.048,17941,0,0
2025.05.05 12:00:00,144.047,144.072,143.575,143.636,18984,0,0
2025.05.05 16:00:00,143.637,144.235,143.539,144.170,26900,0,0
2025.05.05 20:00:00,144.171,144.175,143.655,143.680,11205,0,0
2025.05.06 00:00:00,143.680,144.019,143.554,144.000,7636,1,0
2025.05.06 04:00:00,144.011,144.275,143.621,143.719,13412,0,0
2025.05.06 08:00:00,143.718,143.926,142.904,143.136,21883,0,0
2025.05.06 12:00:00,143.135,143.351,142.488,142.520,20284,0,0
2025.05.06 16:00:00,142.528,143.035,142.352,142.730,26446,0,0
2025.05.06 20:00:00,142.730,142.738,142.356,142.411,13685,0,0
2025.05.07 00:00:00,142.411,143.313,142.380,142.950,16869,0,0
2025.05.07 04:00:00,142.950,143.325,142.747,143.281,17454,0,0
2025.05.07 08:00:00,143.282,143.443,142.829,143.321,18433,0,0
2025.05.07 12:00:00,143.320,143.457,143.155,143.355,18113,0,0
2025.05.07 16:00:00,143.356,143.587,143.118,143.414,25004,0,0
2025.05.07 20:00:00,143.415,143.994,142.907,143.808,28698,0,0
2025.05.08 00:00:00,143.808,143.954,143.567,143.851,8812,0,0
2025.05.08 04:00:00,143.860,143.896,143.444,143.778,16863,0,0
2025.05.08 08:00:00,143.782,144.850,143.774,144.812,23994,0,0
2025.05.08 12:00:00,144.811,145.006,144.510,144.681,24442,0,0
2025.05.08 16:00:00,144.679,145.787,144.434,145.723,37158,0,0
2025.05.08 20:00:00,145.733,146.175,145.620,145.908,16032,0,0
2025.05.09 00:00:00,145.876,146.186,145.672,145.697,11128,0,0
2025.05.09 04:00:00,145.696,145.973,145.451,145.499,15687,0,0
2025.05.09 08:00:00,145.498,145.632,145.074,145.187,18760,0,0
2025.05.09 12:00:00,145.188,145.404,144.932,145.252,16137,0,0
2025.05.09 16:00:00,145.251,145.298,144.824,145.280,24106,0,0
2025.05.09 20:00:00,145.279,145.372,145.148,145.354,9327,0,0
2025.05.12 00:00:00,146.207,146.233,145.704,145.904,13841,0,0
2025.05.12 04:00:00,145.916,146.284,145.715,145.924,16080,0,0
2025.05.12 08:00:00,145.917,148.227,145.872,147.773,36473,0,0
2025.05.12 12:00:00,147.772,148.595,147.667,148.050,32158,0,0
2025.05.12 16:00:00,148.046,148.555,147.813,148.512,36102,0,0
2025.05.12 20:00:00,148.511,148.648,148.271,148.451,14782,0,0
2025.05.13 00:00:00,148.451,148.457,147.791,147.815,9945,1,0
2025.05.13 04:00:00,147.812,148.033,147.697,147.701,12025,0,0
2025.05.13 08:00:00,147.700,148.061,147.642,147.923,23011,0,0
2025.05.13 12:00:00,147.922,148.278,147.829,147.997,22690,0,0
2025.05.13 16:00:00,147.996,148.062,147.455,147.610,35127,0,0
2025.05.13 20:00:00,147.612,147.774,147.376,147.470,12624,0,0
2025.05.14 00:00:00,147.470,147.672,147.280,147.365,8031,0,0
2025.05.14 04:00:00,147.357,147.414,146.879,146.947,16095,0,0
2025.05.14 08:00:00,146.946,147.218,146.127,146.236,25022,0,0
2025.05.14 12:00:00,146.235,146.397,145.605,146.191,26456,0,0
2025.05.14 16:00:00,146.190,147.119,145.762,146.697,35700,0,0
2025.05.14 20:00:00,146.697,146.902,146.439,146.744,16570,0,0
2025.05.15 00:00:00,146.744,146.752,146.167,146.214,9137,0,0
2025.05.15 04:00:00,146.214,146.384,145.952,146.090,14747,0,0
2025.05.15 08:00:00,146.090,146.142,145.483,145.750,22109,0,0
2025.05.15 12:00:00,145.752,146.252,145.605,145.798,21315,0,0
2025.05.15 16:00:00,145.796,146.042,145.412,145.620,33369,0,0
2025.05.15 20:00:00,145.621,145.768,145.548,145.657,12555,0,0
2025.05.16 00:00:00,145.657,145.681,145.000,145.089,10765,0,0
2025.05.16 04:00:00,145.091,145.464,144.961,145.307,13801,0,0
2025.05.16 08:00:00,145.308,145.421,144.918,145.312,18026,0,0
2025.05.16 12:00:00,145.315,145.693,145.263,145.511,19088,0,0
2025.05.16 16:00:00,145.510,146.102,145.400,145.929,21033,0,0
2025.05.16 20:00:00,145.922,146.034,145.547,145.581,9971,0,0
2025.05.19 00:00:00,145.227,145.470,144.839,144.905,13547,1,0
2025.05.19 04:00:00,144.905,145.344,144.805,145.313,15918,0,0
2025.05.19 08:00:00,145.316,145.316,144.664,144.885,23120,0,0
2025.05.19 12:00:00,144.882,145.044,144.702,145.021,21571,0,0
2025.05.19 16:00:00,145.028,145.217,144.786,144.985,30082,0,0
2025.05.19 20:00:00,144.976,145.112,144.774,144.841,10353,0,0
2025.05.20 00:00:00,144.818,145.513,144.785,145.263,8057,0,0
2025.05.20 04:00:00,145.262,145.297,144.710,144.766,15728,0,0
2025.05.20 08:00:00,144.765,144.765,144.089,144.485,25780,0,0
2025.05.20 12:00:00,144.487,144.836,144.371,144.815,20926,0,0
2025.05.20 16:00:00,144.811,144.974,144.516,144.813,28081,0,0
2025.05.20 20:00:00,144.812,144.885,144.431,144.500,11076,0,0
2025.05.21 00:00:00,144.470,144.567,144.125,144.170,10318,0,0
2025.05.21 04:00:00,144.169,144.350,143.640,143.746,15360,0,0
2025.05.21 08:00:00,143.748,144.194,143.459,144.106,23283,0,0
2025.05.21 12:00:00,144.105,144.184,143.467,143.685,26396,0,0
2025.05.21 16:00:00,143.684,143.895,143.559,143.650,30093,0,0
2025.05.21 20:00:00,143.649,143.763,143.283,143.665,21456,0,0
2025.05.22 00:00:00,143.640,144.400,143.286,143.474,15549,0,0
2025.05.22 04:00:00,143.473,143.638,143.144,143.298,15812,0,0
2025.05.22 08:00:00,143.299,143.436,142.803,143.274,26707,0,0
2025.05.22 12:00:00,143.272,143.781,143.260,143.553,29406,0,0
2025.05.22 16:00:00,143.552,144.112,143.432,144.020,38091,0,0
2025.05.22 20:00:00,144.020,144.331,143.903,144.002,13935,0,0
2025.05.23 00:00:00,144.002,144.058,143.745,143.861,10315,0,0
2025.05.23 04:00:00,143.858,143.968,143.358,143.468,12440,0,0
2025.05.23 08:00:00,143.469,143.582,143.232,143.313,20254,0,0
2025.05.23 12:00:00,143.314,143.432,142.451,142.607,37125,0,0
2025.05.23 16:00:00,142.609,142.898,142.519,142.644,35343,0,0
2025.05.23 20:00:00,142.642,142.734,142.420,142.548,11851,0,0
2025.05.26 00:00:00,142.430,143.083,142.407,142.565,13638,0,0
2025.05.26 04:00:00,142.564,142.685,142.228,142.566,15015,0,0
2025.05.26 08:00:00,142.565,142.922,142.475,142.890,17536,0,0
2025.05.26 12:00:00,142.891,143.033,142.820,142.976,9460,0,0
2025.05.26 16:00:00,142.977,142.989,142.726,142.728,7322,0,0
2025.05.26 20:00:00,142.729,142.838,142.712,142.835,2022,0,0
2025.05.27 00:00:00,142.835,142.946,142.247,142.279,7809,0,0
2025.05.27 04:00:00,142.279,142.861,142.114,142.857,13233,0,0
2025.05.27 08:00:00,142.855,143.887,142.855,143.870,28771,0,0
2025.05.27 12:00:00,143.871,144.188,143.805,144.026,24326,0,0
2025.05.27 16:00:00,144.024,144.457,143.876,144.373,28768,0,0
2025.05.27 20:00:00,144.370,144.411,144.241,144.318,8417,0,0
2025.05.28 00:00:00,144.318,144.353,143.851,144.125,6854,0,0
2025.05.28 04:00:00,144.127,144.768,144.089,144.427,22139,0,0
2025.05.28 08:00:00,144.426,144.773,143.998,144.042,23010,0,0
2025.05.28 12:00:00,144.043,144.537,144.000,144.515,17996,0,0
2025.05.28 16:00:00,144.516,145.077,144.516,144.917,29077,0,0
2025.05.28 20:00:00,144.916,145.010,144.756,144.821,13080,0,0
2025.05.29 00:00:00,144.821,146.109,144.716,146.105,21243,0,0
2025.05.29 04:00:00,146.104,146.291,145.598,145.746,18403,0,0
2025.05.29 08:00:00,145.747,146.094,145.137,145.273,24163,0,0
2025.05.29 12:00:00,145.279,145.286,144.409,144.433,28362,0,0
2025.05.29 16:00:00,144.434,144.541,144.046,144.140,34599,0,0
2025.05.29 20:00:00,144.141,144.257,143.960,144.154,13200,0,0
2025.05.30 00:00:00,144.154,144.174,143.586,143.765,10097,0,0
2025.05.30 04:00:00,143.762,143.995,143.441,143.777,17906,0,0
2025.05.30 08:00:00,143.780,144.159,143.712,144.055,24719,0,0
2025.05.30 12:00:00,144.054,144.224,143.469,143.738,29274,0,0
2025.05.30 16:00:00,143.740,144.443,143.711,143.899,37372,0,0
2025.05.30 20:00:00,143.899,144.081,143.792,143.953,15004,0,0
2025.06.02 00:00:00,143.714,143.986,143.528,143.528,10724,0,0
2025.06.02 04:00:00,143.526,143.643,143.326,143.536,15721,0,0
2025.06.02 08:00:00,143.536,143.563,142.794,142.927,25344,0,0
2025.06.02 12:00:00,142.925,142.976,142.622,142.833,24523,0,0
2025.06.02 16:00:00,142.830,143.074,142.538,142.934,33947,0,0
2025.06.02 20:00:00,142.937,143.001,142.661,142.661,14013,0,0
2025.06.03 00:00:00,142.661,142.787,142.378,142.713,8168,0,0
2025.06.03 04:00:00,142.710,143.268,142.708,142.944,14867,0,0
2025.06.03 08:00:00,142.945,143.122,142.608,142.804,21709,0,0
2025.06.03 12:00:00,142.803,143.445,142.771,143.420,18357,0,0
2025.06.03 16:00:00,143.419,144.111,143.332,143.982,29178,0,0
2025.06.03 20:00:00,143.972,144.108,143.840,143.864,9741,0,0
2025.06.04 00:00:00,143.889,144.047,143.596,143.992,8322,0,0
2025.06.04 04:00:00,143.992,144.295,143.674,144.255,15910,0,0
2025.06.04 08:00:00,144.256,144.391,143.797,143.892,20278,0,0
2025.06.04 12:00:00,143.889,144.315,143.506,143.555,23831,0,0
2025.06.04 16:00:00,143.553,143.831,142.604,142.637,31570,0,0
2025.06.04 20:00:00,142.639,142.928,142.630,142.734,9563,0,0
2025.06.05 00:00:00,142.734,142.850,142.529,142.662,9083,1,0
2025.06.05 04:00:00,142.661,143.076,142.569,143.029,15493,0,0
2025.06.05 08:00:00,143.033,143.400,143.004,143.281,19882,0,0
2025.06.05 12:00:00,143.282,143.677,142.774,143.366,25840,0,0
2025.06.05 16:00:00,143.368,143.977,142.899,143.524,39230,0,0
2025.06.05 20:00:00,143.523,143.853,143.418,143.418,16143,0,0
2025.06.06 00:00:00,143.418,143.750,143.245,143.732,7317,0,0
2025.06.06 04:00:00,143.733,143.903,143.623,143.842,12442,0,0
2025.06.06 08:00:00,143.841,144.138,143.802,144.057,18565,0,0
2025.06.06 12:00:00,144.059,144.744,144.001,144.638,26371,0,0
2025.06.06 16:00:00,144.636,145.088,144.554,144.962,40828,0,0
2025.06.06 20:00:00,144.954,144.970,144.773,144.800,12401,0,0
2025.06.09 00:00:00,144.766,144.947,144.580,144.930,6682,0,0
2025.06.09 04:00:00,144.926,144.940,144.347,144.381,11696,0,0
2025.06.09 08:00:00,144.380,144.496,144.037,144.160,16707,0,0
2025.06.09 12:00:00,144.161,144.694,143.975,144.639,19011,0,0
2025.06.09 16:00:00,144.640,144.773,144.347,144.396,23320,0,0
2025.06.09 20:00:00,144.395,144.637,144.389,144.524,9464,0,0
2025.06.10 00:00:00,144.524,144.656,144.402,144.514,6483,0,0
2025.06.10 04:00:00,144.516,145.291,144.428,144.937,17693,0,0
2025.06.10 08:00:00,144.934,144.944,144.424,144.648,26535,0,0
2025.06.10 12:00:00,144.647,144.771,144.457,144.663,17911,0,0
2025.06.10 16:00:00,144.667,145.045,144.441,144.962,23541,0,0
2025.06.10 20:00:00,144.962,145.034,144.783,144.807,9916,0,0
2025.06.11 00:00:00,144.807,145.163,144.654,144.924,11484,0,0
2025.06.11 04:00:00,144.926,145.151,144.844,145.039,13277,0,0
2025.06.11 08:00:00,145.038,145.246,144.966,145.073,17795,0,0
2025.06.11 12:00:00,145.073,145.466,144.324,144.714,26408,0,0
2025.06.11 16:00:00,144.715,145.186,144.438,144.620,29247,0,0
2025.06.11 20:00:00,144.619,144.693,144.327,144.527,14378,0,0
2025.06.12 00:00:00,144.527,144.537,143.957,144.043,12348,0,0
2025.06.12 04:00:00,144.043,144.118,143.723,143.948,17782,0,0
2025.06.12 08:00:00,143.953,144.138,143.634,143.798,23291,0,0
2025.06.12 12:00:00,143.797,143.875,143.184,143.289,26491,0,0
2025.06.12 16:00:00,143.288,143.904,143.198,143.612,34634,0,0
2025.06.12 20:00:00,143.601,143.735,143.459,143.459,11533,0,0
2025.06.13 00:00:00,143.427,143.505,142.791,143.034,18927,0,0
2025.06.13 04:00:00,143.033,143.762,142.919,143.652,29979,0,0
2025.06.13 08:00:00,143.653,143.896,143.380,143.795,29004,0,0
2025.06.13 12:00:00,143.794,144.446,143.748,144.300,26237,0,0
2025.06.13 16:00:00,144.295,144.483,143.956,144.024,25940,0,0
2025.06.13 20:00:00,144.022,144.196,143.851,144.041,16630,0,0
2025.06.16 00:00:00,143.936,144.751,143.818,144.367,18591,0,0
2025.06.16 04:00:00,144.375,144.490,144.159,144.304,15747,0,0
2025.06.16 08:00:00,144.303,144.391,143.973,144.268,23111,0,0
2025.06.16 12:00:00,144.277,144.339,143.976,144.100,20121,0,0
2025.06.16 16:00:00,144.098,144.228,143.650,144.171,29774,0,0
2025.06.16 20:00:00,144.170,144.875,144.159,144.712,11977,0,0
2025.06.17 00:00:00,144.712,145.111,144.579,145.058,12951,0,0
2025.06.17 04:00:00,145.057,145.057,144.404,144.592,17023,0,0
2025.06.17 08:00:00,144.591,145.026,144.403,144.913,26363,0,0
2025.06.17 12:00:00,144.912,144.944,144.341,144.844,24836,0,0
2025.06.17 16:00:00,144.846,145.289,144.691,145.219,29561,0,0
2025.06.17 20:00:00,145.226,145.380,145.129,145.173,16968,0,0
2025.06.18 00:00:00,145.157,145.441,145.136,145.317,9948,0,0
2025.06.18 04:00:00,145.318,145.342,144.924,145.026,13185,0,0
2025.06.18 08:00:00,145.024,145.129,144.857,144.966,21095,0,0
2025.06.18 12:00:00,144.967,145.027,144.739,144.900,19707,0,0
2025.06.18 16:00:00,144.901,144.965,144.531,144.679,26597,0,0
2025.06.18 20:00:00,144.680,145.224,144.328,145.102,26785,0,0
2025.06.19 00:00:00,145.055,145.152,144.840,144.883,9476,0,0
2025.06.19 04:00:00,144.884,145.222,144.735,145.039,14530,0,0
2025.06.19 08:00:00,145.038,145.410,145.030,145.287,21465,0,0
2025.06.19 12:00:00,145.288,145.769,145.249,145.547,17968,0,0
2025.06.19 16:00:00,145.546,145.758,145.349,145.714,16325,0,0
2025.06.19 20:00:00,145.715,145.729,145.300,145.309,5872,0,0
2025.06.20 00:00:00,145.309,145.565,145.121,145.252,11288,0,0
2025.06.20 04:00:00,145.255,145.395,145.193,145.350,15076,0,0
2025.06.20 08:00:00,145.351,145.485,145.266,145.328,18900,0,0
2025.06.20 12:00:00,145.327,145.717,145.251,145.587,20267,0,0
2025.06.20 16:00:00,145.588,145.957,145.561,145.839,25753,0,0
2025.06.20 20:00:00,145.834,146.217,145.780,146.052,10069,0,0
2025.06.23 00:00:00,146.656,146.697,146.144,146.446,13453,0,0
2025.06.23 04:00:00,146.447,147.033,146.369,146.989,18855,0,0
2025.06.23 08:00:00,146.987,147.630,146.950,147.613,28169,0,0
2025.06.23 12:00:00,147.617,148.029,147.353,147.419,30106,0,0
2025.06.23 16:00:00,147.420,147.504,146.232,146.362,38379,0,0
2025.06.23 20:00:00,146.363,146.526,146.010,146.081,19930,0,0
2025.06.24 00:00:00,146.081,146.176,145.565,145.604,17052,0,0
2025.06.24 04:00:00,145.601,145.733,145.290,145.415,17830,0,0
2025.06.24 08:00:00,145.418,145.515,144.945,145.094,28580,0,0
2025.06.24 12:00:00,145.096,145.183,144.850,144.993,23872,0,0
2025.06.24 16:00:00,144.992,145.196,144.513,144.704,32697,0,0
2025.06.24 20:00:00,144.703,144.912,144.559,144.884,10819,0,0
2025.06.25 00:00:00,144.884,145.045,144.709,144.879,8817,0,0
2025.06.25 04:00:00,144.881,144.989,144.607,144.948,14947,0,0
2025.06.25 08:00:00,144.950,145.496,144.950,145.479,20593,0,0
2025.06.25 12:00:00,145.478,145.920,145.456,145.860,19804,0,0
2025.06.25 16:00:00,145.861,145.952,145.393,145.453,26669,0,0
2025.06.25 20:00:00,145.455,145.508,145.106,145.170,12403,0,0
2025.06.26 00:00:00,145.045,145.264,144.682,144.691,10260,0,0
2025.06.26 04:00:00,144.692,144.964,144.566,144.786,14583,0,0
2025.06.26 08:00:00,144.785,144.918,143.751,143.927,27683,0,0
2025.06.26 12:00:00,143.926,144.496,143.898,144.297,26529,0,0
2025.06.26 16:00:00,144.295,144.537,144.055,144.250,33191,0,0
2025.06.26 20:00:00,144.247,144.465,144.130,144.354,13490,0,0
2025.06.27 00:00:00,144.342,144.808,144.247,144.646,10974,0,0
2025.06.27 04:00:00,144.645,144.743,144.197,144.541,16942,0,0
2025.06.27 08:00:00,144.539,144.593,144.177,144.425,23004,0,0
2025.06.27 12:00:00,144.428,144.682,144.349,144.459,22995,0,0
2025.06.27 16:00:00,144.460,144.946,144.381,144.645,29722,0,0
2025.06.27 20:00:00,144.645,144.903,144.583,144.614,14841,0,0
2025.06.30 00:00:00,144.308,144.761,144.307,144.613,11811,0,0
2025.06.30 04:00:00,144.612,144.655,143.914,143.950,15361,0,0
2025.06.30 08:00:00,143.946,144.215,143.779,144.115,24170,0,0
2025.06.30 12:00:00,144.114,144.495,144.054,144.459,20940,0,0
2025.06.30 16:00:00,144.458,144.511,144.141,144.222,34514,0,0
2025.06.30 20:00:00,144.220,144.325,143.955,143.969,15051,0,0
2025.07.01 00:00:00,143.969,144.045,143.555,143.556,8589,0,0
2025.07.01 04:00:00,143.558,143.934,143.434,143.750,16364,0,0
2025.07.01 08:00:00,143.750,143.765,142.887,143.038,28804,0,0
2025.07.01 12:00:00,143.038,143.169,142.681,143.074,31585,0,0
2025.07.01 16:00:00,143.075,143.782,142.931,143.691,42655,0,0
2025.07.01 20:00:00,143.691,143.803,143.358,143.381,15643,0,0
2025.07.02 00:00:00,143.382,143.661,143.313,143.476,9507,0,0
2025.07.02 04:00:00,143.474,143.750,143.444,143.555,15822,0,0
2025.07.02 08:00:00,143.556,144.049,143.544,143.972,24424,0,0
2025.07.02 12:00:00,143.973,144.245,143.486,143.872,32666,0,0
2025.07.02 16:00:00,143.873,144.151,143.636,143.741,36282,0,0
2025.07.02 20:00:00,143.740,143.749,143.569,143.580,11870,0,0
2025.07.03 00:00:00,143.580,143.658,143.444,143.578,9065,0,0
2025.07.03 04:00:00,143.577,143.883,143.489,143.836,11347,0,0
2025.07.03 08:00:00,143.838,143.932,143.673,143.879,21132,0,0
2025.07.03 12:00:00,143.880,145.235,143.739,145.008,28830,0,0
2025.07.03 16:00:00,145.012,145.214,144.609,145.052,40144,0,0
2025.07.03 20:00:00,145.051,145.116,144.907,144.917,6711,0,0
2025.07.04 00:00:00,144.886,144.968,144.557,144.602,7652,0,0
2025.07.04 04:00:00,144.601,144.790,144.327,144.378,13453,0,0
2025.07.04 08:00:00,144.377,144.429,144.181,144.346,20896,0,0
2025.07.04 12:00:00,144.347,144.447,144.277,144.427,17994,0,0
2025.07.04 16:00:00,144.426,144.565,144.387,144.513,14938,0,0
2025.07.04 20:00:00,144.512,144.578,144.296,144.296,19739,0,0
2025.07.07 00:00:00,144.368,144.635,144.293,144.362,10606,0,0
2025.07.07 04:00:00,144.361,145.003,144.225,144.985,16530,0,0
2025.07.07 08:00:00,144.983,145.345,144.935,145.335,25887,0,0
2025.07.07 12:00:00,145.334,145.645,145.276,145.591,21780,0,0
2025.07.07 16:00:00,145.592,146.148,145.570,146.122,28144,0,0
2025.07.07 20:00:00,146.120,146.242,146.015,146.020,17610,0,0
2025.07.08 00:00:00,145.997,146.205,145.828,146.153,11766,0,0
2025.07.08 04:00:00,146.152,146.440,145.883,146.000,18603,0,0
2025.07.08 08:00:00,146.001,146.280,145.946,146.197,24137,0,0
2025.07.08 12:00:00,146.196,146.689,146.054,146.660,21704,0,0
2025.07.08 16:00:00,146.659,146.977,146.632,146.726,31861,0,0
2025.07.08 20:00:00,146.727,146.809,146.512,146.514,15962,0,0
2025.07.09 00:00:00,146.514,146.913,146.479,146.790,8448,0,0
2025.07.09 04:00:00,146.791,147.181,146.737,147.042,17238,0,0
2025.07.09 08:00:00,147.038,147.068,146.595,146.678,22920,0,0
2025.07.09 12:00:00,146.677,146.778,146.468,146.480,23260,0,0
2025.07.09 16:00:00,146.481,146.566,146.271,146.413,29125,0,0
2025.07.09 20:00:00,146.413,146.484,146.250,146.306,13706,0,0
2025.07.10 00:00:00,146.306,146.314,145.753,145.817,9979,0,0
2025.07.10 04:00:00,145.821,146.407,145.759,146.220,12067,0,0
2025.07.10 08:00:00,146.217,146.465,146.067,146.356,19529,0,0
2025.07.10 12:00:00,146.360,146.547,146.083,146.439,20793,0,0
2025.07.10 16:00:00,146.438,146.787,146.351,146.463,32026,0,0
2025.07.10 20:00:00,146.462,146.478,146.166,146.234,14154,0,0
2025.07.11 00:00:00,146.234,146.640,146.133,146.556,11757,0,0
2025.07.11 04:00:00,146.555,147.185,146.519,147.082,18758,0,0
2025.07.11 08:00:00,147.082,147.111,146.719,146.982,24319,0,0
2025.07.11 12:00:00,146.980,147.090,146.767,146.968,23283,0,0
2025.07.11 16:00:00,146.970,147.522,146.898,147.370,29734,0,0
2025.07.11 20:00:00,147.369,147.481,147.319,147.397,8598,0,0
2025.07.14 00:00:00,147.154,147.573,146.917,146.950,13687,0,0
2025.07.14 04:00:00,146.951,147.444,146.851,147.376,16029,0,0
2025.07.14 08:00:00,147.376,147.484,147.170,147.319,22573,0,0
2025.07.14 12:00:00,147.322,147.464,147.153,147.391,20535,0,0
2025.07.14 16:00:00,147.392,147.757,147.309,147.716,28740,0,0
2025.07.14 20:00:00,147.717,147.779,147.669,147.681,8423,0,0
2025.07.15 00:00:00,147.681,147.891,147.562,147.582,6622,0,0
2025.07.15 04:00:00,147.583,147.822,147.553,147.664,9970,0,0
2025.07.15 08:00:00,147.663,147.789,147.548,147.678,16805,0,0
2025.07.15 12:00:00,147.679,148.149,147.611,147.892,24417,0,0
2025.07.15 16:00:00,147.894,149.020,147.889,148.889,37335,0,0
2025.07.15 20:00:00,148.889,148.993,148.805,148.820,10543,0,0
2025.07.16 00:00:00,148.820,149.035,148.706,148.978,8525,0,0
2025.07.16 04:00:00,148.986,149.184,148.739,148.939,12821,0,0
2025.07.16 08:00:00,148.942,148.949,148.617,148.837,21838,0,0
2025.07.16 12:00:00,148.836,148.886,148.460,148.704,23408,0,0
2025.07.16 16:00:00,148.706,148.929,146.911,148.044,69539,0,0
2025.07.16 20:00:00,148.021,148.059,147.487,147.784,20602,0,0
2025.07.17 00:00:00,147.785,148.421,147.727,148.383,9839,0,0
2025.07.17 04:00:00,148.382,148.662,148.280,148.419,15609,0,0
2025.07.17 08:00:00,148.420,148.804,148.367,148.574,25955,0,0
2025.07.17 12:00:00,148.575,149.085,148.519,148.721,29293,0,0
2025.07.17 16:00:00,148.719,148.755,148.380,148.621,35321,0,0
2025.07.17 20:00:00,148.621,148.755,148.498,148.498,12339,0,0
2025.07.18 00:00:00,148.498,148.621,148.290,148.581,8493,0,0
2025.07.18 04:00:00,148.582,148.726,148.380,148.667,14558,0,0
2025.07.18 08:00:00,148.673,148.882,148.498,148.586,21667,0,0
2025.07.18 12:00:00,148.588,148.725,148.320,148.356,21728,0,0
2025.07.18 16:00:00,148.350,148.733,148.181,148.690,32659,0,0
2025.07.18 20:00:00,148.691,148.846,148.655,148.818,13002,0,0
2025.07.21 00:00:00,147.898,148.667,147.841,148.412,12818,0,0
2025.07.21 04:00:00,148.411,148.561,148.333,148.445,11638,0,0
2025.07.21 08:00:00,148.445,148.449,147.690,147.894,25366,0,0
2025.07.21 12:00:00,147.895,147.979,147.338,147.498,23382,0,0
2025.07.21 16:00:00,147.501,147.721,147.078,147.165,30129,0,0
2025.07.21 20:00:00,147.165,147.439,147.108,147.275,11114,0,0
2025.07.22 00:00:00,147.275,147.713,147.203,147.485,8704,0,0
2025.07.22 04:00:00,147.484,147.669,147.412,147.639,10784,0,0
2025.07.22 08:00:00,147.638,147.949,147.602,147.612,17833,0,0
2025.07.22 12:00:00,147.611,147.611,146.739,146.802,23370,0,0
2025.07.22 16:00:00,146.801,146.894,146.308,146.427,37975,0,0
2025.07.22 20:00:00,146.430,146.679,146.428,146.585,13048,0,0
2025.07.23 00:00:00,146.585,146.943,146.198,146.441,17120,0,0
2025.07.23 04:00:00,146.437,147.205,146.389,146.941,20836,0,0
2025.07.23 08:00:00,146.939,147.213,146.599,146.797,25727,0,0
2025.07.23 12:00:00,146.798,146.801,146.107,146.414,22720,0,0
2025.07.23 16:00:00,146.412,146.729,146.236,146.579,36190,0,0
2025.07.23 20:00:00,146.580,146.625,146.367,146.407,15178,0,0
2025.07.24 00:00:00,146.407,146.520,146.238,146.431,10768,0,0
2025.07.24 04:00:00,146.427,146.439,145.856,146.017,20527,0,0
2025.07.24 08:00:00,146.016,146.567,145.951,146.548,27606,0,0
2025.07.24 12:00:00,146.546,146.832,146.446,146.795,27280,0,0
2025.07.24 16:00:00,146.799,146.952,146.357,146.895,39192,0,0
2025.07.24 20:00:00,146.898,147.021,146.755,146.993,12719,0,0
2025.07.25 00:00:00,146.993,147.336,146.930,147.208,10948,0,0
2025.07.25 04:00:00,147.212,147.496,147.097,147.139,16924,0,0
2025.07.25 08:00:00,147.140,147.833,146.810,147.755,30663,0,0
2025.07.25 12:00:00,147.754,147.939,147.604,147.856,23688,0,0
2025.07.25 16:00:00,147.857,147.921,147.530,147.761,38190,0,0
2025.07.25 20:00:00,147.761,147.781,147.531,147.643,11458,0,0
2025.07.28 00:00:00,147.708,147.877,147.598,147.617,12363,0,0
2025.07.28 04:00:00,147.616,148.022,147.517,147.766,18289,0,0
2025.07.28 08:00:00,147.772,148.372,147.729,148.262,30281,0,0
2025.07.28 12:00:00,148.266,148.444,148.026,148.046,30804,0,0
2025.07.28 16:00:00,148.043,148.520,147.936,148.489,33239,0,0
2025.07.28 20:00:00,148.488,148.577,148.393,148.492,9744,0,0
2025.07.29 00:00:00,148.492,148.708,148.338,148.681,8592,0,0
2025.07.29 04:00:00,148.682,148.706,148.289,148.351,15295,0,0
2025.07.29 08:00:00,148.351,148.750,148.155,148.554,27013,0,0
2025.07.29 12:00:00,148.553,148.771,148.385,148.708,23146,0,0
2025.07.29 16:00:00,148.717,148.810,148.350,148.563,34377,0,0
2025.07.29 20:00:00,148.564,148.583,148.334,148.405,12322,0,0
2025.07.30 00:00:00,148.405,148.523,148.032,148.054,7921,0,0
2025.07.30 04:00:00,148.037,148.171,147.843,148.156,15356,0,0
2025.07.30 08:00:00,148.156,148.170,147.802,147.960,26747,0,0
2025.07.30 12:00:00,147.961,148.889,147.851,148.853,30595,0,0
2025.07.30 16:00:00,148.852,149.130,148.830,148.934,31536,0,0
2025.07.30 20:00:00,148.934,149.527,148.521,149.481,32792,0,0
2025.07.31 00:00:00,149.481,149.481,149.176,149.304,9663,0,0
2025.07.31 04:00:00,149.303,149.341,148.590,148.889,19550,0,0
2025.07.31 08:00:00,148.890,149.722,148.680,149.641,33861,0,0
2025.07.31 12:00:00,149.640,150.258,149.623,150.189,31205,0,0
2025.07.31 16:00:00,150.188,150.788,150.177,150.691,38866,0,0
2025.07.31 20:00:00,150.690,150.841,150.555,150.724,18699,0,0
2025.08.01 00:00:00,150.724,150.896,150.594,150.737,12749,0,0
2025.08.01 04:00:00,150.741,150.916,150.551,150.614,17225,0,0
2025.08.01 08:00:00,150.615,150.657,150.412,150.603,22458,0,0
2025.08.01 12:00:00,150.605,150.629,148.565,148.598,41345,0,0
2025.08.01 16:00:00,148.597,148.663,147.479,147.831,79761,0,0
2025.08.01 20:00:00,147.837,147.951,147.292,147.360,30743,0,0
2025.08.04 00:00:00,147.214,147.694,147.052,147.653,18040,0,0
2025.08.04 04:00:00,147.654,147.912,147.557,147.686,22595,0,0
2025.08.04 08:00:00,147.687,148.091,147.528,147.893,35074,0,0
2025.08.04 12:00:00,147.892,147.945,147.008,147.196,35202,0,0
2025.08.04 16:00:00,147.195,147.354,146.862,147.040,45271,0,0
2025.08.04 20:00:00,147.039,147.106,146.908,147.073,19484,0,0
2025.08.05 00:00:00,147.056,147.080,146.616,146.924,12928,0,0
2025.08.05 04:00:00,146.927,147.264,146.880,147.094,17759,0,0
2025.08.05 08:00:00,147.095,147.635,147.031,147.583,29248,0,0
2025.08.05 12:00:00,147.582,147.778,147.450,147.655,28752,0,0
2025.08.05 16:00:00,147.657,147.835,147.301,147.541,47696,0,0
2025.08.05 20:00:00,147.542,147.703,147.485,147.584,17308,0,0
2025.08.06 00:00:00,147.466,147.645,147.445,147.598,10842,0,0
2025.08.06 04:00:00,147.598,147.751,147.300,147.346,17292,0,0
2025.08.06 08:00:00,147.343,147.844,147.331,147.808,27111,0,0
2025.08.06 12:00:00,147.808,147.886,147.404,147.439,27545,0,0
2025.08.06 16:00:00,147.438,147.656,147.211,147.348,37251,0,0
2025.08.06 20:00:00,147.348,147.633,146.977,147.310,19081,0,0
2025.08.07 00:00:00,147.310,147.601,147.148,147.584,11829,0,0
2025.08.07 04:00:00,147.585,147.709,147.268,147.308,19017,0,0
2025.08.07 08:00:00,147.307,147.348,146.690,147.133,35905,0,0
2025.08.07 12:00:00,147.131,147.496,147.020,147.291,32882,0,0
2025.08.07 16:00:00,147.291,147.589,147.110,147.362,40622,0,0
2025.08.07 20:00:00,147.361,147.567,146.944,147.105,23965,0,0
2025.08.08 00:00:00,147.105,147.193,146.715,147.146,14246,0,0
2025.08.08 04:00:00,147.147,147.372,147.117,147.169,16810,0,0
2025.08.08 08:00:00,147.169,147.693,147.133,147.646,30795,0,0
2025.08.08 12:00:00,147.645,147.895,147.544,147.846,31380,0,0
2025.08.08 16:00:00,147.847,147.905,147.633,147.741,31471,0,0
2025.08.08 20:00:00,147.738,147.820,147.619,147.619,20173,0,0
2025.08.11 00:00:00,147.446,147.793,147.444,147.662,8800,0,0
2025.08.11 04:00:00,147.666,147.716,147.424,147.482,14153,0,0
2025.08.11 08:00:00,147.483,147.663,147.349,147.507,24240,0,0
2025.08.11 12:00:00,147.513,147.951,147.485,147.809,25927,0,0
2025.08.11 16:00:00,147.810,148.114,147.788,147.984,31102,0,0
2025.08.11 20:00:00,147.989,148.253,147.966,148.140,15693,0,0
2025.08.12 00:00:00,148.140,148.429,148.048,148.403,9067,0,0
2025.08.12 04:00:00,148.404,148.445,148.209,148.353,14422,0,0
2025.08.12 08:00:00,148.357,148.467,148.148,148.416,29847,0,0
2025.08.12 12:00:00,148.415,148.519,147.823,148.051,33831,0,0
2025.08.12 16:00:00,148.052,148.449,147.577,147.712,56926,0,0
2025.08.12 20:00:00,147.713,147.875,147.687,147.837,18019,0,0
2025.08.13 00:00:00,147.650,147.892,147.650,147.802,9464,0,0
2025.08.13 04:00:00,147.804,148.165,147.729,147.933,16861,0,0
2025.08.13 08:00:00,147.934,148.010,147.200,147.260,27408,0,0
2025.08.13 12:00:00,147.259,147.566,147.156,147.414,28409,0,0
2025.08.13 16:00:00,147.415,147.433,147.087,147.344,34040,0,0
2025.08.13 20:00:00,147.347,147.514,147.315,147.366,14700,0,0
2025.08.14 00:00:00,147.304,147.349,146.617,146.687,9938,0,0
2025.08.14 04:00:00,146.686,146.748,146.338,146.387,20919,0,0
2025.08.14 08:00:00,146.388,146.632,146.214,146.554,34008,0,0
2025.08.14 12:00:00,146.553,147.106,146.426,146.951,35716,0,0
2025.08.14 16:00:00,146.955,147.892,146.948,147.849,44723,0,0
2025.08.14 20:00:00,147.849,147.961,147.724,147.747,16593,0,0
2025.08.15 00:00:00,147.747,147.870,147.464,147.484,8425,0,0
2025.08.15 04:00:00,147.475,147.516,147.110,147.138,14813,0,0
2025.08.15 08:00:00,147.145,147.221,146.853,146.857,24454,0,0
2025.08.15 12:00:00,146.860,147.274,146.736,146.888,26670,0,0
2025.08.15 16:00:00,146.877,147.263,146.771,147.202,39487,0,0
2025.08.15 20:00:00,147.203,147.333,147.103,147.161,13087,0,0
2025.08.18 00:00:00,147.099,147.458,147.080,147.429,10429,0,0
2025.08.18 04:00:00,147.430,147.584,147.301,147.373,15012,0,0
2025.08.18 08:00:00,147.374,147.521,147.118,147.343,27463,0,0
2025.08.18 12:00:00,147.344,147.795,147.276,147.724,25036,0,0
2025.08.18 16:00:00,147.727,147.987,147.677,147.790,29193,0,0
2025.08.18 20:00:00,147.789,147.926,147.653,147.869,13726,0,0
2025.08.19 00:00:00,147.869,147.982,147.682,147.774,8968,0,0
2025.08.19 04:00:00,147.772,148.108,147.621,147.760,20027,0,0
2025.08.19 08:00:00,147.759,147.776,147.530,147.664,23862,0,0
2025.08.19 12:00:00,147.662,147.851,147.600,147.788,24902,0,0
2025.08.19 16:00:00,147.786,147.903,147.553,147.622,31531,0,0
2025.08.19 20:00:00,147.623,147.689,147.444,147.663,16456,0,0
2025.08.20 00:00:00,147.663,147.818,147.500,147.568,9145,0,0
2025.08.20 04:00:00,147.565,147.665,147.425,147.575,17808,0,0
2025.08.20 08:00:00,147.575,147.697,147.142,147.588,25911,0,0
2025.08.20 12:00:00,147.591,147.593,147.240,147.276,21167,0,0
2025.08.20 16:00:00,147.275,147.440,146.867,147.116,37430,0,0
2025.08.20 20:00:00,147.113,147.490,147.008,147.314,15826,0,0
2025.08.21 00:00:00,147.300,147.462,147.233,147.387,10832,0,0
2025.08.21 04:00:00,147.385,147.507,147.253,147.385,15115,0,0
2025.08.21 08:00:00,147.384,147.641,147.340,147.585,23452,0,0
2025.08.21 12:00:00,147.586,147.936,147.479,147.760,26019,0,0
2025.08.21 16:00:00,147.757,148.401,147.584,148.274,41205,0,0
2025.08.21 20:00:00,148.269,148.407,148.167,148.361,12799,0,0
2025.08.22 00:00:00,148.361,148.506,148.176,148.481,10092,0,0
2025.08.22 04:00:00,148.484,148.764,148.412,148.746,14759,0,0
2025.08.22 08:00:00,148.747,148.779,148.409,148.642,21216,0,0
2025.08.22 12:00:00,148.644,148.738,148.599,148.709,21057,0,0
2025.08.22 16:00:00,148.710,148.721,146.573,146.706,54807,0,0
2025.08.22 20:00:00,146.705,147.000,146.574,146.908,16564,0,0
2025.08.25 00:00:00,146.826,147.527,146.740,147.384,12393,0,0
2025.08.25 04:00:00,147.383,147.520,147.205,147.239,13771,0,0
2025.08.25 08:00:00,147.247,147.375,147.098,147.287,18647,0,0
2025.08.25 12:00:00,147.288,147.449,147.224,147.376,17528,0,0
2025.08.25 16:00:00,147.375,147.674,147.288,147.539,29224,0,0
2025.08.25 20:00:00,147.538,147.939,147.499,147.745,19949,0,0
2025.08.26 00:00:00,147.745,147.875,146.987,147.112,19551,0,0
2025.08.26 04:00:00,147.111,147.812,147.111,147.768,20280,0,0
2025.08.26 08:00:00,147.767,147.906,147.493,147.576,32945,0,0
2025.08.26 12:00:00,147.578,147.671,147.323,147.546,28062,0,0
2025.08.26 16:00:00,147.547,147.721,147.098,147.308,33347,0,0
2025.08.26 20:00:00,147.306,147.545,147.268,147.339,15415,0,0
2025.08.27 00:00:00,147.339,147.578,147.238,147.577,9223,0,0
2025.08.27 04:00:00,147.577,147.959,147.514,147.945,15838,0,0
2025.08.27 08:00:00,147.946,148.003,147.655,147.916,24388,0,0
2025.08.27 12:00:00,147.919,148.184,147.865,148.070,24748,0,0
2025.08.27 16:00:00,148.071,148.128,147.337,147.356,31760,0,0
2025.08.27 20:00:00,147.355,147.518,147.293,147.358,16993,0,0
2025.08.28 00:00:00,147.358,147.481,147.203,147.293,11502,0,0
2025.08.28 04:00:00,147.289,147.445,147.077,147.162,15577,0,0
2025.08.28 08:00:00,147.164,147.406,146.999,147.184,26198,0,0
2025.08.28 12:00:00,147.186,147.187,146.806,147.104,30556,0,0
2025.08.28 16:00:00,147.109,147.233,146.828,146.848,35077,0,0
2025.08.28 20:00:00,146.850,146.997,146.659,146.921,14676,0,0
2025.08.29 00:00:00,146.921,147.082,146.758,146.818,11986,0,0
2025.08.29 04:00:00,146.819,147.110,146.790,146.904,16330,0,0
2025.08.29 08:00:00,146.904,147.200,146.867,146.952,22040,0,0
2025.08.29 12:00:00,146.953,147.409,146.937,147.333,25570,0,0
2025.08.29 16:00:00,147.334,147.392,146.766,146.915,37225,0,0
2025.08.29 20:00:00,146.916,147.112,146.880,146.999,10746,0,0
2025.09.01 00:00:00,147.037,147.260,146.909,147.234,8024,0,0
2025.09.01 04:00:00,147.235,147.382,146.838,147.046,16551,0,0
2025.09.01 08:00:00,147.053,147.204,146.784,146.989,21852,0,0
2025.09.01 12:00:00,146.988,147.234,146.936,147.191,20464,0,0
2025.09.01 16:00:00,147.190,147.308,147.168,147.239,17878,0,0
2025.09.01 20:00:00,147.240,147.244,147.143,147.168,6063,0,0
2025.09.02 00:00:00,147.168,147.356,147.043,147.311,10476,0,0
2025.09.02 04:00:00,147.310,147.862,147.189,147.726,18626,0,0
2025.09.02 08:00:00,147.729,148.791,147.699,148.441,38004,0,0
2025.09.02 12:00:00,148.454,148.945,148.370,148.832,40294,0,0
2025.09.02 16:00:00,148.831,148.849,147.939,148.299,44580,0,0
2025.09.02 20:00:00,148.298,148.535,148.245,148.355,14574,0,0
2025.09.03 00:00:00,148.355,148.767,148.214,148.760,10066,0,0
2025.09.03 04:00:00,148.761,148.924,148.554,148.595,14904,0,0
2025.09.03 08:00:00,148.596,149.133,148.484,148.588,28278,0,0
2025.09.03 12:00:00,148.587,148.801,148.434,148.730,28510,0,0
2025.09.03 16:00:00,148.729,148.796,147.906,147.936,41080,0,0
2025.09.03 20:00:00,147.936,148.161,147.875,148.061,14349,0,0
2025.09.04 00:00:00,148.061,148.172,147.903,148.027,11496,0,0
2025.09.04 04:00:00,148.027,148.282,147.787,148.241,18738,0,0
2025.09.04 08:00:00,148.243,148.415,148.110,148.216,24210,0,0
2025.09.04 12:00:00,148.215,148.531,147.999,148.431,28391,0,0
2025.09.04 16:00:00,148.432,148.779,148.350,148.618,35133,0,0
2025.09.04 20:00:00,148.617,148.673,148.438,148.479,11319,0,0
2025.09.05 00:00:00,148.479,148.515,148.125,148.172,10736,0,0
2025.09.05 04:00:00,148.171,148.266,148.081,148.220,11595,0,0
2025.09.05 08:00:00,148.218,148.275,148.112,148.163,19515,0,0
2025.09.05 12:00:00,148.162,148.254,147.176,147.274,33410,0,0
2025.09.05 16:00:00,147.275,147.467,146.818,147.141,51220,0,0
2025.09.05 20:00:00,147.140,147.507,147.131,147.336,18942,0,0
2025.09.08 00:00:00,148.042,148.581,147.886,148.339,20425,0,0
2025.09.08 04:00:00,148.336,148.388,148.001,148.163,19714,0,0
2025.09.08 08:00:00,148.171,148.182,147.464,147.687,26683,0,0
2025.09.08 12:00:00,147.686,147.879,147.650,147.696,24806,0,0
2025.09.08 16:00:00,147.695,147.872,147.538,147.687,30190,0,0
2025.09.08 20:00:00,147.690,147.767,147.336,147.422,13026,0,0
2025.09.09 00:00:00,147.422,147.521,147.152,147.349,11926,0,0
2025.09.09 04:00:00,147.354,147.403,147.092,147.126,15720,0,0
2025.09.09 08:00:00,147.127,147.333,146.560,146.610,28737,0,0
2025.09.09 12:00:00,146.611,147.007,146.304,146.923,26296,0,0
2025.09.09 16:00:00,146.922,147.352,146.522,147.274,42141,0,0
2025.09.09 20:00:00,147.274,147.469,147.233,147.405,14709,0,0
2025.09.10 00:00:00,147.405,147.477,147.194,147.429,9544,0,0
2025.09.10 04:00:00,147.428,147.572,147.268,147.328,16244,0,0
2025.09.10 08:00:00,147.329,147.585,147.277,147.522,24397,0,0
2025.09.10 12:00:00,147.523,147.647,147.063,147.563,28599,0,0
2025.09.10 16:00:00,147.567,147.605,147.264,147.374,32512,0,0
2025.09.10 20:00:00,147.373,147.469,147.246,147.457,12141,0,0
2025.09.11 00:00:00,147.457,147.471,147.278,147.464,9738,0,0
2025.09.11 04:00:00,147.467,147.482,147.319,147.436,12284,0,0
2025.09.11 08:00:00,147.435,147.865,147.425,147.854,21283,0,0
2025.09.11 12:00:00,147.853,148.181,147.360,147.501,31542,0,0
2025.09.11 16:00:00,147.500,147.619,146.986,147.055,41390,0,0
2025.09.11 20:00:00,147.055,147.306,147.049,147.199,15854,0,0
2025.09.12 00:00:00,147.199,147.334,147.118,147.229,10023,0,0
2025.09.12 04:00:00,147.230,147.546,147.213,147.504,13861,0,0
2025.09.12 08:00:00,147.505,147.928,147.240,147.898,26143,0,0
2025.09.12 12:00:00,147.897,148.072,147.684,147.852,25151,0,0
2025.09.12 16:00:00,147.854,147.892,147.587,147.682,26858,0,0
2025.09.12 20:00:00,147.677,147.723,147.460,147.636,11622,0,0
2025.09.15 00:00:00,147.498,147.786,147.482,147.551,9228,0,0
2025.09.15 04:00:00,147.552,147.611,147.338,147.399,17404,0,0
2025.09.15 08:00:00,147.394,147.608,147.371,147.409,22080,0,0
2025.09.15 12:00:00,147.415,147.478,147.247,147.266,21461,0,0
2025.09.15 16:00:00,147.268,147.470,147.231,147.338,25843,0,0
2025.09.15 20:00:00,147.338,147.431,147.240,147.354,14827,0,0
2025.09.16 00:00:00,147.357,147.501,147.232,147.446,10584,0,0
2025.09.16 04:00:00,147.446,147.540,146.970,147.016,22825,0,0
2025.09.16 08:00:00,147.015,147.093,146.689,146.998,28433,0,0
2025.09.16 12:00:00,146.996,147.255,146.866,147.101,23231,0,0
2025.09.16 16:00:00,147.103,147.138,146.350,146.356,22793,0,0
2025.09.16 20:00:00,146.355,146.507,146.276,146.446,12594,0,0
2025.09.17 00:00:00,146.446,146.569,146.212,146.538,9785,0,0
2025.09.17 04:00:00,146.540,146.606,146.428,146.456,10774,0,0
2025.09.17 08:00:00,146.457,146.681,146.369,146.455,12871,0,0
2025.09.17 12:00:00,146.454,146.476,146.193,146.377,13463,0,0
2025.09.17 16:00:00,146.376,146.400,146.211,146.290,14252,0,0
2025.09.17 20:00:00,146.289,147.050,145.485,146.949,45968,0,0
2025.09.18 00:00:00,146.949,147.030,146.770,146.916,12715,0,0
2025.09.18 04:00:00,146.915,147.222,146.845,147.209,15022,0,0
2025.09.18 08:00:00,147.210,147.533,147.027,147.435,22750,0,0
2025.09.18 12:00:00,147.434,147.803,147.162,147.800,29932,0,0
2025.09.18 16:00:00,147.801,148.266,147.801,147.867,42230,0,0
2025.09.18 20:00:00,147.866,148.011,147.803,147.983,13692,0,0
2025.09.19 00:00:00,147.983,148.116,147.799,148.013,12742,0,0
2025.09.19 04:00:00,148.011,148.108,147.193,147.524,33748,0,0
2025.09.19 08:00:00,147.523,148.036,147.418,147.856,41143,0,0
2025.09.19 12:00:00,147.856,148.287,147.752,148.152,27773,0,0
2025.09.19 16:00:00,148.151,148.155,147.792,147.847,34952,0,0
2025.09.19 20:00:00,147.847,147.996,147.842,147.944,13549,0,0
2025.09.22 00:00:00,147.863,148.260,147.824,148.156,8563,0,0
2025.09.22 04:00:00,148.153,148.373,148.088,148.286,13224,0,0
2025.09.22 08:00:00,148.287,148.306,147.818,147.854,19068,0,0
2025.09.22 12:00:00,147.855,147.946,147.739,147.841,19931,0,0
2025.09.22 16:00:00,147.844,147.986,147.731,147.743,22514,0,0
2025.09.22 20:00:00,147.742,147.782,147.653,147.695,10353,0,0
2025.09.23 00:00:00,147.695,147.820,147.647,147.668,8084,0,0
2025.09.23 04:00:00,147.665,147.867,147.599,147.809,16461,0,0
2025.09.23 08:00:00,147.806,147.841,147.534,147.557,20275,0,0
2025.09.23 12:00:00,147.556,147.886,147.505,147.778,17622,0,0
2025.09.23 16:00:00,147.777,147.928,147.618,147.773,28010,0,0
2025.09.23 20:00:00,147.772,147.777,147.459,147.585,17780,0,0
2025.09.24 00:00:00,147.562,147.826,147.483,147.777,10792,0,0
2025.09.24 04:00:00,147.775,147.961,147.711,147.903,15601,0,0
2025.09.24 08:00:00,147.903,148.292,147.813,148.265,18611,0,0
2025.09.24 12:00:00,148.254,148.713,148.210,148.667,17627,0,0
2025.09.24 16:00:00,148.668,148.795,148.594,148.765,23261,0,0
2025.09.24 20:00:00,148.766,148.912,148.705,148.888,10440,0,0
2025.09.25 00:00:00,148.888,148.888,148.556,148.570,10570,0,0
2025.09.25 04:00:00,148.572,148.860,148.555,148.601,15437,0,0
2025.09.25 08:00:00,148.600,148.864,148.597,148.742,19128,0,0
2025.09.25 12:00:00,148.743,149.358,148.684,149.245,22057,0,0
2025.09.25 16:00:00,149.247,149.867,149.146,149.824,32093,0,0
2025.09.25 20:00:00,149.819,149.925,149.730,149.786,15626,0,0
2025.09.26 00:00:00,149.730,149.957,149.636,149.684,13271,0,0
2025.09.26 04:00:00,149.681,149.851,149.627,149.640,14531,0,0
2025.09.26 08:00:00,149.639,149.889,149.614,149.754,17814,0,0
2025.09.26 12:00:00,149.755,149.954,149.589,149.623,20197,0,0
2025.09.26 16:00:00,149.626,149.784,149.424,149.548,26643,0,0
2025.09.26 20:00:00,149.550,149.561,149.403,149.495,10661,0,0
2025.09.29 00:00:00,149.397,149.517,149.117,149.179,10277,0,0
2025.09.29 04:00:00,149.177,149.279,148.881,148.954,17789,0,0
2025.09.29 08:00:00,148.952,148.980,148.468,148.531,22294,0,0
2025.09.29 12:00:00,148.530,148.814,148.471,148.604,19810,0,0
2025.09.29 16:00:00,148.603,148.741,148.481,148.582,22431,0,0
2025.09.29 20:00:00,148.584,148.694,148.547,148.573,10011,0,0
2025.09.30 00:00:00,148.573,148.845,148.502,148.790,11814,1,0
2025.09.30 04:00:00,148.788,148.805,148.384,148.406,18223,1,0
2025.09.30 08:00:00,148.403,148.447,147.838,147.851,22718,1,0
2025.09.30 12:00:00,147.850,148.091,147.833,147.959,17554,0,0
2025.09.30 16:00:00,147.956,148.065,147.652,147.742,29053,0,0
2025.09.30 20:00:00,147.737,147.974,147.652,147.865,14399,0,0
2025.10.01 00:00:00,147.865,148.226,147.756,148.104,10335,1,0
2025.10.01 04:00:00,148.105,148.167,147.539,147.542,14768,1,0
2025.10.01 08:00:00,147.538,147.643,146.900,147.157,26427,1,0
2025.10.01 12:00:00,147.156,147.264,146.587,146.789,28900,0,0
2025.10.01 16:00:00,146.791,147.255,146.620,147.163,36550,0,0
2025.10.01 20:00:00,147.162,147.227,147.021,147.038,12950,0,0
2025.10.02 00:00:00,147.038,147.324,146.954,147.194,8730,1,0
2025.10.02 04:00:00,147.194,147.227,146.939,147.176,12706,1,0
2025.10.02 08:00:00,147.177,147.379,146.727,146.799,21517,1,0
2025.10.02 12:00:00,146.805,147.198,146.598,147.153,20954,0,0
2025.10.02 16:00:00,147.152,147.515,147.058,147.168,27806,0,0
2025.10.02 20:00:00,147.170,147.288,147.126,147.209,8720,0,0
2025.10.03 00:00:00,147.209,147.382,147.091,147.356,6893,1,0
2025.10.03 04:00:00,147.355,147.766,147.177,147.725,13051,1,0
2025.10.03 08:00:00,147.726,147.816,147.281,147.330,18768,1,0
2025.10.03 12:00:00,147.329,147.436,147.216,147.264,16376,0,0
2025.10.03 16:00:00,147.265,147.537,147.042,147.505,28113,0,0
2025.10.03 20:00:00,147.503,147.545,147.385,147.419,12040,0,0
2025.10.06 00:00:00,149.415,149.867,149.038,149.706,24251,1,0
2025.10.06 04:00:00,149.705,150.346,149.585,150.315,22055,1,0
2025.10.06 08:00:00,150.314,150.439,149.949,150.374,30487,1,0
2025.10.06 12:00:00,150.373,150.477,149.753,149.784,27777,0,0
2025.10.06 16:00:00,149.786,150.173,149.755,150.158,26767,0,0
2025.10.06 20:00:00,150.160,150.395,150.078,150.344,9471,0,0
2025.10.07 00:00:00,150.344,150.616,150.180,150.495,11458,1,0
2025.10.07 04:00:00,150.496,150.615,150.247,150.419,11297,1,0
2025.10.07 08:00:00,150.423,150.829,150.399,150.789,19837,1,0
2025.10.07 12:00:00,150.790,151.029,150.704,150.829,17258,0,0
2025.10.07 16:00:00,150.832,151.408,150.732,151.327,30991,0,0
2025.10.07 20:00:00,151.325,152.041,151.246,151.894,16488,0,0
2025.10.08 00:00:00,151.869,152.373,151.739,152.318,14549,1,0
2025.10.08 04:00:00,152.331,152.646,152.272,152.364,18960,1,0
2025.10.08 08:00:00,152.362,152.783,152.255,152.742,27144,1,0
2025.10.08 12:00:00,152.741,153.000,152.435,152.505,23443,0,0
2025.10.08 16:00:00,152.506,152.801,152.376,152.753,28109,0,0
2025.10.08 20:00:00,152.754,152.944,152.638,152.679,15595,0,0
2025.10.09 00:00:00,152.679,152.741,152.454,152.737,14243,1,0
2025.10.09 04:00:00,152.735,152.767,152.402,152.471,16737,1,0
2025.10.09 08:00:00,152.478,153.221,152.464,152.805,27309,1,0
2025.10.09 12:00:00,152.809,152.858,152.468,152.743,25579,0,0
2025.10.09 16:00:00,152.744,153.239,152.110,153.003,39902,0,0
2025.10.09 20:00:00,153.004,153.210,152.906,153.017,19841,0,0
2025.10.10 00:00:00,153.017,153.273,152.855,152.958,13984,1,0
2025.10.10 04:00:00,152.956,153.049,152.634,152.750,16764,1,0
2025.10.10 08:00:00,152.751,152.952,152.378,152.644,30688,1,0
2025.10.10 12:00:00,152.645,152.848,152.515,152.558,22560,0,0
2025.10.10 16:00:00,152.559,152.713,151.505,151.880,52766,0,0
2025.10.10 20:00:00,151.884,151.945,151.108,151.143,25371,0,0
2025.10.13 00:00:00,151.822,152.282,151.739,151.830,22539,1,0
2025.10.13 04:00:00,151.825,152.012,151.804,151.903,18655,1,0
2025.10.13 08:00:00,151.897,152.449,151.722,152.341,28890,1,0
2025.10.13 12:00:00,152.340,152.370,151.977,152.209,25564,0,0
2025.10.13 16:00:00,152.211,152.447,152.102,152.281,28395,0,0
2025.10.13 20:00:00,152.281,152.350,152.215,152.266,11513,0,0
2025.10.14 00:00:00,152.266,152.611,152.056,152.468,12843,1,0
2025.10.14 04:00:00,152.464,152.500,151.781,151.858,24154,1,0
2025.10.14 08:00:00,151.859,152.130,151.619,151.978,38356,1,0
2025.10.14 12:00:00,151.977,152.155,151.859,152.047,29184,0,0
2025.10.14 16:00:00,152.048,152.167,151.670,151.741,46050,0,0
2025.10.14 20:00:00,151.743,151.869,151.601,151.821,20422,0,0
2025.10.15 00:00:00,151.821,151.875,151.497,151.549,14012,1,0
2025.10.15 04:00:00,151.550,151.606,151.003,151.265,19171,1,0
2025.10.15 08:00:00,151.264,151.399,150.899,151.220,25156,1,0
2025.10.15 12:00:00,151.221,151.684,151.220,151.643,24510,0,0
2025.10.15 16:00:00,151.644,151.739,151.038,151.203,34689,0,0
2025.10.15 20:00:00,151.202,151.389,151.021,151.040,20361,0,0
2025.10.16 00:00:00,150.949,151.127,150.512,150.707,15128,1,0
2025.10.16 04:00:00,150.706,151.114,150.513,151.050,18075,1,0
2025.10.16 08:00:00,151.051,151.387,150.939,151.246,27646,1,0
2025.10.16 12:00:00,151.247,151.403,151.030,151.089,20785,0,0
2025.10.16 16:00:00,151.090,151.285,150.233,150.403,43013,0,0
2025.10.16 20:00:00,150.404,150.475,150.209,150.421,27254,0,0
2025.10.17 00:00:00,150.421,150.439,150.045,150.237,13435,1,0
2025.10.17 04:00:00,150.238,150.386,149.892,149.965,17675,1,0
2025.10.17 08:00:00,149.964,149.974,149.379,149.779,38422,1,0
2025.10.17 12:00:00,149.774,150.540,149.605,150.388,37014,0,0
2025.10.17 16:00:00,150.419,150.592,150.162,150.410,41392,0,0
2025.10.17 20:00:00,150.410,150.629,150.364,150.596,14317,0,0
2025.10.20 00:00:00,150.372,150.974,150.309,150.908,13280,1,0
2025.10.20 04:00:00,150.910,151.204,150.514,150.603,13524,1,0
2025.10.20 08:00:00,150.602,150.832,150.495,150.581,24521,1,0
2025.10.20 12:00:00,150.580,150.854,150.272,150.675,24891,0,0
2025.10.20 16:00:00,150.673,150.850,150.407,150.680,25580,0,0
2025.10.20 20:00:00,150.683,150.828,150.625,150.727,8982,0,0
2025.10.21 00:00:00,150.727,150.847,150.464,150.667,9241,1,0
2025.10.21 04:00:00,150.665,151.237,150.526,151.095,17338,1,0
2025.10.21 08:00:00,151.100,151.676,150.859,151.610,34146,1,0
2025.10.21 12:00:00,151.611,152.175,151.590,152.027,29629,0,0
2025.10.21 16:00:00,152.024,152.089,151.456,151.853,35533,0,0
2025.10.21 20:00:00,151.853,151.973,151.813,151.921,10093,0,0
2025.10.22 00:00:00,151.921,151.957,151.602,151.630,9802,1,0
2025.10.22 04:00:00,151.622,151.875,151.486,151.759,13115,1,0
2025.10.22 08:00:00,151.759,151.950,151.621,151.688,28049,1,0
2025.10.22 12:00:00,151.689,151.969,151.647,151.930,29995,0,0
2025.10.22 16:00:00,151.929,152.048,151.502,151.768,33836,0,0
2025.10.22 20:00:00,151.769,152.011,151.604,151.953,15891,0,0
2025.10.23 00:00:00,151.906,152.264,151.821,152.153,9883,1,0
2025.10.23 04:00:00,152.154,152.573,152.116,152.411,10191,1,0
2025.10.23 08:00:00,152.415,152.651,152.319,152.611,19268,1,0
2025.10.23 12:00:00,152.612,152.794,152.455,152.535,21070,0,0
2025.10.23 16:00:00,152.530,152.800,152.474,152.722,25507,0,0
2025.10.23 20:00:00,152.723,152.765,152.492,152.534,8907,0,0
2025.10.24 00:00:00,152.531,152.671,152.467,152.649,7585,1,0
2025.10.24 04:00:00,152.648,152.916,152.638,152.891,11593,1,0
2025.10.24 08:00:00,152.895,153.064,152.753,152.948,22058,1,0
2025.10.24 12:00:00,152.949,152.995,152.215,152.668,23198,0,0
2025.10.24 16:00:00,152.669,153.020,152.599,152.838,29158,0,0
2025.10.24 20:00:00,152.837,152.896,152.746,152.832,7800,0,0
2025.10.27 00:00:00,152.756,153.177,152.736,152.892,11719,1,0
2025.10.27 04:00:00,152.893,153.162,152.654,153.138,11846,1,0
2025.10.27 08:00:00,153.140,153.256,152.744,152.821,19278,1,0
2025.10.27 12:00:00,152.820,152.895,152.563,152.840,22220,0,0
2025.10.27 16:00:00,152.847,153.197,152.806,152.997,23962,0,0
2025.10.27 20:00:00,152.996,153.095,152.758,152.866,9453,0,0
2025.10.28 00:00:00,152.865,152.887,152.397,152.499,7607,1,0
2025.10.28 04:00:00,152.500,152.512,151.851,151.879,17114,1,0
2025.10.28 08:00:00,151.878,152.352,151.757,151.954,28402,1,0
2025.10.28 12:00:00,151.953,152.218,151.824,152.134,24086,0,0
2025.10.28 16:00:00,152.136,152.374,151.851,152.110,29677,0,0
2025.10.28 20:00:00,152.111,152.245,151.946,152.098,10895,0,0
2025.10.29 00:00:00,152.098,152.195,151.539,151.629,12121,1,0
2025.10.29 04:00:00,151.628,152.140,151.552,152.075,13889,1,0
2025.10.29 08:00:00,152.075,152.539,152.000,152.340,20983,1,0
2025.10.29 12:00:00,152.341,152.468,152.134,152.242,20129,0,0
2025.10.29 16:00:00,152.243,152.243,151.860,152.152,24332,0,0
2025.10.29 20:00:00,152.152,153.061,152.089,152.719,34195,0,0
2025.10.30 00:00:00,152.719,152.946,152.504,152.634,10665,1,0
2025.10.30 04:00:00,152.638,153.136,152.156,152.774,28027,1,0
2025.10.30 08:00:00,152.780,153.888,152.676,153.748,30805,1,0
2025.10.30 12:00:00,153.752,154.306,153.622,154.306,26774,0,0
2025.10.30 16:00:00,154.305,154.446,154.042,154.097,32106,0,0
2025.10.30 20:00:00,154.096,154.167,154.020,154.116,12108,0,0
2025.10.31 00:00:00,154.125,154.166,153.818,153.896,8727,1,0
2025.10.31 04:00:00,153.894,154.067,153.652,153.935,12156,1,0
2025.10.31 08:00:00,153.934,154.415,153.832,154.246,21661,1,0
2025.10.31 12:00:00,154.245,154.292,153.890,154.144,21135,0,0
2025.10.31 16:00:00,154.148,154.230,153.890,154.112,29762,0,0
2025.10.31 20:00:00,154.111,154.179,153.946,153.977,10606,0,0
2025.11.03 00:00:00,153.956,154.247,153.956,154.117,9277,1,0
2025.11.03 04:00:00,154.117,154.134,153.989,154.121,6344,1,0
2025.11.03 08:00:00,154.122,154.282,154.052,154.166,15804,1,0
2025.11.03 12:00:00,154.167,154.296,154.096,154.250,14135,0,0
2025.11.03 16:00:00,154.249,154.272,153.902,154.154,20705,0,0
2025.11.03 20:00:00,154.153,154.250,154.116,154.205,8363,0,0
2025.11.04 00:00:00,154.205,154.487,154.126,154.331,10259,1,0
2025.11.04 04:00:00,154.329,154.357,153.686,153.732,14911,1,0
2025.11.04 08:00:00,153.731,153.792,153.329,153.483,27421,1,0
2025.11.04 12:00:00,153.482,153.624,153.316,153.389,21109,0,0
2025.11.04 16:00:00,153.388,153.642,153.340,153.591,24264,0,0
2025.11.04 20:00:00,153.590,153.693,153.545,153.664,11202,0,0
2025.11.05 00:00:00,153.631,153.747,152.955,153.158,18727,1,0
2025.11.05 04:00:00,153.160,153.567,153.063,153.514,16924,1,0
2025.11.05 08:00:00,153.515,153.743,153.419,153.694,20636,1,0
2025.11.05 12:00:00,153.693,153.988,153.564,153.983,21003,0,0
2025.11.05 16:00:00,153.985,154.355,153.895,154.075,26330,0,0
2025.11.05 20:00:00,154.075,154.143,154.005,154.106,8131,0,0
2025.11.06 00:00:00,154.099,154.142,153.804,153.864,10208,1,0
2025.11.06 04:00:00,153.868,154.026,153.793,153.888,8534,1,0
2025.11.06 08:00:00,153.887,154.006,153.529,153.720,17080,1,0
2025.11.06 12:00:00,153.727,153.776,153.402,153.499,18208,0,0
2025.11.06 16:00:00,153.498,153.589,152.832,153.016,29783,0,0
2025.11.06 20:00:00,153.015,153.155,152.920,153.046,14195,0,0
2025.11.07 00:00:00,153.046,153.307,152.815,153.131,15142,1,0
2025.11.07 04:00:00,153.128,153.366,152.961,153.349,11334,1,0
2025.11.07 08:00:00,153.352,153.539,153.350,153.493,18091,1,0
2025.11.07 12:00:00,153.495,153.498,153.010,153.362,22754,0,0
2025.11.07 16:00:00,153.364,153.474,153.014,153.097,32494,0,0
2025.11.07 20:00:00,153.095,153.594,153.036,153.303,15349,0,0
2025.11.10 00:00:00,153.658,153.949,153.407,153.834,16579,1,0
2025.11.10 04:00:00,153.833,154.069,153.787,153.938,13688,1,0
2025.11.10 08:00:00,153.937,154.231,153.903,154.160,22865,1,0
2025.11.10 12:00:00,154.161,154.247,153.984,154.058,17738,0,0
2025.11.10 16:00:00,154.060,154.166,153.892,153.959,22182,0,0
2025.11.10 20:00:00,153.962,154.166,153.924,154.135,8949,0,0
2025.11.11 00:00:00,154.138,154.496,153.915,154.326,12671,1,0
2025.11.11 04:00:00,154.324,154.392,154.086,154.126,10635,1,0
2025.11.11 08:00:00,154.127,154.445,154.085,154.334,16744,1,0
2025.11.11 12:00:00,154.336,154.361,153.664,153.770,19287,0,0
2025.11.11 16:00:00,153.772,154.134,153.701,154.074,21488,0,0
2025.11.11 20:00:00,154.075,154.174,154.051,154.141,7559,0,0
2025.11.12 00:00:00,154.141,154.353,154.026,154.328,11892,1,0
2025.11.12 04:00:00,154.327,154.793,154.239,154.644,12777,1,0
2025.11.12 08:00:00,154.651,154.907,154.493,154.844,19445,1,0
2025.11.12 12:00:00,154.846,154.993,154.704,154.941,17523,0,0
2025.11.12 16:00:00,154.939,155.043,154.493,154.598,21882,0,0
2025.11.12 20:00:00,154.599,154.866,154.579,154.776,10197,0,0
2025.11.13 00:00:00,154.776,155.018,154.686,154.722,13078,0,0
2025.11.13 04:00:00,154.721,155.002,154.620,154.954,12780,1,0
2025.11.13 08:00:00,154.954,155.007,154.324,154.527,23977,1,0
2025.11.13 12:00:00,154.528,154.767,154.483,154.642,22342,0,0
2025.11.13 16:00:00,154.641,154.676,154.126,154.317,35034,0,0
2025.11.13 20:00:00,154.317,154.589,154.275,154.531,16965,0,0
2025.11.14 00:00:00,154.531,154.745,154.407,154.502,15468,1,0
2025.11.14 04:00:00,154.502,154.578,154.308,154.483,14962,1,0
2025.11.14 08:00:00,154.484,154.734,154.434,154.692,26645,1,0
2025.11.14 12:00:00,154.691,154.764,153.615,154.087,30820,0,0
2025.11.14 16:00:00,154.088,154.744,153.979,154.644,35283,0,0
2025.11.14 20:00:00,154.643,154.662,154.496,154.515,15063,0,0
2025.11.17 00:00:00,154.486,154.657,154.414,154.569,14653,1,0
2025.11.17 04:00:00,154.570,154.784,154.569,154.688,9845,1,0
2025.11.17 08:00:00,154.687,154.834,154.624,154.751,19783,1,0
2025.11.17 12:00:00,154.748,154.914,154.694,154.888,18535,0,0
2025.11.17 16:00:00,154.889,155.305,154.865,155.157,22305,0,0
2025.11.17 20:00:00,155.157,155.261,155.069,155.208,12598,0,0
2025.11.18 00:00:00,155.208,155.375,155.072,155.201,12228,1,0
2025.11.18 04:00:00,155.202,155.285,154.814,155.085,19392,1,0
2025.11.18 08:00:00,155.086,155.264,154.869,155.230,32839,1,0
2025.11.18 12:00:00,155.231,155.445,155.063,155.170,25013,0,0
2025.11.18 16:00:00,155.168,155.696,155.050,155.692,34969,0,0
2025.11.18 20:00:00,155.693,155.730,155.470,155.470,15915,0,0
2025.11.19 00:00:00,155.374,155.589,155.372,155.497,15438,1,0
2025.11.19 04:00:00,155.504,155.549,155.212,155.367,16989,1,0
2025.11.19 08:00:00,155.370,155.964,155.325,155.954,21403,1,0
2025.11.19 12:00:00,155.955,156.295,155.936,156.284,24587,0,0
2025.11.19 16:00:00,156.283,156.869,156.263,156.753,31532,0,0
2025.11.19 20:00:00,156.755,157.180,156.686,157.145,17658,0,0
2025.11.20 00:00:00,157.123,157.436,156.877,157.427,15604,1,0
2025.11.20 04:00:00,157.425,157.573,157.264,157.564,15492,1,0
2025.11.20 08:00:00,157.563,157.779,157.109,157.179,24308,1,0
2025.11.20 12:00:00,157.180,157.858,157.152,157.573,27296,0,0
2025.11.20 16:00:00,157.572,157.895,157.262,157.519,46361,0,0
2025.11.20 20:00:00,157.518,157.697,157.430,157.439,23364,0,0
2025.11.21 00:00:00,157.439,157.543,157.192,157.442,16210,1,0
2025.11.21 04:00:00,157.438,157.487,157.082,157.227,16984,1,0
2025.11.21 08:00:00,157.228,157.259,156.565,156.760,27961,1,0
2025.11.21 12:00:00,156.762,156.895,156.556,156.813,36344,0,0
2025.11.21 16:00:00,156.816,156.965,156.199,156.542,42844,0,0
2025.11.21 20:00:00,156.542,156.640,156.262,156.338,15691,0,0
2025.11.24 00:00:00,156.281,156.799,156.281,156.716,12653,1,0
2025.11.24 04:00:00,156.717,156.734,156.494,156.588,8109,1,0
2025.11.24 08:00:00,156.586,156.936,156.540,156.747,21627,1,0
2025.11.24 12:00:00,156.747,156.986,156.697,156.919,21855,0,0
2025.11.24 16:00:00,156.918,157.189,156.737,156.886,24503,0,0
2025.11.24 20:00:00,156.878,156.911,156.709,156.820,8888,0,0
2025.11.25 00:00:00,156.821,156.984,156.555,156.652,9839,1,0
2025.11.25 04:00:00,156.644,156.851,156.607,156.751,8196,1,0
2025.11.25 08:00:00,156.754,156.796,156.142,156.303,20972,1,0
2025.11.25 12:00:00,156.301,156.522,156.025,156.149,25432,0,0
2025.11.25 16:00:00,156.150,156.334,155.805,155.900,33198,0,0
2025.11.25 20:00:00,155.900,156.187,155.805,156.016,12203,0,0
2025.11.26 00:00:00,156.016,156.372,155.816,155.945,15868,1,0
2025.11.26 04:00:00,155.947,156.185,155.652,156.112,18090,1,0
2025.11.26 08:00:00,156.114,156.503,156.044,156.457,24670,1,0
2025.11.26 12:00:00,156.456,156.688,156.326,156.664,29133,0,0
2025.11.26 16:00:00,156.665,156.736,156.288,156.407,23589,0,0
2025.11.26 20:00:00,156.408,156.510,156.345,156.442,10026,0,0
2025.11.27 00:00:00,156.442,156.446,155.721,156.047,13610,1,0
2025.11.27 04:00:00,156.046,156.185,155.812,155.992,10387,1,0
2025.11.27 08:00:00,155.991,156.404,155.912,156.354,16189,1,0
2025.11.27 12:00:00,156.355,156.388,156.246,156.267,13710,0,0
2025.11.27 16:00:00,156.269,156.368,156.236,156.332,8755,0,0
2025.11.27 20:00:00,156.328,156.369,156.262,156.268,3556,0,0
2025.11.28 00:00:00,156.268,156.579,156.176,156.372,12152,1,0
2025.11.28 04:00:00,156.373,156.412,156.095,156.341,56570,1,0
2025.11.28 08:00:00,156.342,156.440,156.178,156.322,61275,1,0
2025.11.28 12:00:00,156.323,156.381,156.002,156.017,42669,0,0
2025.11.28 16:00:00,156.016,156.390,155.981,156.225,25928,0,0
2025.11.28 20:00:00,156.230,156.239,156.061,156.144,14284,0,0
2025.12.01 00:00:00,156.043,156.153,155.481,155.642,16205,1,0
2025.12.01 04:00:00,155.650,155.655,155.394,155.594,9919,1,0
2025.12.01 08:00:00,155.595,155.694,155.258,155.282,19002,1,0
2025.12.01 12:00:00,155.281,155.342,154.666,154.843,19646,0,0
2025.12.01 16:00:00,154.842,155.385,154.838,155.351,22196,0,0
2025.12.01 20:00:00,155.350,155.523,155.339,155.424,9754,0,0
2025.12.02 00:00:00,155.413,155.775,155.403,155.633,8242,1,0
2025.12.02 04:00:00,155.635,155.732,155.553,155.653,7018,1,0
2025.12.02 08:00:00,155.657,156.085,155.634,155.966,14639,1,0
2025.12.02 12:00:00,155.967,156.073,155.896,155.974,14031,0,0
2025.12.02 16:00:00,155.975,156.175,155.752,155.939,20386,0,0
2025.12.02 20:00:00,155.939,156.020,155.775,155.775,12309,0,0
2025.12.03 00:00:00,155.775,155.904,155.607,155.655,6982,1,0
2025.12.03 04:00:00,155.656,155.802,155.624,155.694,5719,1,0
2025.12.03 08:00:00,155.693,155.755,155.510,155.617,13718,1,0
2025.12.03 12:00:00,155.618,155.641,155.200,155.491,16126,0,0
2025.12.03 16:00:00,155.492,155.596,155.012,155.123,25478,0,0
2025.12.03 20:00:00,155.123,155.316,155.073,155.206,9473,0,0
2025.12.04 00:00:00,155.206,155.416,155.019,155.262,9023,1,0
2025.12.04 04:00:00,155.262,155.541,155.186,155.223,9844,1,0
2025.12.04 08:00:00,155.224,155.451,154.774,154.817,17597,1,0
2025.12.04 12:00:00,154.816,155.059,154.509,154.804,19295,0,0
2025.12.04 16:00:00,154.803,154.964,154.557,154.947,22220,0,0
2025.12.04 20:00:00,154.948,155.137,154.897,155.062,13380,0,0
2025.12.05 00:00:00,155.062,155.229,154.918,155.017,9110,1,0
2025.12.05 04:00:00,155.016,155.156,154.545,154.599,10620,1,0
2025.12.05 08:00:00,154.598,154.966,154.344,154.918,18369,1,0
2025.12.05 12:00:00,154.919,155.262,154.891,155.196,15839,0,0
2025.12.05 16:00:00,155.194,155.492,155.116,155.282,25085,0,0
2025.12.05 20:00:00,155.283,155.375,155.238,155.258,11054,0,0
2025.12.08 00:00:00,155.137,155.384,154.913,154.919,13541,1,0
2025.12.08 04:00:00,154.911,155.267,154.902,155.200,12847,1,0
2025.12.08 08:00:00,155.199,155.544,155.104,155.473,22040,1,0
2025.12.08 12:00:00,155.474,155.660,155.408,155.622,22027,0,0
2025.12.08 16:00:00,155.624,155.987,155.392,155.752,28928,0,0
2025.12.08 20:00:00,155.746,155.962,155.702,155.916,11497,0,0
2025.12.09 00:00:00,155.916,156.034,155.764,155.801,10710,1,0
2025.12.09 04:00:00,155.802,156.109,155.739,156.011,12430,1,0
2025.12.09 08:00:00,156.012,156.431,155.957,156.086,23306,1,0
2025.12.09 12:00:00,156.088,156.512,156.042,156.343,23105,0,0
2025.12.09 16:00:00,156.342,156.928,156.312,156.916,28177,0,0
2025.12.09 20:00:00,156.917,156.955,156.806,156.859,10510,0,0
2025.12.10 00:00:00,156.847,156.940,156.669,156.708,10366,1,0
2025.12.10 04:00:00,156.707,156.723,156.561,156.706,7612,1,0
2025.12.10 08:00:00,156.705,156.889,156.577,156.820,16586,1,0
2025.12.10 12:00:00,156.824,156.860,156.551,156.551,18240,0,0
2025.12.10 16:00:00,156.550,156.631,156.243,156.311,20108,0,0
2025.12.10 20:00:00,156.312,156.683,155.792,155.923,27597,0,0
2025.12.11 00:00:00,155.901,156.037,155.567,155.717,13730,1,0
2025.12.11 04:00:00,155.718,156.069,155.484,156.064,15772,1,0
2025.12.11 08:00:00,156.063,156.164,155.785,155.854,22826,1,0
2025.12.11 12:00:00,155.856,155.950,155.228,155.286,24771,0,0
2025.12.11 16:00:00,155.297,155.298,154.942,155.241,28644,0,0
2025.12.11 20:00:00,155.241,155.673,155.213,155.570,14090,0,0
2025.12.12 00:00:00,155.570,155.768,155.446,155.669,14492,1,0
2025.12.12 04:00:00,155.669,155.774,155.631,155.742,10583,1,0
2025.12.12 08:00:00,155.743,155.909,155.540,155.889,19504,1,0
2025.12.12 12:00:00,155.890,156.128,155.773,156.049,16482,0,0
2025.12.12 16:00:00,156.050,156.099,155.678,155.782,23123,0,0
2025.12.12 20:00:00,155.775,155.937,155.717,155.776,11074,0,0
2025.12.15 00:00:00,155.754,155.982,155.602,155.608,10371,1,0
2025.12.15 04:00:00,155.604,155.651,155.034,155.035,13742,1,0
2025.12.15 08:00:00,155.040,155.294,154.935,154.968,20421,1,0
2025.12.15 12:00:00,154.965,155.185,154.850,155.181,16173,0,0
2025.12.15 16:00:00,155.182,155.368,154.834,155.309,23638,0,0
2025.12.15 20:00:00,155.309,155.399,155.113,155.123,7514,0,0
2025.12.16 00:00:00,155.138,155.228,154.733,154.863,15131,1,0
2025.12.16 04:00:00,154.862,154.925,154.685,154.843,14236,1,0
2025.12.16 08:00:00,154.844,154.980,154.769,154.836,21602,1,0
2025.12.16 12:00:00,154.837,154.906,154.394,154.715,24260,0,0
2025.12.16 16:00:00,154.716,154.998,154.463,154.679,34454,0,0
2025.12.16 20:00:00,154.678,154.925,154.567,154.705,13747,0,0
2025.12.17 00:00:00,154.705,154.874,154.512,154.675,12577,1,0
2025.12.17 04:00:00,154.674,155.173,154.674,155.149,14613,1,0
2025.12.17 08:00:00,155.148,155.598,155.128,155.535,23370,1,0
2025.12.17 12:00:00,155.536,155.636,155.384,155.438,21775,0,0
2025.12.17 16:00:00,155.437,155.633,155.349,155.535,26976,0,0
2025.12.17 20:00:00,155.536,155.747,155.497,155.664,9809,0,0
2025.12.18 00:00:00,155.646,155.782,155.425,155.782,11543,1,0
2025.12.18 04:00:00,155.781,155.883,155.659,155.803,11826,1,0
2025.12.18 08:00:00,155.804,155.954,155.763,155.930,19950,1,0
2025.12.18 12:00:00,155.929,155.975,155.326,155.608,24265,0,0
2025.12.18 16:00:00,155.606,155.695,155.282,155.630,29310,0,0
2025.12.18 20:00:00,155.629,155.709,155.494,155.529,9979,0,0
2025.12.19 00:00:00,155.529,155.793,155.402,155.736,9692,1,0
2025.12.19 04:00:00,155.735,156.174,155.586,155.995,21700,1,0
2025.12.19 08:00:00,155.997,157.220,155.847,157.213,30784,1,0
2025.12.19 12:00:00,157.217,157.401,157.129,157.325,20362,0,0
2025.12.19 16:00:00,157.326,157.667,156.933,157.437,24145,0,0
2025.12.19 20:00:00,157.437,157.770,157.401,157.741,10014,0,0
2025.12.22 00:00:00,157.659,157.705,157.255,157.294,17344,1,0
2025.12.22 04:00:00,157.295,157.468,157.229,157.362,10967,1,0
2025.12.22 08:00:00,157.363,157.570,157.266,157.460,16550,1,0
2025.12.22 12:00:00,157.459,157.463,156.871,157.185,18707,0,0
2025.12.22 16:00:00,157.184,157.224,156.703,156.843,24538,0,0
2025.12.22 20:00:00,156.845,157.042,156.845,157.037,9719,0,0
2025.12.23 00:00:00,157.037,157.037,156.423,156.464,12436,1,0
2025.12.23 04:00:00,156.463,156.482,155.910,156.010,15406,1,0
2025.12.23 08:00:00,156.009,156.184,155.651,155.957,23612,1,0
2025.12.23 12:00:00,155.956,156.367,155.862,156.361,21425,0,0
2025.12.23 16:00:00,156.360,156.541,156.207,156.296,33262,0,0
2025.12.23 20:00:00,156.296,156.342,156.171,156.171,16425,0,0
2025.12.24 00:00:00,156.170,156.283,155.600,155.655,20875,1,0
2025.12.24 04:00:00,155.641,156.061,155.556,155.797,18371,1,0
2025.12.24 08:00:00,155.796,155.971,155.661,155.834,25377,1,0
2025.12.24 12:00:00,155.836,156.068,155.817,156.022,19065,0,0
2025.12.24 16:00:00,156.021,156.036,155.677,155.973,20817,0,0
2025.12.24 20:00:00,155.975,156.020,155.795,155.891,8599,0,0
2025.12.26 00:00:00,155.901,156.488,155.756,156.283,15938,1,0
2025.12.26 04:00:00,156.285,156.309,155.988,156.207,14265,1,0
2025.12.26 08:00:00,156.204,156.471,156.089,156.466,14875,1,0
2025.12.26 12:00:00,156.463,156.487,156.225,156.313,13207,0,0
2025.12.26 16:00:00,156.311,156.729,156.276,156.570,18867,0,0
2025.12.26 20:00:00,156.571,156.595,156.435,156.446,8290,0,0
2025.12.29 00:00:00,156.448,156.531,156.056,156.328,17939,1,0
2025.12.29 04:00:00,156.327,156.511,156.244,156.310,13294,1,0
2025.12.29 08:00:00,156.311,156.401,156.049,156.330,17772,1,0
2025.12.29 12:00:00,156.331,156.428,156.190,156.232,18878,0,0
2025.12.29 16:00:00,156.233,156.287,155.915,156.186,24322,0,0
2025.12.29 20:00:00,156.185,156.250,155.989,156.018,8339,0,0
2025.12.30 00:00:00,156.000,156.330,155.920,156.214,12452,1,0
2025.12.30 04:00:00,156.215,156.339,156.010,156.040,13802,1,0
2025.12.30 08:00:00,156.039,156.107,155.853,155.926,18136,1,0
2025.12.30 12:00:00,155.925,156.212,155.744,156.198,18263,0,0
2025.12.30 16:00:00,156.197,156.568,156.124,156.335,19766,0,0
2025.12.30 20:00:00,156.337,156.525,156.309,156.367,10625,0,0
2025.12.31 00:00:00,156.300,156.468,156.300,156.438,8213,1,0
2025.12.31 04:00:00,156.437,156.635,156.424,156.589,8096,1,0
2025.12.31 08:00:00,156.590,156.654,156.505,156.620,14720,1,0
2025.12.31 12:00:00,156.617,156.834,156.552,156.816,17344,0,0
2025.12.31 16:00:00,156.813,156.996,156.645,156.823,26140,0,0
2025.12.31 20:00:00,156.822,156.924,156.578,156.652,9934,0,0
2026.01.02 00:00:00,156.620,156.888,156.517,156.635,6838,1,0
2026.01.02 04:00:00,156.634,156.941,156.595,156.908,6981,1,0
2026.01.02 08:00:00,156.907,156.997,156.766,156.914,16182,1,0
2026.01.02 12:00:00,156.915,157.001,156.803,156.908,14896,0,0
2026.01.02 16:00:00,156.906,156.918,156.562,156.769,21029,0,0
2026.01.02 20:00:00,156.767,156.957,156.763,156.787,8660,0,0
2026.01.05 00:00:00,156.689,157.250,156.676,157.016,16381,1,0
2026.01.05 04:00:00,157.013,157.299,156.951,157.183,13509,1,0
2026.01.05 08:00:00,157.184,157.231,156.686,156.924,20095,1,0
2026.01.05 12:00:00,156.923,156.979,156.463,156.818,22346,0,0
2026.01.05 16:00:00,156.813,156.853,156.264,156.333,26104,0,0
2026.01.05 20:00:00,156.332,156.415,156.112,156.300,9942,0,0
2026.01.06 00:00:00,156.232,156.793,156.232,156.450,12277,1,0
2026.01.06 04:00:00,156.451,156.503,156.240,156.427,12795,0,0
2026.01.06 08:00:00,156.429,156.485,156.161,156.378,23738,0,0
2026.01.06 12:00:00,156.378,156.579,156.280,156.370,25851,0,0
2026.01.06 16:00:00,156.371,156.743,156.302,156.691,27861,0,0
2026.01.06 20:00:00,156.692,156.749,156.569,156.612,9190,0,0
2026.01.07 00:00:00,156.589,156.807,156.539,156.718,11061,0,0
2026.01.07 04:00:00,156.719,156.730,156.362,156.384,11403,0,0
2026.01.07 08:00:00,156.386,156.585,156.295,156.464,17462,0,0
2026.01.07 12:00:00,156.463,156.586,156.360,156.423,17913,0,0
2026.01.07 16:00:00,156.422,156.801,156.392,156.619,26363,0,0
2026.01.07 20:00:00,156.620,156.801,156.593,156.746,11704,0,0
2026.01.08 00:00:00,156.743,156.943,156.647,156.911,10339,0,0
2026.01.08 04:00:00,156.912,156.955,156.629,156.669,19414,0,0
2026.01.08 08:00:00,156.665,156.783,156.459,156.746,25219,0,0
2026.01.08 12:00:00,156.745,156.984,156.663,156.984,14976,0,0
2026.01.08 16:00:00,156.990,157.072,156.773,156.810,28674,0,0
2026.01.08 20:00:00,156.809,156.995,156.793,156.842,17540,0,0
2026.01.09 00:00:00,156.844,157.167,156.761,157.163,15426,0,0
2026.01.09 04:00:00,157.163,157.392,157.119,157.378,18931,0,0
2026.01.09 08:00:00,157.378,157.736,157.342,157.710,22784,0,0
2026.01.09 12:00:00,157.710,157.813,157.369,157.493,29908,0,0
2026.01.09 16:00:00,157.496,158.186,157.369,158.048,36808,0,0
2026.01.09 20:00:00,158.046,158.068,157.810,157.810,12485,0,0
2026.01.12 00:00:00,158.092,158.202,157.515,157.745,15943,0,0
2026.01.12 04:00:00,157.745,158.185,157.666,158.006,11709,0,0
2026.01.12 08:00:00,158.007,158.069,157.675,157.883,17614,0,0
2026.01.12 12:00:00,157.884,157.962,157.708,157.844,17135,0,0
2026.01.12 16:00:00,157.845,158.174,157.832,158.087,24965,0,0
2026.01.12 20:00:00,158.088,158.201,158.050,158.052,12932,0,0
2026.01.13 00:00:00,158.043,158.501,157.896,158.484,22364,0,0
2026.01.13 04:00:00,158.496,158.916,158.335,158.784,25241,0,0
2026.01.13 08:00:00,158.783,159.051,158.732,158.889,30933,0,0
2026.01.13 12:00:00,158.892,158.955,158.578,158.887,32361,0,0
2026.01.13 16:00:00,158.891,159.192,158.800,159.028,38390,0,0
2026.01.13 20:00:00,159.027,159.176,158.999,159.092,18780,0,0
2026.01.14 00:00:00,159.088,159.454,159.014,159.339,18510,0,0
2026.01.14 04:00:00,159.340,159.395,159.084,159.335,20771,0,0
2026.01.14 08:00:00,159.338,159.352,158.667,158.762,33371,0,0
2026.01.14 12:00:00,158.762,158.824,158.163,158.598,35535,0,0
2026.01.14 16:00:00,158.599,158.675,158.098,158.300,42867,0,0
2026.01.14 20:00:00,158.301,158.598,158.300,158.377,24908,0,0
2026.01.15 00:00:00,158.351,158.577,158.211,158.358,23663,0,0
2026.01.15 04:00:00,158.356,158.649,158.308,158.431,24596,0,0
2026.01.15 08:00:00,158.429,158.733,158.303,158.393,33493,0,0
2026.01.15 12:00:00,158.394,158.855,158.344,158.830,30174,0,0
2026.01.15 16:00:00,158.831,158.881,158.411,158.504,37275,0,0
2026.01.15 20:00:00,158.508,158.673,158.460,158.607,21710,0,0
2026.01.16 00:00:00,158.581,158.702,158.471,158.602,15655,0,0
2026.01.16 04:00:00,158.598,158.631,157.954,158.380,23186,0,0
2026.01.16 08:00:00,158.379,158.450,158.013,158.191,28440,0,0
2026.01.16 12:00:00,158.190,158.226,157.942,158.010,26892,0,0
2026.01.16 16:00:00,158.008,158.264,157.824,158.140,35436,0,0
2026.01.16 20:00:00,158.138,158.244,158.022,158.045,19555,0,0
2026.01.19 00:00:00,157.919,157.961,157.424,157.686,25936,0,0
2026.01.19 04:00:00,157.685,157.948,157.684,157.907,15725,0,0
2026.01.19 08:00:00,157.906,158.165,157.744,157.928,17341,0,0
2026.01.19 12:00:00,157.926,158.108,157.827,157.923,12201,0,0
2026.01.19 16:00:00,157.921,158.138,157.861,158.033,13211,0,0
2026.01.19 20:00:00,158.032,158.156,158.004,158.038,7109,0,0
2026.01.20 00:00:00,158.039,158.281,157.845,157.949,15194,0,0
2026.01.20 04:00:00,157.948,158.124,157.896,158.097,22151,0,0
2026.01.20 08:00:00,158.100,158.605,157.556,157.725,43578,0,0
2026.01.20 12:00:00,157.723,157.968,157.469,157.834,39638,0,0
2026.01.20 16:00:00,157.835,158.111,157.738,157.957,41907,0,0
2026.01.20 20:00:00,157.954,158.300,157.950,158.137,24223,0,0
2026.01.21 00:00:00,158.133,158.281,157.858,157.961,20879,0,0
2026.01.21 04:00:00,157.959,158.242,157.890,158.204,22505,0,0
2026.01.21 08:00:00,158.206,158.259,157.818,158.004,27908,0,0
2026.01.21 12:00:00,158.005,158.089,157.748,157.887,29529,0,0
2026.01.21 16:00:00,157.885,158.313,157.873,158.144,43343,0,0
2026.01.21 20:00:00,158.143,158.535,158.113,158.262,28205,0,0
2026.01.22 00:00:00,158.253,158.494,158.179,158.349,19675,0,0
2026.01.22 04:00:00,158.349,158.736,158.339,158.717,20979,0,0
2026.01.22 08:00:00,158.716,158.895,158.610,158.695,30286,0,0
2026.01.22 12:00:00,158.694,158.858,158.536,158.703,31540,0,0
2026.01.22 16:00:00,158.701,158.762,158.238,158.311,35628,0,0
2026.01.22 20:00:00,158.310,158.473,158.276,158.355,22675,0,0
2026.01.23 00:00:00,158.349,158.662,158.332,158.641,18758,0,0
2026.01.23 04:00:00,158.639,158.743,158.471,158.625,20731,0,0
2026.01.23 08:00:00,158.626,159.228,157.319,158.003,39679,0,0
2026.01.23 12:00:00,158.001,158.316,157.995,158.266,26670,0,0
2026.01.23 16:00:00,158.268,158.338,156.131,156.362,38303,0,0
2026.01.23 20:00:00,156.362,156.635,155.588,155.612,35187,0,0
2026.01.26 00:00:00,154.661,155.345,154.206,154.425,35104,0,0
2026.01.26 04:00:00,154.426,154.484,153.811,154.112,38479,0,0
2026.01.26 08:00:00,154.111,154.419,153.401,153.660,44576,0,0
2026.01.26 12:00:00,153.664,154.335,153.305,154.054,39139,0,0
2026.01.26 16:00:00,154.049,154.135,153.615,153.973,37685,0,0
2026.01.26 20:00:00,153.971,154.273,153.861,154.151,27960,0,0
2026.01.27 00:00:00,154.140,154.454,154.060,154.346,21841,0,0
2026.01.27 04:00:00,154.349,154.643,154.087,154.501,26558,0,0
2026.01.27 08:00:00,154.503,154.877,153.177,153.752,34058,0,0
2026.01.27 12:00:00,153.745,154.194,152.999,153.246,36265,0,0
2026.01.27 16:00:00,153.246,153.375,152.609,152.768,31251,0,0
2026.01.27 20:00:00,152.767,152.881,152.093,152.143,24315,0,0
2026.01.28 00:00:00,152.159,152.998,152.146,152.998,29768,0,0
2026.01.28 04:00:00,153.004,153.068,152.474,152.667,28444,0,0
2026.01.28 08:00:00,152.667,152.806,152.282,152.716,37880,0,0
2026.01.28 12:00:00,152.717,152.913,152.351,152.851,33872,0,0
2026.01.28 16:00:00,152.850,153.782,152.650,153.530,46149,0,0
2026.01.28 20:00:00,153.529,154.048,153.300,153.403,36586,0,0
2026.01.29 00:00:00,153.400,153.433,152.765,153.260,30724,0,0
2026.01.29 04:00:00,153.263,153.394,152.901,153.020,30215,0,0
2026.01.29 08:00:00,153.019,153.459,152.923,153.315,34563,0,0
2026.01.29 12:00:00,153.316,153.538,153.176,153.334,34812,0,0
2026.01.29 16:00:00,153.333,153.514,152.680,152.905,51198,0,0
2026.01.29 20:00:00,152.907,153.214,152.903,153.082,29118,0,0
2026.01.30 00:00:00,153.058,153.794,152.868,153.757,30017,0,0
2026.01.30 04:00:00,153.755,154.139,153.650,153.919,37842,0,0
2026.01.30 08:00:00,153.919,154.288,153.708,154.277,41947,0,0
2026.01.30 12:00:00,154.277,154.383,153.798,154.355,40223,0,0
2026.01.30 16:00:00,154.362,154.762,154.163,154.448,46407,0,0
2026.01.30 20:00:00,154.450,154.794,154.290,154.730,36464,0,0
2026.02.02 00:00:00,154.894,155.514,154.823,155.038,35728,0,0
2026.02.02 04:00:00,155.037,155.147,154.755,154.893,38794,0,0
2026.02.02 08:00:00,154.895,155.072,154.549,154.777,44409,0,0
2026.02.02 12:00:00,154.774,155.298,154.708,155.224,35171,0,0
2026.02.02 16:00:00,155.225,155.704,155.142,155.508,45510,0,0
2026.02.02 20:00:00,155.506,155.788,155.499,155.621,21610,0,0
2026.02.03 00:00:00,155.595,155.659,155.408,155.473,21852,0,0
2026.02.03 04:00:00,155.473,155.557,155.301,155.428,28827,0,0
2026.02.03 08:00:00,155.429,155.878,155.306,155.869,38132,0,0
2026.02.03 12:00:00,155.868,155.984,155.771,155.885,24919,0,0
2026.02.03 16:00:00,155.887,156.084,155.526,155.723,31809,0,0
2026.02.03 20:00:00,155.725,155.810,155.602,155.718,20390,0,0
2026.02.04 00:00:00,155.718,156.188,155.644,156.141,23216,0,0
2026.02.04 04:00:00,156.143,156.394,156.124,156.300,24297,0,0
2026.02.04 08:00:00,156.293,156.669,156.234,156.643,31465,0,0
2026.02.04 12:00:00,156.644,156.858,156.459,156.473,35657,0,0
2026.02.04 16:00:00,156.475,156.737,156.348,156.670,43054,0,0
2026.02.04 20:00:00,156.672,156.947,156.630,156.832,20915,0,0
2026.02.05 00:00:00,156.815,156.981,156.706,156.862,19511,0,0
2026.02.05 04:00:00,156.862,156.989,156.682,156.981,23636,0,0
2026.02.05 08:00:00,156.980,157.337,156.855,157.317,24919,0,0
2026.02.05 12:00:00,157.316,157.336,156.529,156.610,26540,0,0
2026.02.05 16:00:00,156.610,157.018,156.547,156.806,31177,0,0
2026.02.05 20:00:00,156.806,157.095,156.771,157.003,12604,0,0
2026.02.06 00:00:00,156.860,157.065,156.509,156.660,19982,0,0
2026.02.06 04:00:00,156.660,156.830,156.595,156.761,15303,0,0
2026.02.06 08:00:00,156.760,157.077,156.674,157.053,24389,0,0
2026.02.06 12:00:00,157.054,157.157,156.904,156.932,17068,0,0
2026.02.06 16:00:00,156.932,157.131,156.781,157.054,32352,0,0
2026.02.06 20:00:00,157.054,157.262,156.998,157.163,21052,0,0
2026.02.09 00:00:00,157.574,157.660,156.214,156.630,30405,0,0
2026.02.09 04:00:00,156.630,156.936,156.522,156.613,25371,0,0
2026.02.09 08:00:00,156.615,156.780,156.294,156.647,38194,0,0
2026.02.09 12:00:00,156.645,156.749,155.913,155.922,41719,0,0
2026.02.09 16:00:00,155.922,156.144,155.520,155.963,36035,0,0
2026.02.09 20:00:00,155.965,156.033,155.638,155.858,21367,0,0
2026.02.10 00:00:00,155.835,156.295,155.671,155.734,22508,0,0
2026.02.10 04:00:00,155.735,155.835,155.089,155.305,26341,0,0
2026.02.10 08:00:00,155.305,155.634,155.248,155.282,29889,0,0
2026.02.10 12:00:00,155.286,155.308,154.729,154.758,32341,0,0
2026.02.10 16:00:00,154.752,154.796,154.057,154.379,40244,0,0
2026.02.10 20:00:00,154.381,154.588,154.242,154.386,22628,0,0
2026.02.11 00:00:00,154.384,154.519,153.837,153.977,14706,0,0
2026.02.11 04:00:00,153.977,153.980,152.997,153.043,16678,0,0
2026.02.11 08:00:00,153.040,153.406,152.801,153.208,24238,0,0
2026.02.11 12:00:00,153.208,154.654,152.857,153.846,27560,0,0
2026.02.11 16:00:00,153.849,153.964,152.551,152.827,37576,0,0
2026.02.11 20:00:00,152.826,153.308,152.565,153.240,16904,0,0
2026.02.12 00:00:00,153.197,153.446,152.791,152.863,16671,0,0
2026.02.12 04:00:00,152.862,153.191,152.270,153.105,21950,0,0
2026.02.12 08:00:00,153.106,153.550,152.802,152.915,28295,0,0
2026.02.12 12:00:00,152.915,153.758,152.902,153.266,22601,0,0
2026.02.12 16:00:00,153.266,153.397,152.365,152.850,37461,0,0
2026.02.12 20:00:00,152.849,152.991,152.668,152.729,18747,0,0
2026.02.13 00:00:00,152.716,153.348,152.661,153.264,17835,0,0
2026.02.13 04:00:00,153.264,153.398,152.843,153.312,16837,0,0
2026.02.13 08:00:00,153.310,153.666,153.114,153.509,23354,0,0
2026.02.13 12:00:00,153.507,153.593,152.917,153.070,26594,0,0
2026.02.13 16:00:00,153.071,153.226,152.594,152.804,31699,0,0
2026.02.13 20:00:00,152.803,152.888,152.626,152.643,12161,0,0
2026.02.16 00:00:00,152.719,153.164,152.579,153.023,14853,0,0
2026.02.16 04:00:00,153.024,153.249,152.970,153.198,11760,0,0
2026.02.16 08:00:00,153.204,153.617,153.076,153.574,16073,0,0
2026.02.16 12:00:00,153.573,153.636,153.297,153.336,13577,0,0
2026.02.16 16:00:00,153.337,153.574,153.254,153.472,11980,0,0
2026.02.16 20:00:00,153.471,153.537,153.378,153.423,3332,0,0
2026.02.17 00:00:00,153.362,153.755,153.127,153.135,20375,0,0
2026.02.17 04:00:00,153.135,153.261,152.900,152.944,24056,0,0
2026.02.17 08:00:00,152.947,153.180,152.698,152.907,25019,0,0
2026.02.17 12:00:00,152.906,153.392,152.849,153.284,26031,0,0
2026.02.17 16:00:00,153.285,153.926,153.285,153.471,34844,0,0
2026.02.17 20:00:00,153.472,153.481,153.181,153.224,14923,0,0
2026.02.18 00:00:00,153.219,153.467,153.067,153.439,18525,0,0
2026.02.18 04:00:00,153.440,153.701,153.440,153.457,13849,0,0
2026.02.18 08:00:00,153.459,153.798,153.393,153.728,16377,0,0
2026.02.18 12:00:00,153.733,153.948,153.553,153.943,16916,0,0
2026.02.18 16:00:00,153.937,154.607,153.916,154.532,25429,0,0
2026.02.18 20:00:00,154.533,154.869,154.346,154.788,17086,0,0
2026.02.19 00:00:00,154.781,154.983,154.620,154.955,12614,0,0
2026.02.19 04:00:00,154.954,155.329,154.753,155.303,18765,0,0
2026.02.19 08:00:00,155.302,155.342,154.707,154.810,20507,0,0
2026.02.19 12:00:00,154.807,155.044,154.542,154.919,21664,0,0
2026.02.19 16:00:00,154.920,155.285,154.859,155.021,28343,0,0
2026.02.19 20:00:00,155.019,155.131,154.829,154.982,13988,0,0
2026.02.20 00:00:00,154.947,155.316,154.889,155.139,18625,0,0
2026.02.20 04:00:00,155.139,155.369,155.054,155.295,15904,0,0
2026.02.20 08:00:00,155.299,155.645,154.945,155.392,22954,0,0
2026.02.20 12:00:00,155.393,155.451,155.051,155.417,21840,0,0
2026.02.20 16:00:00,155.409,155.538,154.715,154.996,40988,0,0
2026.02.20 20:00:00,154.997,155.184,154.809,154.915,20313,0,0
2026.02.23 00:00:00,154.919,154.961,154.000,154.214,22011,0,0
2026.02.23 04:00:00,154.216,154.489,154.073,154.433,17571,0,0
2026.02.23 08:00:00,154.434,154.864,154.226,154.805,22544,0,0
2026.02.23 12:00:00,154.805,155.045,154.566,154.618,22403,0,0
2026.02.23 16:00:00,154.617,154.826,154.219,154.392,27473,0,0
2026.02.23 20:00:00,154.392,154.766,154.391,154.592,14342,0,0
2026.02.24 00:00:00,154.581,155.139,154.526,154.979,17293,0,0
2026.02.24 04:00:00,154.984,155.310,154.864,155.159,17300,0,0
2026.02.24 08:00:00,155.158,156.281,154.944,155.858,31711,0,0
2026.02.24 12:00:00,155.860,156.095,155.679,156.055,20489,0,0
2026.02.24 16:00:00,156.058,156.176,155.586,155.758,24105,0,0
2026.02.24 20:00:00,155.757,155.927,155.691,155.821,11452,0,0
2026.02.25 00:00:00,155.820,155.991,155.622,155.775,13929,0,0
2026.02.25 04:00:00,155.777,156.046,155.344,155.595,21803,0,0
2026.02.25 08:00:00,155.597,156.663,155.527,156.561,23117,0,0
2026.02.25 12:00:00,156.559,156.825,156.541,156.697,18963,0,0
2026.02.25 16:00:00,156.696,156.762,156.240,156.327,24721,0,0
2026.02.25 20:00:00,156.325,156.538,156.281,156.300,11552,0,0
2026.02.26 00:00:00,156.303,156.435,155.811,155.831,17386,0,0
2026.02.26 04:00:00,155.831,156.096,155.700,155.941,19956,0,0
2026.02.26 08:00:00,155.935,156.178,155.893,156.072,23255,0,0
2026.02.26 12:00:00,156.071,156.176,155.923,156.162,18517,0,0
2026.02.26 16:00:00,156.165,156.402,155.831,156.391,30695,0,0
2026.02.26 20:00:00,156.395,156.431,156.055,156.112,16593,0,0
2026.02.27 00:00:00,156.062,156.148,155.669,155.981,20016,0,0
2026.02.27 04:00:00,155.982,155.982,155.536,155.844,16702,0,0
2026.02.27 08:00:00,155.854,156.235,155.778,156.071,23485,0,0
2026.02.27 12:00:00,156.073,156.183,155.833,156.166,20390,0,0
2026.02.27 16:00:00,156.202,156.229,155.919,156.048,30773,0,0
2026.02.27 20:00:00,156.052,156.193,155.886,156.028,15036,0,0
2026.03.02 00:00:00,155.928,156.806,155.927,156.216,26742,0,0
2026.03.02 04:00:00,156.216,156.858,156.157,156.832,26582,0,0
2026.03.02 08:00:00,156.834,157.250,156.798,157.012,34498,0,0
2026.03.02 12:00:00,157.010,157.606,156.796,157.521,27600,0,0
2026.03.02 16:00:00,157.522,157.754,157.339,157.363,30964,0,0
2026.03.02 20:00:00,157.359,157.494,157.113,157.283,19880,0,0
2026.03.03 00:00:00,157.284,157.600,157.176,157.300,19722,0,0
2026.03.03 04:00:00,157.305,157.437,157.174,157.395,23044,0,0
2026.03.03 08:00:00,157.393,157.825,157.150,157.674,32567,0,0
2026.03.03 12:00:00,157.674,157.971,157.501,157.805,34116,0,0
2026.03.03 16:00:00,157.805,157.956,157.601,157.836,44280,0,0
2026.03.03 20:00:00,157.837,157.846,157.474,157.690,24296,0,0
2026.03.04 00:00:00,157.657,157.864,157.398,157.591,21036,0,0
2026.03.04 04:00:00,157.591,157.644,157.181,157.578,23443,0,0
2026.03.04 08:00:00,157.577,157.657,157.090,157.201,28268,0,0
2026.03.04 12:00:00,157.202,157.351,156.855,157.308,31891,0,0
2026.03.04 16:00:00,157.310,157.410,156.883,156.979,32321,0,0
2026.03.04 20:00:00,156.980,157.171,156.970,157.026,15674,0,0
2026.03.05 00:00:00,156.992,157.098,156.452,156.776,20472,0,0
2026.03.05 04:00:00,156.777,157.218,156.717,157.195,25711,0,0
2026.03.05 08:00:00,157.197,157.377,156.900,157.151,38050,0,0
2026.03.05 12:00:00,157.148,157.779,157.098,157.769,30744,0,0
2026.03.05 16:00:00,157.770,157.850,157.396,157.692,41038,0,0
2026.03.05 20:00:00,157.690,157.851,157.415,157.506,31676,0,0
2026.03.06 00:00:00,157.445,157.603,157.380,157.479,20933,0,0
2026.03.06 04:00:00,157.479,157.879,157.450,157.845,18960,0,0
2026.03.06 08:00:00,157.846,157.903,157.501,157.863,28419,0,0
2026.03.06 12:00:00,157.862,158.089,157.376,157.875,36747,0,0
2026.03.06 16:00:00,157.880,158.090,157.513,157.800,47043,0,0
2026.03.06 20:00:00,157.803,157.963,157.615,157.688,29312,0,0
2026.03.09 00:00:00,158.033,158.697,157.981,158.661,25731,0,0
2026.03.09 04:00:00,158.664,158.900,158.569,158.718,31783,0,0
2026.03.09 08:00:00,158.721,158.774,158.325,158.634,43256,0,0
2026.03.09 12:00:00,158.635,158.650,158.191,158.565,46986,0,0
2026.03.09 16:00:00,158.564,158.585,157.972,158.136,46751,0,0
2026.03.09 20:00:00,158.140,158.418,157.632,157.646,34687,0,0
2026.03.10 00:00:00,157.626,157.957,157.562,157.594,27118,0,0
2026.03.10 04:00:00,157.594,157.934,157.533,157.775,33041,0,0
2026.03.10 08:00:00,157.782,157.787,157.273,157.699,34650,0,0
2026.03.10 12:00:00,157.698,157.980,157.548,157.812,37320,0,0
2026.03.10 16:00:00,157.810,157.916,157.530,157.572,41266,0,0
2026.03.10 20:00:00,157.572,158.129,157.401,158.044,41507,0,0
2026.03.11 00:00:00,158.044,158.228,157.920,158.199,17007,0,0
2026.03.11 04:00:00,158.198,158.395,158.098,158.106,25664,0,0
2026.03.11 08:00:00,158.105,158.445,157.860,158.399,30019,0,0
2026.03.11 12:00:00,158.399,158.630,158.250,158.622,32723,0,0
2026.03.11 16:00:00,158.621,158.865,158.307,158.831,38948,0,0
2026.03.11 20:00:00,158.831,158.980,158.818,158.943,23567,0,0
2026.03.12 00:00:00,158.924,159.239,158.756,158.977,18096,0,0
2026.03.12 04:00:00,158.981,159.158,158.784,159.126,22145,0,0
2026.03.12 08:00:00,159.126,159.128,158.672,158.883,25479,0,0
2026.03.12 12:00:00,158.879,158.938,158.570,158.885,25039,0,0
2026.03.12 16:00:00,158.889,159.291,158.805,159.211,42516,0,0
2026.03.12 20:00:00,159.207,159.433,159.113,159.343,27675,0,0
2026.03.13 00:00:00,159.307,159.425,159.010,159.093,19323,0,0
2026.03.13 04:00:00,159.093,159.685,159.035,159.503,25769,0,0
2026.03.13 08:00:00,159.501,159.544,159.313,159.313,32453,0,0
2026.03.13 12:00:00,159.314,159.505,159.206,159.322,27550,0,0
2026.03.13 16:00:00,159.323,159.637,159.005,159.613,38993,0,0
2026.03.13 20:00:00,159.611,159.745,159.548,159.707,23984,0,0
2026.03.16 00:00:00,159.508,159.746,159.254,159.309,24599,0,0
2026.03.16 04:00:00,159.308,159.642,159.284,159.561,26856,0,0
2026.03.16 08:00:00,159.559,159.586,159.173,159.350,33161,0,0
2026.03.16 12:00:00,159.349,159.387,158.960,159.113,37025,0,0
2026.03.16 16:00:00,159.109,159.360,158.849,159.264,45862,0,0
2026.03.16 20:00:00,159.263,159.302,158.913,158.958,34594,0,0
2026.03.17 00:00:00,158.992,159.346,158.939,159.328,16219,0,0
2026.03.17 04:00:00,159.330,159.452,159.214,159.231,22847,0,0
2026.03.17 08:00:00,159.230,159.497,159.059,159.094,30504,0,0
2026.03.17 12:00:00,159.092,159.215,158.966,159.018,32201,0,0
2026.03.17 16:00:00,159.019,159.116,158.722,158.944,46788,0,0
2026.03.17 20:00:00,158.945,159.065,158.894,158.959,20965,0,0
2026.03.18 00:00:00,158.959,159.143,158.806,159.066,22938,0,0
2026.03.18 04:00:00,159.067,159.088,158.752,158.814,21715,0,0
2026.03.18 08:00:00,158.813,158.990,158.569,158.948,30314,0,0
2026.03.18 12:00:00,158.950,159.462,158.893,159.447,37201,0,0
2026.03.18 16:00:00,159.446,159.587,159.366,159.470,45843,0,0
2026.03.18 20:00:00,159.471,159.899,159.259,159.792,38277,0,0
2026.03.19 00:00:00,159.791,159.848,159.672,159.783,22604,0,0
2026.03.19 04:00:00,159.785,159.818,159.542,159.658,25277,0,0
2026.03.19 08:00:00,159.659,159.807,159.040,159.176,44684,0,0
2026.03.19 12:00:00,159.177,159.296,158.854,158.899,49250,0,0
2026.03.19 16:00:00,158.896,158.941,158.044,158.048,69940,0,0
2026.03.19 20:00:00,158.048,158.098,157.506,157.676,42409,0,0
2026.03.20 00:00:00,157.633,157.992,157.575,157.856,19464,0,0
2026.03.20 04:00:00,157.855,158.415,157.747,158.380,25080,0,0
2026.03.20 08:00:00,158.380,158.489,158.256,158.487,16611,0,0
2026.03.20 12:00:00,158.486,158.900,158.450,158.690,42537,0,0
2026.03.20 16:00:00,158.690,159.287,158.674,159.266,54188,0,0
2026.03.20 20:00:00,159.267,159.390,159.145,159.187,34533,0,0
2026.03.23 00:00:00,159.233,159.528,159.014,159.505,27481,0,0
2026.03.23 04:00:00,159.505,159.621,159.327,159.401,34241,0,0
2026.03.23 08:00:00,159.400,159.659,159.309,159.436,48344,0,0
2026.03.23 12:00:00,159.437,159.633,158.255,158.493,75559,0,0
2026.03.23 16:00:00,158.494,158.846,158.202,158.689,85306,0,0
2026.03.23 20:00:00,158.688,158.735,158.019,158.430,45176,0,0
2026.03.24 00:00:00,158.395,158.710,158.216,158.566,32476,0,0
2026.03.24 04:00:00,158.570,158.794,158.448,158.755,45720,0,0
2026.03.24 08:00:00,158.757,158.785,158.402,158.646,50308,0,0
2026.03.24 12:00:00,158.645,158.860,158.613,158.819,50224,0,0
2026.03.24 16:00:00,158.819,158.955,158.560,158.924,60487,0,0
2026.03.24 20:00:00,158.924,159.190,158.369,158.670,56127,0,0
2026.03.25 00:00:00,158.665,158.838,158.551,158.655,33852,0,0
2026.03.25 04:00:00,158.654,158.943,158.612,158.882,34513,0,0
2026.03.25 08:00:00,158.883,159.202,158.724,158.776,38878,0,0
2026.03.25 12:00:00,158.775,159.087,158.727,159.012,47643,0,0
2026.03.25 16:00:00,159.015,159.301,158.939,159.249,59403,0,0
2026.03.25 20:00:00,159.248,159.502,159.153,159.464,34225,0,0
2026.03.26 00:00:00,159.458,159.504,159.328,159.475,22842,0,0
2026.03.26 04:00:00,159.475,159.537,159.370,159.432,31248,0,0
2026.03.26 08:00:00,159.436,159.543,159.285,159.469,37263,0,0
2026.03.26 12:00:00,159.470,159.696,159.423,159.638,36563,0,0
2026.03.26 16:00:00,159.641,159.702,159.431,159.659,55297,0,0
2026.03.26 20:00:00,159.661,159.847,159.344,159.783,37624,0,0
2026.03.27 00:00:00,159.778,159.778,159.490,159.562,23802,0,0
2026.03.27 04:00:00,159.560,159.645,159.454,159.620,28451,0,0
2026.03.27 08:00:00,159.626,159.978,159.574,159.827,36704,0,0
2026.03.27 12:00:00,159.831,159.948,159.762,159.874,39571,0,0
2026.03.27 16:00:00,159.875,160.298,159.699,160.153,59619,0,0
2026.03.27 20:00:00,160.151,160.410,160.071,160.222,39161,0,0
2026.03.30 00:00:00,160.128,160.462,159.880,159.884,30993,0,0
2026.03.30 04:00:00,159.883,160.000,159.654,159.792,34337,0,0
2026.03.30 08:00:00,159.792,159.859,159.571,159.690,41252,0,0
2026.03.30 12:00:00,159.687,159.728,159.341,159.369,41383,0,0
2026.03.30 16:00:00,159.372,159.640,159.325,159.446,49863,0,0
2026.03.30 20:00:00,159.443,159.742,159.416,159.669,28882,0,0
2026.03.31 00:00:00,159.658,159.943,159.627,159.882,25725,0,0
2026.03.31 04:00:00,159.885,159.974,159.588,159.622,38183,0,0
2026.03.31 08:00:00,159.623,159.789,159.482,159.571,35518,0,0
2026.03.31 12:00:00,159.568,159.775,159.347,159.359,42009,0,0
2026.03.31 16:00:00,159.361,159.444,158.826,158.953,56300,0,0
2026.03.31 20:00:00,158.960,159.003,158.661,158.709,39442,0,0
2026.04.01 00:00:00,158.709,158.841,158.449,158.785,23118,0,0
2026.04.01 04:00:00,158.786,159.014,158.585,158.780,33054,0,0
2026.04.01 08:00:00,158.781,158.921,158.270,158.580,45125,0,0
2026.04.01 12:00:00,158.579,158.774,158.303,158.532,42840,0,0
2026.04.01 16:00:00,158.536,158.761,158.410,158.555,52161,0,0
2026.04.01 20:00:00,158.554,158.948,158.451,158.769,31201,0,0
2026.04.02 00:00:00,158.758,158.787,158.541,158.666,21706,0,0
2026.04.02 04:00:00,158.665,159.478,158.607,159.345,46506,0,0
2026.04.02 08:00:00,159.344,159.718,159.305,159.683,39765,0,0
2026.04.02 12:00:00,159.682,159.747,159.547,159.628,34102,0,0
2026.04.02 16:00:00,159.629,159.692,159.233,159.512,50074,0,0
2026.04.02 20:00:00,159.511,159.729,159.489,159.496,26833,0,0
2026.04.03 00:00:00,159.490,159.628,159.429,159.598,13072,0,0
2026.04.03 04:00:00,159.599,159.719,159.536,159.624,14377,0,0
2026.04.03 08:00:00,159.623,159.696,159.544,159.610,17634,0,0
2026.04.03 12:00:00,159.611,159.808,159.530,159.620,27332,0,0
2026.04.03 16:00:00,159.620,159.649,159.487,159.634,15444,0,0
2026.04.03 20:00:00,159.634,159.673,159.459,159.568,8581,0,0
2026.04.06 00:00:00,159.551,159.832,159.423,159.738,22458,0,0
2026.04.06 04:00:00,159.741,159.745,159.529,159.572,23398,0,0
2026.04.06 08:00:00,159.572,159.711,159.307,159.389,27978,0,0
2026.04.06 12:00:00,159.388,159.590,159.348,159.398,27756,0,0
2026.04.06 16:00:00,159.397,159.803,159.393,159.679,38959,0,0
2026.04.06 20:00:00,159.678,159.798,159.591,159.674,24567,0,0
2026.04.07 00:00:00,159.674,159.842,159.563,159.828,20681,0,0
2026.04.07 04:00:00,159.828,159.933,159.729,159.739,20257,0,0
2026.04.07 08:00:00,159.741,159.880,159.479,159.494,32597,0,0
2026.04.07 12:00:00,159.492,159.876,159.471,159.779,36005,0,0
2026.04.07 16:00:00,159.780,160.030,159.726,159.906,43537,0,0
2026.04.07 20:00:00,159.910,159.956,159.504,159.515,35139,0,0
2026.04.08 00:00:00,159.514,159.703,158.544,158.687,42349,0,0
2026.04.08 04:00:00,158.691,158.709,158.295,158.356,40523,0,0
2026.04.08 08:00:00,158.354,158.490,158.049,158.374,44225,0,0
2026.04.08 12:00:00,158.373,158.539,157.946,158.018,42810,0,0
2026.04.08 16:00:00,158.019,158.497,157.888,158.420,55080,0,0
2026.04.08 20:00:00,158.421,158.795,158.380,158.513,33747,0,0
2026.04.09 00:00:00,158.482,158.872,158.428,158.858,17427,0,0
2026.04.09 04:00:00,158.857,158.954,158.643,158.738,21556,0,0
2026.04.09 08:00:00,158.739,159.110,158.715,159.008,27736,0,0
2026.04.09 12:00:00,159.008,159.117,158.838,159.002,28386,0,0
2026.04.09 16:00:00,159.000,159.299,158.630,158.761,48717,0,0
2026.04.09 20:00:00,158.762,159.131,158.678,158.909,27968,0,0
2026.04.10 00:00:00,158.855,159.244,158.844,159.186,13223,0,0
2026.04.10 04:00:00,159.192,159.231,159.024,159.190,20769,0,0
2026.04.10 08:00:00,159.189,159.375,159.186,159.310,24179,0,0
2026.04.10 12:00:00,159.310,159.332,158.883,159.169,32507,0,0
2026.04.10 16:00:00,159.170,159.352,159.033,159.268,40805,0,0
2026.04.10 20:00:00,159.267,159.342,159.163,159.177,22152,0,0
2026.04.13 00:00:00,159.568,159.851,159.453,159.703,22893,0,0
2026.04.13 04:00:00,159.704,159.786,159.656,159.725,22665,0,0
2026.04.13 08:00:00,159.724,159.753,159.560,159.710,28650,0,0
2026.04.13 12:00:00,159.712,159.861,159.648,159.742,29223,0,0
2026.04.13 16:00:00,159.741,159.803,159.457,159.533,45708,0,0
2026.04.13 20:00:00,159.537,159.537,159.292,159.440,28241,0,0
2026.04.14 00:00:00,159.439,159.439,159.142,159.166,16799,0,0
2026.04.14 04:00:00,159.166,159.267,159.011,159.032,24972,0,0
2026.04.14 08:00:00,159.031,159.285,158.947,159.066,33387,0,0
2026.04.14 12:00:00,159.066,159.096,158.691,158.723,35364,0,0
2026.04.14 16:00:00,158.726,158.934,158.602,158.838,41981,0,0
2026.04.14 20:00:00,158.835,158.910,158.686,158.749,22259,0,0
2026.04.15 00:00:00,158.754,158.886,158.717,158.818,23886,0,0
2026.04.15 04:00:00,158.817,159.066,158.816,158.987,23148,0,0
2026.04.15 08:00:00,158.986,159.030,158.645,158.776,29538,0,0
2026.04.15 12:00:00,158.778,159.155,158.715,159.107,37068,0,0
2026.04.15 16:00:00,159.108,159.122,158.750,158.881,40798,0,0
2026.04.15 20:00:00,158.882,159.122,158.876,158.943,25867,0,0
2026.04.16 00:00:00,158.926,158.985,158.717,158.730,16231,0,0
2026.04.16 04:00:00,158.730,158.828,158.266,158.711,30708,0,0
2026.04.16 08:00:00,158.712,159.059,158.697,158.985,28360,0,0
2026.04.16 12:00:00,158.987,159.130,158.882,159.112,31652,0,0
2026.04.16 16:00:00,159.113,159.307,158.987,159.174,43612,0,0
2026.04.16 20:00:00,159.171,159.293,159.096,159.108,23764,0,0
2026.04.17 00:00:00,159.064,159.360,159.019,159.332,12823,0,0
2026.04.17 04:00:00,159.331,159.483,159.302,159.468,17849,0,0
2026.04.17 08:00:00,159.469,159.532,159.135,159.140,28796,0,0
2026.04.17 12:00:00,159.141,159.226,158.399,158.412,34630,0,0
2026.04.17 16:00:00,158.411,158.518,157.594,158.054,57787,0,0
2026.04.17 20:00:00,158.060,158.643,158.057,158.550,29578,0,0
2026.04.20 00:00:00,158.771,159.202,158.689,159.009,22585,0,0
2026.04.20 04:00:00,159.009,159.017,158.787,158.897,25115,0,0
2026.04.20 08:00:00,158.899,159.074,158.727,158.980,36512,0,0
2026.04.20 12:00:00,158.979,159.024,158.750,158.878,36222,0,0
2026.04.20 16:00:00,158.879,158.936,158.549,158.657,48566,0,0
2026.04.20 20:00:00,158.658,158.924,158.611,158.739,25878,0,0
2026.04.21 00:00:00,158.739,158.995,158.684,158.953,19616,0,0
2026.04.21 04:00:00,158.957,158.998,158.914,158.958,19587,0,0
2026.04.21 08:00:00,158.957,159.216,158.794,159.178,33778,0,0
2026.04.21 12:00:00,159.179,159.256,159.013,159.172,28820,0,0
2026.04.21 16:00:00,159.176,159.504,159.012,159.466,44485,0,0
2026.04.21 20:00:00,159.464,159.639,159.172,159.334,42281,0,0
2026.04.22 00:00:00,159.305,159.461,159.178,159.291,17229,0,0
2026.04.22 04:00:00,159.286,159.404,159.227,159.342,20802,0,0
2026.04.22 08:00:00,159.342,159.370,159.099,159.359,36151,0,0
2026.04.22 12:00:00,159.359,159.373,159.155,159.355,32054,0,0
2026.04.22 16:00:00,159.354,159.530,159.112,159.506,44604,0,0
2026.04.22 20:00:00,159.505,159.575,159.416,159.426,19490,0,0
2026.04.23 00:00:00,159.404,159.690,159.292,159.332,17333,0,0
2026.04.23 04:00:00,159.331,159.586,159.294,159.544,26666,0,0
2026.04.23 08:00:00,159.546,159.701,159.516,159.692,27347,0,0
2026.04.23 12:00:00,159.693,159.779,159.436,159.504,39043,0,0
2026.04.23 16:00:00,159.505,159.628,159.314,159.458,43326,0,0
2026.04.23 20:00:00,159.459,159.843,159.452,159.655,44394,0,0
2026.04.24 00:00:00,159.626,159.810,159.498,159.793,13687,0,0
2026.04.24 04:00:00,159.792,159.846,159.724,159.777,21368,0,0
2026.04.24 08:00:00,159.778,159.817,159.601,159.719,28816,0,0
2026.04.24 12:00:00,159.720,159.770,159.339,159.546,38767,0,0
2026.04.24 16:00:00,159.547,159.656,159.319,159.360,49975,0,0
2026.04.24 20:00:00,159.359,159.467,159.275,159.275,24024,0,0
2026.04.27 00:00:00,159.547,159.600,159.432,159.476,12755,0,0
2026.04.27 04:00:00,159.473,159.475,159.151,159.234,29499,0,0
2026.04.27 08:00:00,159.235,159.484,159.112,159.149,38270,0,0
2026.04.27 12:00:00,159.149,159.275,159.093,159.235,32458,0,0
2026.04.27 16:00:00,159.237,159.388,159.107,159.383,38205,0,0
2026.04.27 20:00:00,159.384,159.467,159.347,159.406,23222,0,0
2026.04.28 00:00:00,159.406,159.487,159.309,159.475,16146,0,0
2026.04.28 04:00:00,159.475,159.569,158.961,159.087,29913,0,0
2026.04.28 08:00:00,159.088,159.690,159.033,159.473,40160,0,0
2026.04.28 12:00:00,159.472,159.788,159.417,159.460,38665,0,0
2026.04.28 16:00:00,159.459,159.748,159.436,159.556,51409,0,0
2026.04.28 20:00:00,159.556,159.685,159.510,159.610,20709,0,0
2026.04.29 00:00:00,159.606,159.606,159.476,159.551,12138,0,0
2026.04.29 04:00:00,159.550,159.665,159.529,159.635,23549,0,0
2026.04.29 08:00:00,159.638,159.790,159.603,159.782,30449,0,0
2026.04.29 12:00:00,159.786,159.980,159.741,159.974,27622,0,0
2026.04.29 16:00:00,159.973,160.321,159.949,160.308,43393,0,0
2026.04.29 20:00:00,160.307,160.475,160.171,160.292,39609,0,0
2026.04.30 00:00:00,160.291,160.442,160.073,160.302,19557,0,0
2026.04.30 04:00:00,160.306,160.581,160.210,160.536,30518,0,0
2026.04.30 08:00:00,160.535,160.728,159.458,159.570,44617,0,0
2026.04.30 12:00:00,159.571,159.598,155.556,156.837,80844,0,0
2026.04.30 16:00:00,156.841,156.962,156.204,156.580,61728,0,0
2026.04.30 20:00:00,156.579,156.699,156.310,156.558,38053,0,0
2026.05.01 00:00:00,156.527,157.304,156.410,157.088,22095,0,0
2026.05.01 04:00:00,157.087,157.331,156.991,157.245,30504,0,0
2026.05.01 08:00:00,157.244,157.298,155.484,156.473,44660,0,0
2026.05.01 12:00:00,156.471,156.764,156.390,156.600,32956,0,0
2026.05.01 16:00:00,156.599,156.949,156.344,156.944,52207,0,0
2026.05.01 20:00:00,156.945,157.119,156.848,156.948,27544,0,0
2026.05.04 00:00:00,156.688,156.993,156.636,156.903,17892,0,0
2026.05.04 04:00:00,156.900,157.251,155.704,156.735,37991,0,0
2026.05.04 08:00:00,156.737,156.983,156.537,156.953,36203,0,0
2026.05.04 12:00:00,156.955,157.205,156.892,157.160,46310,0,0
2026.05.04 16:00:00,157.160,157.304,156.924,157.264,52993,0,0
2026.05.04 20:00:00,157.263,157.285,156.555,157.203,34298,0,0
2026.05.05 00:00:00,157.193,157.270,157.082,157.212,13529,0,0
2026.05.05 04:00:00,157.214,157.298,157.190,157.290,17191,0,0
2026.05.05 08:00:00,157.294,157.301,157.076,157.288,32776,0,0
2026.05.05 12:00:00,157.288,157.875,157.117,157.764,37153,0,0
2026.05.05 16:00:00,157.768,157.828,157.607,157.792,47108,0,0
2026.05.05 20:00:00,157.792,157.921,157.770,157.868,24028,0,0
2026.05.06 00:00:00,157.858,157.935,157.544,157.596,25977,0,0
2026.05.06 04:00:00,157.596,157.895,155.036,155.940,43258,0,0
2026.05.06 08:00:00,155.929,156.567,155.724,155.978,53103,0,0
2026.05.06 12:00:00,155.977,156.307,155.610,156.288,57862,0,0
2026.05.06 16:00:00,156.294,156.489,156.046,156.436,53290,0,0
2026.05.06 20:00:00,156.434,156.511,156.297,156.331,33658,0,0
2026.05.07 00:00:00,156.315,156.527,156.208,156.322,20198,0,0
2026.05.07 04:00:00,156.317,156.433,156.020,156.357,31141,0,0
2026.05.07 08:00:00,156.358,156.412,156.017,156.328,35739,0,0
2026.05.07 12:00:00,156.328,156.471,156.240,156.295,31182,0,0
2026.05.07 16:00:00,156.297,156.646,156.172,156.630,40966,0,0
2026.05.07 20:00:00,156.631,156.951,156.608,156.878,36720,0,0
2026.05.08 00:00:00,156.861,156.994,156.678,156.969,17699,0,0
2026.05.08 04:00:00,156.967,156.977,156.771,156.848,24198,0,0
2026.05.08 08:00:00,156.850,156.886,156.634,156.697,30623,0,0
2026.05.08 12:00:00,156.695,156.819,156.515,156.649,30671,0,0
2026.05.08 16:00:00,156.647,156.707,156.432,156.702,38985,0,0
2026.05.08 20:00:00,156.701,156.768,156.569,156.580,20027,0,0
2026.05.11 00:00:00,156.483,157.064,156.461,156.940,15901,0,0
2026.05.11 04:00:00,156.939,157.181,156.925,157.130,20587,0,0
2026.05.11 08:00:00,157.132,157.151,156.948,157.092,24332,0,0
2026.05.11 12:00:00,157.091,157.165,157.057,157.111,26971,0,0
2026.05.11 16:00:00,157.109,157.166,156.980,157.154,33071,0,0
2026.05.11 20:00:00,157.157,157.271,157.090,157.161,21215,0,0
2026.05.12 00:00:00,157.120,157.434,157.025,157.422,12879,0,0
2026.05.12 04:00:00,157.422,157.656,157.376,157.585,20203,0,0
2026.05.12 08:00:00,157.584,157.752,156.724,157.619,36781,0,0
2026.05.12 12:00:00,157.624,157.668,157.488,157.554,30968,0,0
2026.05.12 16:00:00,157.554,157.765,157.481,157.752,38198,0,0
2026.05.12 20:00:00,157.753,157.756,157.519,157.594,20831,0,0
2026.05.13 00:00:00,157.588,157.769,157.522,157.709,9695,0,0
2026.05.13 04:00:00,157.708,157.782,157.562,157.719,18439,0,0
2026.05.13 08:00:00,157.723,157.849,157.675,157.804,21712,0,0
2026.05.13 12:00:00,157.804,157.898,157.745,157.845,27151,0,0
2026.05.13 16:00:00,157.845,157.897,157.746,157.860,36803,0,0
2026.05.13 20:00:00,157.859,157.927,157.824,157.824,25004,0,0
2026.05.14 00:00:00,157.800,157.875,157.618,157.852,13089,0,0
2026.05.14 04:00:00,157.851,157.999,157.516,157.863,25026,0,0
2026.05.14 08:00:00,157.862,157.948,157.808,157.900,28557,0,0
2026.05.14 12:00:00,157.898,157.988,157.876,157.974,33019,0,0
2026.05.14 16:00:00,157.976,158.202,157.293,158.166,52071,0,0
2026.05.14 20:00:00,158.165,158.422,158.135,158.345,25365,0,0
2026.05.15 00:00:00,158.321,158.515,158.238,158.469,17363,0,0
2026.05.15 04:00:00,158.470,158.590,158.418,158.516,30856,0,0
2026.05.15 08:00:00,158.517,158.677,158.351,158.562,40724,0,0
2026.05.15 12:00:00,158.563,158.604,158.297,158.574,44056,0,0
2026.05.15 16:00:00,158.572,158.750,158.532,158.704,39620,0,0
2026.05.15 20:00:00,158.704,158.844,158.645,158.656,23783,0,0
2026.05.18 00:00:00,158.555,158.952,158.490,158.933,19935,0,0
2026.05.18 04:00:00,158.933,159.074,158.822,158.990,32104,0,0
2026.05.18 08:00:00,158.988,159.002,158.788,158.826,41803,0,0
2026.05.18 12:00:00,158.826,158.959,158.616,158.688,43015,0,0
2026.05.18 16:00:00,158.687,158.946,158.645,158.934,53256,0,0
2026.05.18 20:00:00,158.934,159.082,158.748,158.784,36844,0,0
2026.05.19 00:00:00,158.728,159.022,158.667,159.014,13611,0,0
2026.05.19 04:00:00,159.013,159.033,158.888,158.996,24838,0,0
2026.05.19 08:00:00,158.994,159.149,158.950,159.142,32444,0,0
2026.05.19 12:00:00,159.140,159.182,158.644,159.067,36123,0,0
2026.05.19 16:00:00,159.068,159.253,158.781,158.825,53952,0,0
2026.05.19 20:00:00,158.825,159.104,158.782,159.040,26582,0,0
2026.05.20 00:00:00,159.029,159.106,158.955,158.999,14973,0,0
2026.05.20 04:00:00,158.998,159.089,158.823,158.985,29941,0,0
2026.05.20 08:00:00,158.983,159.100,158.872,159.046,33253,0,0
2026.05.20 12:00:00,159.044,159.080,158.959,159.015,29062,0,0
2026.05.20 16:00:00,159.016,159.168,158.589,158.830,56460,0,0
2026.05.20 20:00:00,158.830,158.962,158.776,158.896,30060,0,0
2026.05.21 00:00:00,158.870,158.932,158.748,158.865,14523,0,0
2026.05.21 04:00:00,158.864,159.003,158.809,158.998,23709,0,0
2026.05.21 08:00:00,158.999,159.088,158.905,158.989,32216,0,0
2026.05.21 12:00:00,158.988,159.187,158.909,159.167,33176,0,0
2026.05.21 16:00:00,159.169,159.349,159.116,159.133,48422,0,0
2026.05.21 20:00:00,159.130,159.176,158.820,158.937,42437,0,0
2026.05.22 00:00:00,158.905,159.123,158.839,159.099,12301,0,0
2026.05.22 04:00:00,159.097,159.124,159.000,159.074,17607,0,0
2026.05.22 08:00:00,159.074,159.144,159.053,159.097,23367,0,0
2026.05.22 12:00:00,159.097,159.151,159.067,159.072,26857,0,0
2026.05.22 16:00:00,159.069,159.234,158.986,159.174,40386,0,0
2026.05.22 20:00:00,159.174,159.207,159.063,159.070,26843,0,0
2026.05.25 00:00:00,158.768,158.969,158.698,158.901,15918,0,0
2026.05.25 04:00:00,158.900,158.916,158.760,158.864,16478,0,0
2026.05.25 08:00:00,158.863,159.043,158.843,158.913,19922,0,0
2026.05.25 12:00:00,158.913,158.963,158.878,158.904,16780,0,0
2026.05.25 16:00:00,158.907,158.950,158.880,158.899,17600,0,0
2026.05.25 20:00:00,158.900,158.940,158.874,158.874,7139,0,0
2026.05.26 00:00:00,158.857,158.995,158.802,158.970,13884,0,0
2026.05.26 04:00:00,158.968,159.019,158.910,159.000,18164,0,0
2026.05.26 08:00:00,159.002,159.245,158.975,159.211,23926,0,0
2026.05.26 12:00:00,159.210,159.230,159.109,159.229,24891,0,0
2026.05.26 16:00:00,159.232,159.385,159.226,159.310,30688,0,0
2026.05.26 20:00:00,159.312,159.381,159.283,159.283,17338,0,0
2026.05.27 00:00:00,159.255,159.313,159.171,159.279,12458,0,0
2026.05.27 04:00:00,159.278,159.307,159.185,159.246,21586,0,0
2026.05.27 08:00:00,159.246,159.446,159.232,159.398,22396,0,0
2026.05.27 12:00:00,159.397,159.451,159.247,159.422,28838,0,0
2026.05.27 16:00:00,159.421,159.539,159.365,159.499,38272,0,0
2026.05.27 20:00:00,159.498,159.578,159.491,159.505,22163,0,0
2026.05.28 00:00:00,159.493,159.603,159.419,159.558,12379,0,0
2026.05.28 04:00:00,159.557,159.654,159.522,159.575,24322,0,0
2026.05.28 08:00:00,159.574,159.584,159.444,159.453,28685,0,0
2026.05.28 12:00:00,159.453,159.474,159.315,159.352,34744,0,0
2026.05.28 16:00:00,159.352,159.493,159.108,159.168,52736,0,0
2026.05.28 20:00:00,159.167,159.290,159.146,159.230,27327,0,0
2026.05.29 00:00:00,159.215,159.323,159.158,159.290,14852,0,0
2026.05.29 04:00:00,159.292,159.379,159.252,159.303,21995,0,0
2026.05.29 08:00:00,159.302,159.333,159.196,159.295,27230,0,0
2026.05.29 12:00:00,159.295,159.324,159.235,159.259,30615,0,0
2026.05.29 16:00:00,159.260,159.357,159.096,159.199,44751,0,0
2026.05.29 20:00:00,159.200,159.306,159.135,159.135,24997,0,0
2026.06.01 00:00:00,159.340,159.471,159.300,159.462,22708,0,0
2026.06.01 04:00:00,159.460,159.498,159.437,159.460,22618,0,0
2026.06.01 08:00:00,159.462,159.503,159.408,159.453,31977,0,0
2026.06.01 12:00:00,159.453,159.497,159.435,159.491,32186,0,0
2026.06.01 16:00:00,159.490,159.767,159.485,159.604,58266,0,0
2026.06.01 20:00:00,159.603,159.763,159.567,159.643,31198,0,0
2026.06.02 00:00:00,159.618,159.725,159.550,159.667,19142,0,0
2026.06.02 04:00:00,159.662,159.734,159.638,159.728,30330,0,0
2026.06.02 08:00:00,159.731,159.751,159.654,159.744,33739,0,0
2026.06.02 12:00:00,159.745,159.787,159.696,159.783,24491,0,0
2026.06.02 16:00:00,159.781,159.949,159.766,159.904,27028,0,0
2026.06.02 20:00:00,159.902,159.987,159.876,159.879,21163,0,0
2026.06.03 00:00:00,159.852,159.999,159.816,159.941,16633,0,0
2026.06.03 04:00:00,159.938,159.945,159.813,159.887,24629,0,0
2026.06.03 08:00:00,159.888,160.000,159.368,159.754,45981,0,0
2026.06.03 12:00:00,159.753,159.934,159.660,159.910,37037,0,0
2026.06.03 16:00:00,159.914,160.050,159.890,159.987,51850,0,0
2026.06.03 20:00:00,159.988,160.092,159.951,160.030,29696,0,0
2026.06.04 00:00:00,160.005,160.076,159.836,159.904,25032,0,0
2026.06.04 04:00:00,159.905,159.994,159.602,159.871,32103,0,0
2026.06.04 08:00:00,159.869,159.935,159.826,159.876,40635,0,0
2026.06.04 12:00:00,159.874,159.899,159.747,159.872,45657,0,0
2026.06.04 16:00:00,159.871,160.033,159.842,159.970,40428,0,0
2026.06.04 20:00:00,159.970,160.048,159.967,160.005,23361,0,0
2026.06.05 00:00:00,160.001,160.024,159.899,159.959,15434,0,0
2026.06.05 04:00:00,159.958,159.996,159.898,159.959,26215,0,0
2026.06.05 08:00:00,159.959,159.975,159.907,159.947,28777,0,0
2026.06.05 12:00:00,159.948,160.226,159.829,160.219,35631,0,0
2026.06.05 16:00:00,160.225,160.344,159.739,160.278,52019,0,0
2026.06.05 20:00:00,160.277,160.342,160.089,160.235,25212,0,0
2026.06.08 00:00:00,160.140,160.360,160.118,160.320,18483,0,0
2026.06.08 04:00:00,160.322,160.397,160.265,160.346,25067,0,0
2026.06.08 08:00:00,160.344,160.348,159.842,160.024,39002,0,0
2026.06.08 12:00:00,160.026,160.080,159.882,159.960,43991,0,0
2026.06.08 16:00:00,159.959,160.201,159.936,160.160,38696,0,0
2026.06.08 20:00:00,160.160,160.275,160.115,160.115,23910,0,0
2026.06.09 00:00:00,160.090,160.276,160.077,160.238,15723,0,0
2026.06.09 04:00:00,160.237,160.257,160.173,160.189,24460,0,0
2026.06.09 08:00:00,160.188,160.224,160.052,160.180,37746,0,0
2026.06.09 12:00:00,160.179,160.215,160.143,160.188,26135,0,0
2026.06.09 16:00:00,160.190,160.449,160.148,160.402,46647,0,0
2026.06.09 20:00:00,160.403,160.423,160.283,160.347,28200,0,0
2026.06.10 00:00:00,160.328,160.440,160.282,160.383,15814,0,0
2026.06.10 04:00:00,160.383,160.399,160.239,160.369,27942,0,0
2026.06.10 08:00:00,160.367,160.430,160.327,160.425,28752,0,0
2026.06.10 12:00:00,160.426,160.531,160.323,160.433,37266,0,0
2026.06.10 16:00:00,160.432,160.533,160.335,160.486,49391,0,0
2026.06.10 20:00:00,160.485,160.576,160.456,160.524,27664,0,0
2026.06.11 00:00:00,160.499,160.566,160.437,160.519,19669,0,0
2026.06.11 04:00:00,160.518,160.547,160.423,160.504,23091,0,0
2026.06.11 08:00:00,160.502,160.590,160.493,160.533,27265,0,0
2026.06.11 12:00:00,160.533,160.597,160.503,160.534,28861,0,0
2026.06.11 16:00:00,160.533,160.565,160.457,160.528,40247,0,0
2026.06.11 20:00:00,160.528,160.548,159.542,159.877,50593,0,0
2026.06.12 00:00:00,159.849,160.221,159.799,160.170,24507,0,0
2026.06.12 04:00:00,160.169,160.308,160.147,160.262,27974,0,0
2026.06.12 08:00:00,160.261,160.374,159.956,160.094,40678,0,0
2026.06.12 12:00:00,160.095,160.306,159.960,160.253,41665,0,0
2026.06.12 16:00:00,160.256,160.339,160.157,160.230,50949,0,0
2026.06.12 20:00:00,160.229,160.244,160.129,160.131,22223,0,0
2026.06.15 00:00:00,160.109,160.143,159.734,160.109,25020,0,0
2026.06.15 04:00:00,160.117,160.231,160.013,160.054,27667,0,0
2026.06.15 08:00:00,160.055,160.163,159.991,160.136,36597,0,0
2026.06.15 12:00:00,160.140,160.208,160.089,160.138,31646,0,0
2026.06.15 16:00:00,160.140,160.245,160.029,160.214,34013,0,0
2026.06.15 20:00:00,160.213,160.395,160.210,160.312,24906,0,0
2026.06.16 00:00:00,160.286,160.365,160.155,160.198,13949,0,0
2026.06.16 04:00:00,160.199,160.349,160.047,160.255,27691,0,0
2026.06.16 08:00:00,160.254,160.345,160.148,160.325,36680,0,0
2026.06.16 12:00:00,160.324,160.380,160.278,160.330,28463,0,0
2026.06.16 16:00:00,160.329,160.471,160.322,160.394,39934,0,0
2026.06.16 20:00:00,160.395,160.484,160.368,160.372,22057,0,0
2026.06.17 00:00:00,160.370,160.446,160.331,160.352,13381,0,0
2026.06.17 04:00:00,160.351,160.373,160.256,160.268,17826,0,0
2026.06.17 08:00:00,160.269,160.339,160.117,160.209,29875,0,0
2026.06.17 12:00:00,160.209,160.335,160.162,160.248,29017,0,0
2026.06.17 16:00:00,160.249,160.352,160.185,160.199,35968,0,0
2026.06.17 20:00:00,160.200,160.801,160.194,160.620,51697,0,0
2026.06.18 00:00:00,160.601,160.751,160.477,160.699,21521,0,0
2026.06.18 04:00:00,160.696,160.703,160.561,160.592,26010,0,0
2026.06.18 08:00:00,160.593,160.781,160.573,160.781,36180,0,0
2026.06.18 12:00:00,160.783,160.954,160.476,160.869,44615,0,0
2026.06.18 16:00:00,160.870,161.454,160.800,161.424,49668,0,0
2026.06.18 20:00:00,161.426,161.813,160.920,161.346,39411,0,0
2026.06.19 00:00:00,161.312,161.432,161.018,161.110,19752,0,0
2026.06.19 04:00:00,161.108,161.416,160.989,161.379,31759,0,0
2026.06.19 08:00:00,161.379,161.458,161.240,161.287,40594,0,0
2026.06.19 12:00:00,161.283,161.331,161.157,161.169,32499,0,0
2026.06.19 16:00:00,161.170,161.342,161.135,161.332,28751,0,0
2026.06.19 20:00:00,161.333,161.339,161.192,161.193,15077,0,0
2026.06.22 00:00:00,161.211,161.568,161.190,161.483,18063,0,0
2026.06.22 04:00:00,161.485,161.695,161.436,161.667,28756,0,0
2026.06.22 08:00:00,161.667,161.788,161.613,161.769,36962,0,0
2026.06.22 12:00:00,161.770,161.792,161.655,161.779,38963,0,0
2026.06.22 16:00:00,161.778,161.933,161.077,161.555,59073,0,0
2026.06.22 20:00:00,161.555,161.693,161.401,161.541,26682,0,0
2026.06.23 00:00:00,161.501,161.638,161.463,161.579,18244,0,0
2026.06.23 04:00:00,161.579,161.614,161.522,161.611,23531,0,0
2026.06.23 08:00:00,161.624,161.742,161.268,161.435,48398,0,0
2026.06.23 12:00:00,161.434,161.616,161.339,161.557,38457,0,0
2026.06.23 16:00:00,161.557,161.601,161.466,161.598,39940,0,0
2026.06.23 20:00:00,161.600,161.619,161.485,161.485,21386,0,0
2026.06.24 00:00:00,161.465,161.634,161.440,161.627,16471,0,0
2026.06.24 04:00:00,161.628,161.631,161.527,161.557,24781,0,0
2026.06.24 08:00:00,161.559,161.758,161.544,161.755,32727,0,0
2026.06.24 12:00:00,161.755,161.781,161.623,161.755,34443,0,0
2026.06.24 16:00:00,161.758,161.816,161.689,161.753,39932,0,0
2026.06.24 20:00:00,161.753,161.843,161.736,161.750,30483,0,0
2026.06.25 00:00:00,161.718,161.793,161.696,161.713,15561,0,0
2026.06.25 04:00:00,161.713,161.780,161.555,161.767,27809,0,0
2026.06.25 08:00:00,161.768,161.900,161.728,161.797,30263,0,0
2026.06.25 12:00:00,161.798,161.952,161.762,161.839,33204,0,0
2026.06.25 16:00:00,161.838,161.858,161.564,161.765,48923,0,0
2026.06.25 20:00:00,161.769,161.843,161.726,161.780,29062,0,0
2026.06.26 00:00:00,161.781,161.842,161.636,161.833,18815,0,0
2026.06.26 04:00:00,161.831,161.849,161.562,161.629,31509,0,0
2026.06.26 08:00:00,161.628,161.751,161.532,161.588,46686,0,0
2026.06.26 12:00:00,161.588,161.710,161.532,161.659,41836,0,0
2026.06.26 16:00:00,161.656,161.774,161.579,161.754,37199,0,0
2026.06.26 20:00:00,161.755,161.778,161.635,161.640,17705,0,0
2026.06.29 00:00:00,161.715,161.863,161.682,161.763,18971,0,0
2026.06.29 04:00:00,161.762,161.815,161.732,161.812,26290,0,0
2026.06.29 08:00:00,161.813,161.859,161.778,161.848,28403,0,0
2026.06.29 12:00:00,161.844,161.904,161.806,161.894,25289,0,0
2026.06.29 16:00:00,161.893,161.968,161.815,161.939,32581,0,0
2026.06.29 20:00:00,161.940,161.985,161.907,161.934,15825,0,0
2026.06.30 00:00:00,161.913,162.408,161.827,162.133,12291,0,0
2026.06.30 04:00:00,162.127,162.304,162.040,162.199,29259,0,0
2026.06.30 08:00:00,162.194,162.418,162.117,162.319,31198,0,0
2026.06.30 12:00:00,162.319,162.516,162.034,162.397,31033,0,0
2026.06.30 16:00:00,162.398,162.676,162.317,162.645,36715,0,0
2026.06.30 20:00:00,162.647,162.650,162.492,162.492,21646,0,0
2026.07.01 00:00:00,162.493,162.778,162.468,162.694,11992,0,0
2026.07.01 04:00:00,162.696,162.842,162.559,162.723,25659,0,0
2026.07.01 08:00:00,162.724,162.764,162.607,162.668,26394,0,0
2026.07.01 12:00:00,162.664,162.771,162.649,162.698,28869,0,0
2026.07.01 16:00:00,162.699,162.737,162.290,162.458,50252,0,0
2026.07.01 20:00:00,162.460,162.617,162.422,162.566,24399,0,0
2026.07.02 00:00:00,162.548,162.597,162.479,162.565,13063,0,0
2026.07.02 04:00:00,162.563,162.585,162.359,162.434,25342,0,0
2026.07.02 08:00:00,162.434,162.434,160.898,161.027,56482,0,0
2026.07.02 12:00:00,161.029,161.644,160.636,161.025,52881,2,0
2026.07.02 16:00:00,161.032,161.159,160.758,160.988,58964,2,0
2026.07.02 20:00:00,160.997,161.173,160.990,161.085,29052,2,0
2026.07.03 00:00:00,161.072,161.523,160.975,161.183,18169,2,0
2026.07.03 04:00:00,161.177,161.274,160.921,161.127,29204,2,0
2026.07.03 08:00:00,161.129,161.179,160.486,161.040,32807,2,0
2026.07.03 12:00:00,161.045,161.173,160.963,161.173,21552,2,0
2026.07.03 16:00:00,161.172,161.397,161.170,161.345,21633,2,0
2026.07.03 20:00:00,161.344,161.409,161.241,161.253,25480,2,0
2026.07.06 00:00:00,161.182,161.610,161.182,161.533,16369,2,0
2026.07.06 04:00:00,161.532,161.942,161.529,161.938,22370,2,0
2026.07.06 08:00:00,161.939,162.314,161.886,162.247,33706,2,0
2026.07.06 12:00:00,162.246,162.428,162.227,162.399,26578,2,0
2026.07.06 16:00:00,162.401,162.418,162.241,162.257,26280,2,0
2026.07.06 20:00:00,162.255,162.274,162.015,162.068,19304,2,0
2026.07.07 00:00:00,162.057,162.183,161.997,162.137,14280,2,0
2026.07.07 04:00:00,162.135,162.149,161.678,161.798,26324,2,0
2026.07.07 08:00:00,161.799,162.083,161.650,161.902,33298,2,0
2026.07.07 12:00:00,161.903,161.965,161.756,161.845,27856,2,0
2026.07.07 16:00:00,161.846,162.021,161.814,161.933,31448,2,0
2026.07.07 20:00:00,161.933,162.138,161.860,162.087,21706,2,0
2026.07.08 00:00:00,162.073,162.406,161.947,162.348,16514,2,0
2026.07.08 04:00:00,162.346,162.464,162.279,162.366,23984,2,0
2026.07.08 08:00:00,162.367,162.500,162.079,162.489,38351,2,0
2026.07.08 12:00:00,162.491,162.561,162.247,162.520,34587,2,0
2026.07.08 16:00:00,162.521,162.706,162.486,162.533,33515,2,0
2026.07.08 20:00:00,162.535,162.640,162.417,162.565,22151,2,0
2026.07.09 00:00:00,162.543,162.613,162.358,162.439,14314,2,0
2026.07.09 04:00:00,162.442,162.573,162.409,162.432,21513,2,0
2026.07.09 08:00:00,162.433,162.437,162.245,162.392,31774,2,0
2026.07.09 12:00:00,162.393,162.509,162.379,162.439,23559,2,0
2026.07.09 16:00:00,162.440,162.454,162.252,162.317,31148,2,0
2026.07.09 20:00:00,162.316,162.417,162.273,162.348,16013,2,0
2026.07.10 00:00:00,162.335,162.425,161.895,162.060,12649,2,0
2026.07.10 04:00:00,162.060,162.105,161.286,161.633,46206,2,0
2026.07.10 08:00:00,161.632,161.775,161.409,161.690,42779,2,0
2026.07.10 12:00:00,161.688,161.898,161.638,161.792,31137,2,0
2026.07.10 16:00:00,161.794,161.870,161.281,161.508,42339,2,0
2026.07.10 20:00:00,161.510,161.759,161.493,161.584,23509,2,0
2026.07.13 00:00:00,161.661,162.110,161.633,162.108,26855,2,0
2026.07.13 04:00:00,162.116,162.170,161.958,161.997,36380,2,0
2026.07.13 08:00:00,161.998,162.360,161.844,162.079,51102,2,0
2026.07.13 12:00:00,162.078,162.194,161.979,162.100,42896,2,0
2026.07.13 16:00:00,162.102,162.471,162.074,162.454,47623,2,0
2026.07.13 20:00:00,162.449,162.484,162.334,162.334,30574,2,0
2026.07.14 00:00:00,162.334,162.474,162.239,162.383,22931,2,0
2026.07.14 04:00:00,162.382,162.426,162.228,162.320,37558,2,0
2026.07.14 08:00:00,162.319,162.387,162.052,162.275,39306,2,0
2026.07.14 12:00:00,162.276,162.281,161.600,161.911,45112,2,0
2026.07.14 16:00:00,161.910,162.198,161.832,162.113,56065,2,0
2026.07.14 20:00:00,162.110,162.282,162.107,162.225,32199,2,0
2026.07.15 00:00:00,162.192,162.270,162.075,162.099,16608,2,0
2026.07.15 04:00:00,162.098,162.232,161.963,162.212,27440,2,0
2026.07.15 08:00:00,162.213,162.350,162.096,162.296,30482,2,0
2026.07.15 12:00:00,162.299,162.421,162.139,162.166,33087,2,0
2026.07.15 16:00:00,162.167,162.280,162.074,162.163,36878,2,0
2026.07.15 20:00:00,162.164,162.282,161.896,162.170,27303,2,0
2026.07.16 00:00:00,162.153,162.157,162.031,162.095,15478,2,0
2026.07.16 04:00:00,162.096,162.168,162.028,162.101,26629,2,0
2026.07.16 08:00:00,162.102,162.184,161.983,162.145,31907,2,0
2026.07.16 12:00:00,162.142,162.302,162.111,162.302,34483,2,0
2026.07.16 16:00:00,162.301,162.545,162.213,162.476,33406,2,0
2026.07.16 20:00:00,162.475,162.506,162.354,162.379,20355,2,0
2026.07.17 00:00:00,162.366,162.458,162.313,162.420,13719,2,0
2026.07.17 04:00:00,162.421,162.474,162.341,162.417,17329,2,0
2026.07.17 08:00:00,162.419,162.445,162.133,162.390,29274,2,0
2026.07.17 12:00:00,162.391,162.453,162.303,162.411,22354,2,0
2026.07.17 16:00:00,162.412,162.518,162.323,162.430,30729,2,0
2026.07.17 20:00:00,162.431,162.477,162.313,162.313,21655,2,0
2026.07.20 00:00:00,162.403,162.580,162.258,162.338,11940,2,0
2026.07.20 04:00:00,162.337,162.410,162.306,162.339,13107,2,0
2026.07.20 08:00:00,162.338,162.453,162.313,162.369,25685,2,0
2026.07.20 12:00:00,162.368,162.435,162.205,162.407,21637,2,0
2026.07.20 16:00:00,162.409,162.592,162.386,162.527,25008,2,0
2026.07.20 20:00:00,162.528,162.532,162.415,162.488,18526,2,0
2026.07.21 00:00:00,162.488,162.535,162.357,162.533,11941,2,0
2026.07.21 04:00:00,162.533,162.534,162.437,162.486,14063,2,0
2026.07.21 08:00:00,162.485,162.700,162.470,162.688,17020,2,0
2026.07.21 12:00:00,162.687,162.801,162.623,162.721,25183,2,0
2026.07.21 16:00:00,162.722,163.046,162.719,163.009,37346,2,0
2026.07.21 20:00:00,163.007,163.241,162.977,163.163,27318,2,0
2026.07.22 00:00:00,163.126,163.228,163.027,163.133,15094,2,0
2026.07.22 04:00:00,163.131,163.205,163.071,163.175,28584,2,0
2026.07.22 08:00:00,163.171,163.189,162.686,162.956,38687,2,0
2026.07.22 12:00:00,162.955,163.142,162.943,163.104,33167,2,0
2026.07.22 16:00:00,163.103,163.135,163.013,163.112,36453,2,0
2026.07.22 20:00:00,163.113,163.178,163.101,163.135,24759,2,0
2026.07.23 00:00:00,163.114,163.149,163.046,163.058,14927,2,0
2026.07.23 04:00:00,163.057,163.099,162.995,163.074,31457,2,0
2026.07.23 08:00:00,163.075,163.444,163.064,163.340,38029,2,0
2026.07.23 12:00:00,163.339,163.753,163.291,163.678,44935,2,0
2026.07.23 16:00:00,163.676,163.990,163.666,163.765,55324,2,0
2026.07.23 20:00:00,163.768,163.876,163.715,163.810,29384,2,0
2026.07.24 00:00:00,163.799,163.939,163.755,163.806,17851,2,0
2026.07.24 04:00:00,163.804,163.869,163.724,163.827,35721,2,0
2026.07.24 08:00:00,163.828,163.850,163.653,163.730,39909,2,0
2026.07.24 12:00:00,163.732,163.866,163.673,163.855,36308,2,0
2026.07.24 16:00:00,163.853,163.881,163.636,163.781,43749,2,0
2026.07.24 20:00:00,163.782,163.870,163.743,163.765,17474,2,0
2026.07.27 00:00:00,163.513,163.712,163.513,163.630,20346,2,0
2026.07.27 04:00:00,163.629,163.636,163.453,163.577,21605,2,0
2026.07.27 08:00:00,163.578,163.610,163.325,163.520,30928,2,0
2026.07.27 12:00:00,163.515,163.709,163.491,163.696,33756,2,0
2026.07.27 16:00:00,163.697,163.773,163.584,163.648,36137,2,0
2026.07.27 20:00:00,163.649,163.797,163.648,163.695,19605,2,0
2026.07.28 00:00:00,163.672,163.843,163.607,163.741,11301,2,0
2026.07.28 04:00:00,163.742,163.794,163.672,163.749,21494,2,0
2026.07.28 08:00:00,163.748,163.858,163.665,163.822,22941,2,0
2026.07.28 12:00:00,163.822,163.950,163.807,163.881,26422,2,0
2026.07.28 16:00:00,163.880,163.887,163.643,163.742,31790,2,0
2026.07.28 20:00:00,163.743,163.893,163.715,163.800,17767,2,0
2026.07.29 00:00:00,163.800,163.884,163.672,163.706,11539,2,0
2026.07.29 04:00:00,163.705,163.781,163.274,163.423,27680,2,0
2026.07.29 08:00:00,163.425,163.696,163.342,163.584,31539,2,0
2026.07.29 12:00:00,163.583,163.823,163.503,163.799,22935,2,0
2026.07.29 16:00:00,163.798,163.909,163.728,163.895,25195,2,0
2026.07.29 20:00:00,163.897,163.899,163.229,163.366,47981,2,0
2026.07.30 00:00:00,163.356,163.521,163.209,163.498,21968,2,0
2026.07.30 04:00:00,163.495,163.559,163.410,163.495,24175,2,0
2026.07.30 08:00:00,163.494,163.743,163.456,163.652,31241,2,0
2026.07.30 12:00:00,163.653,163.653,162.291,162.960,58744,2,0
2026.07.30 16:00:00,162.952,162.964,157.964,159.578,81683,2,0
2026.07.30 20:00:00,159.574,159.848,158.518,159.493,44065,2,0
2026.07.31 00:00:00,159.490,160.689,159.366,160.536,36823,2,0
2026.07.31 04:00:00,160.528,160.884,160.333,160.682,47499,2,0
2026.07.31 08:00:00,160.680,160.752,158.541,158.907,65277,2,0
2026.07.31 12:00:00,158.941,160.454,158.552,160.377,51803,2,0
2026.07.31 16:00:00,160.378,160.544,158.852,159.368,68741,2,0
2026.07.31 20:00:00,159.367,159.510,157.154,157.577,61718,2,0
2026.08.03 00:00:00,157.148,157.887,155.223,156.121,48007,2,0
2026.08.03 04:00:00,156.110,156.648,155.435,156.461,47223,2,0
2026.08.03 08:00:00,156.459,156.989,156.321,156.988,43918,2,0
2026.08.03 12:00:00,156.987,157.139,156.583,156.821,43048,2,0
2026.08.03 16:00:00,156.826,157.038,156.245,156.890,53348,2,0
2026.08.03 20:00:00,156.889,157.225,156.674,157.156,30637,2,0
2026.08.04 00:00:00,157.142,157.670,157.127,157.498,25715,2,0
2026.08.04 04:00:00,157.498,157.746,157.389,157.543,34471,2,0
2026.08.04 08:00:00,157.548,157.845,157.497,157.804,33987,2,0
2026.08.04 12:00:00,157.805,157.962,157.298,157.531,38278,2,0
2026.08.04 16:00:00,157.530,157.639,157.215,157.580,43879,2,0
2026.08.04 20:00:00,157.579,157.836,157.523,157.643,32609,2,0
2026.08.05 00:00:00,157.623,157.809,157.447,157.557,17563,2,0
2026.08.05 04:00:00,157.560,157.699,157.306,157.664,40348,2,0
2026.08.05 08:00:00,157.663,157.879,157.520,157.820,43332,2,0
2026.08.05 12:00:00,157.823,157.869,157.412,157.629,35184,2,0
2026.08.05 16:00:00,157.631,157.758,157.306,157.746,45960,2,0
2026.08.05 20:00:00,157.747,157.815,157.622,157.730,23311,2,0
2026.08.06 00:00:00,157.705,157.764,157.556,157.729,16463,2,0
2026.08.06 04:00:00,157.721,157.750,157.587,157.742,21104,2,0
2026.08.06 08:00:00,157.741,157.894,157.705,157.840,26470,2,0
2026.08.06 12:00:00,157.839,157.938,157.818,157.899,18970,2,0
2026.08.06 16:00:00,157.897,158.553,157.820,158.509,36361,2,0
2026.08.06 20:00:00,158.507,158.512,158.293,158.375,20566,2,0
2026.08.07 00:00:00,158.354,158.574,158.319,158.529,9152,2,0
2026.08.07 04:00:00,158.532,158.538,158.215,158.378,15927,2,0
2026.08.07 08:00:00,158.377,158.479,158.289,158.376,18889,2,0
2026.08.07 12:00:00,158.374,158.416,156.679,157.386,27717,2,0
2026.08.07 16:00:00,157.382,157.989,157.241,157.448,53181,2,0
2026.08.07 20:00:00,157.449,157.870,157.371,157.695,28061,2,0
2026.08.10 00:00:00,157.691,157.968,157.522,157.951,13802,2,0
2026.08.10 04:00:00,157.951,158.345,157.930,158.340,22197,2,0
2026.08.10 08:00:00,158.339,158.686,158.297,158.662,28946,2,0
2026.08.10 12:00:00,158.666,158.948,158.421,158.941,27401,2,0
2026.08.10 16:00:00,158.940,159.066,158.854,159.034,31882,2,0
2026.08.10 20:00:00,159.035,159.363,159.027,159.281,16674,2,0
2026.08.11 00:00:00,159.275,159.315,158.923,159.148,13241,2,0
2026.08.11 04:00:00,159.149,159.311,159.071,159.189,19085,2,0
2026.08.11 08:00:00,159.188,159.379,159.153,159.355,21764,2,0
2026.08.11 12:00:00,159.361,159.392,159.057,159.269,29456,2,0
2026.08.11 16:00:00,159.271,159.327,159.170,159.267,28092,2,0
2026.08.11 20:00:00,159.268,159.364,159.244,159.271,14820,2,0
2026.08.12 00:00:00,159.251,159.368,159.199,159.343,10872,2,0
2026.08.12 04:00:00,159.340,159.463,159.295,159.413,15481,2,0
2026.08.12 08:00:00,159.415,159.440,159.285,159.313,19912,2,0
2026.08.12 12:00:00,159.313,159.336,158.583,158.813,38047,2,0
2026.08.12 16:00:00,158.815,159.411,158.690,159.389,37232,2,0
2026.08.12 20:00:00,159.388,159.544,159.355,159.405,16257,2,0
2026.08.13 00:00:00,159.407,159.454,159.243,159.322,10285,2,0
2026.08.13 04:00:00,159.321,159.486,159.178,159.250,17049,2,0
2026.08.13 08:00:00,159.248,159.446,159.227,159.405,23167,2,0
2026.08.13 12:00:00,159.407,159.438,159.173,159.173,22385,2,0
2026.08.13 16:00:00,159.176,159.496,159.022,159.491,35363,2,0
2026.08.13 20:00:00,159.490,159.567,159.438,159.477,16413,2,0
2026.08.14 00:00:00,159.477,159.518,159.351,159.375,11816,2,0
2026.08.14 04:00:00,159.378,159.456,159.327,159.354,16325,2,0
2026.08.14 08:00:00,159.354,159.357,159.061,159.182,26627,2,0
2026.08.14 12:00:00,159.181,159.197,158.599,158.911,30818,2,0
2026.08.14 16:00:00,158.910,159.372,158.795,159.365,40770,2,0
2026.08.14 20:00:00,159.365,159.400,159.201,159.298,16881,2,0
2026.08.17 00:00:00,159.275,159.398,159.005,159.020,15411,2,0
2026.08.17 04:00:00,159.018,159.145,158.952,159.123,20520,2,0
2026.08.17 08:00:00,159.123,159.154,158.843,159.128,27087,2,0
2026.08.17 12:00:00,159.129,159.289,159.068,159.249,30852,2,0
2026.08.17 16:00:00,159.250,159.406,159.186,159.362,25658,2,0
2026.08.17 20:00:00,159.364,159.599,159.355,159.427,16541,2,0
2026.08.18 00:00:00,159.422,159.526,159.235,159.430,12683,2,0
2026.08.18 04:00:00,159.432,159.749,159.394,159.695,21584,2,0
2026.08.18 08:00:00,159.695,159.779,159.620,159.673,22796,2,0
2026.08.18 12:00:00,159.671,159.747,159.584,159.666,22304,2,0
2026.08.18 16:00:00,159.668,159.716,159.426,159.574,30878,2,0
2026.08.18 20:00:00,159.575,159.675,159.562,159.602,18313,2,0
2026.08.19 00:00:00,159.602,159.643,159.392,159.459,12135,2,0
2026.08.19 04:00:00,159.458,159.525,159.243,159.330,22926,2,0
2026.08.19 08:00:00,159.329,159.332,159.053,159.167,29282,2,0
2026.08.19 12:00:00,159.171,159.268,158.162,158.596,42107,2,0
2026.08.19 16:00:00,158.595,158.600,158.039,158.389,60336,2,0
2026.08.19 20:00:00,158.390,158.617,158.090,158.139,38371,2,0
