bar_index,bar_time_epoch_ms,bar_time_utc,bar_time_london,within_export_window,symbol,timeframe,session,session_phase,open,high,low,close,volume,direction,range,body_size,body_ratio,upper_wick,lower_wick,upper_wick_ratio,lower_wick_ratio,close_location,atr,body_atr,range_atr,net_progress_3,net_progress_6,net_progress_12,net_progress_atr_3,net_progress_atr_6,net_progress_atr_12,directional_efficiency_3,directional_efficiency_6,directional_efficiency_12,overlap_with_previous,overlap_ratio_previous,consecutive_higher_closes,consecutive_lower_closes,nearest_level,nearest_level_source,nearest_level_distance,nearest_level_distance_atr,previous_day_high,previous_day_low,previous_session_high,previous_session_low,consolidation_high,consolidation_low,m15_time,m15_direction,m15_trend,m15_efficiency,m15_atr,m15_swing_high,m15_swing_low,m30_time,m30_direction,m30_trend,m30_efficiency,m30_atr,m30_swing_high,m30_swing_low,h1_time,h1_direction,h1_trend,h1_efficiency,h1_atr,h1_swing_high,h1_swing_low
21046,1785365700000,2026-07-29T22:55:00Z,2026-07-29T23:55:00+01:00,false,USDJPY,5,ASIAN_OVERNIGHT,ASIAN_OVERNIGHT,163.403,163.405,163.377,163.386,487,BEARISH,0.028,0.017,0.6071428571,0.002,0.009,0.0714285714,0.3214285714,0.3214285714,0.0336,0.505952381,0.8333333333,,,,,,,,,,,,0,0,163.368,CONFIRMED_SWING_LOW,0.018,0.5362,163.91,163.229,163.91,163.229,163.697,163.631,1785364200000,NEUTRAL,0,0.3702,0.083,163.569,163.274,1785362400000,BULLISH,1,0.2271,0.1212,163.91,163.274,1785358800000,NEUTRAL,0,0.1623,0.1619,163.91,163.229
21047,1785366000000,2026-07-29T23:00:00Z,2026-07-30T00:00:00+01:00,true,USDJPY,5,ASIAN_OVERNIGHT,ASIAN_OVERNIGHT,163.384,163.386,163.327,163.328,455,BEARISH,0.059,0.056,0.9491525424,0.002,0.001,0.0338983051,0.0169491525,0.0169491525,0.0354,1.581920904,1.6666666667,,,,,,,,,,0.009,0.3214285714,0,1,163.368,CONFIRMED_SWING_LOW,0.04,1.1303,163.91,163.229,163.91,163.229,163.697,163.631,1785365100000,NEUTRAL,0,0.3827,0.0801,163.455,163.274,1785364200000,BULLISH,1,0.2917,0.1177,163.91,163.274,1785362400000,NEUTRAL,0,0.1609,0.1559,163.91,163.229
21048,1785366300000,2026-07-29T23:05:00Z,2026-07-30T00:05:00+01:00,true,USDJPY,5,ASIAN_OVERNIGHT,ASIAN_OVERNIGHT,163.327,163.347,163.298,163.315,631,BEARISH,0.049,0.012,0.2448979592,0.02,0.017,0.4081632653,0.3469387755,0.3469387755,0.0364,0.3296703297,1.3461538462,,,,,,,,,,0.02,0.4081632653,0,2,163.368,CONFIRMED_SWING_LOW,0.053,1.4576,163.91,163.229,163.91,163.229,163.697,163.631,1785365100000,NEUTRAL,0,0.3827,0.0801,163.455,163.274,1785364200000,BULLISH,1,0.2917,0.1177,163.91,163.274,1785362400000,NEUTRAL,0,0.1609,0.1559,163.91,163.229
21049,1785366600000,2026-07-29T23:10:00Z,2026-07-30T00:10:00+01:00,true,USDJPY,5,ASIAN_OVERNIGHT,ASIAN_OVERNIGHT,163.314,163.37,163.308,163.357,657,BULLISH,0.062,0.043,0.6935483871,0.013,0.006,0.2096774194,0.0967741935,0.7903225806,0.0382,1.1256544503,1.6230366492,-0.029,,,-0.7591623037,,,0.2566371681,,,0.039,0.7959183673,1,0,163.368,CONFIRMED_SWING_LOW,0.011,0.288,163.91,163.229,163.91,163.229,163.697,163.631,1785365100000,NEUTRAL,0,0.3827,0.0801,163.455,163.274,1785364200000,BULLISH,1,0.2917,0.1177,163.91,163.274,1785362400000,NEUTRAL,0,0.1609,0.1559,163.91,163.229
21050,1785366900000,2026-07-29T23:15:00Z,2026-07-30T00:15:00+01:00,true,USDJPY,5,ASIAN_OVERNIGHT,ASIAN_OVERNIGHT,163.356,163.387,163.355,163.38,264,BULLISH,0.032,0.024,0.75,0.007,0.001,0.21875,0.03125,0.78125,0.0377,0.6366047745,0.848806366,0.052,,,1.3793103448,,,0.6666666667,,,0.015,0.46875,2,0,163.368,CONFIRMED_SWING_LOW,0.012,0.3179,163.91,163.229,163.91,163.229,163.697,163.631,1785366000000,NEUTRAL,0,0.1828,0.0806,163.455,163.274,1785364200000,BULLISH,1,0.2917,0.1177,163.91,163.274,1785362400000,NEUTRAL,0,0.1609,0.1559,163.91,163.229
21051,1785367200000,2026-07-29T23:20:00Z,2026-07-30T00:20:00+01:00,true,USDJPY,5,ASIAN_OVERNIGHT,ASIAN_OVERNIGHT,163.378,163.386,163.365,163.383,443,BULLISH,0.021,0.005,0.2380952381,0.003,0.013,0.1428571429,0.619047619,0.8571428571,0.0366,0.1366120219,0.5737704918,0.068,,,1.8579234973,,,1,,,0.021,1,3,0,163.455,CONFIRMED_SWING_HIGH,0.072,1.9697,163.91,163.229,163.91,163.229,163.697,163.631,1785366000000,NEUTRAL,0,0.1828,0.0806,163.455,163.274,1785364200000,BULLISH,1,0.2917,0.1177,163.91,163.274,1785362400000,NEUTRAL,0,0.1609,0.1559,163.91,163.229
21052,1785367500000,2026-07-29T23:25:00Z,2026-07-30T00:25:00+01:00,true,USDJPY,5,ASIAN_OVERNIGHT,ASIAN_OVERNIGHT,163.385,163.39,163.366,163.371,298,BEARISH,0.024,0.014,0.5833333333,0.005,0.005,0.2083333333,0.2083333333,0.2083333333,0.0357,0.3921568627,0.6722689076,0.014,-0.015,,0.3921568627,-0.4201680672,,0.3684210526,0.0993377483,,0.02,0.9523809524,0,1,163.298,CONFIRMED_SWING_LOW,0.073,2.0473,163.91,163.229,163.91,163.229,163.697,163.631,1785366000000,NEUTRAL,0,0.1828,0.0806,163.455,163.274,1785364200000,BULLISH,1,0.2917,0.1177,163.91,163.274,1785362400000,NEUTRAL,0,0.1609,0.1559,163.91,163.229
21053,1785367800000,2026-07-29T23:30:00Z,2026-07-30T00:30:00+01:00,true,USDJPY,5,ASIAN_OVERNIGHT,ASIAN_OVERNIGHT,163.37,163.386,163.362,163.368,232,BEARISH,0.024,0.002,0.0833333333,0.016,0.006,0.6666666667,0.25,0.25,0.0348,0.0574712644,0.6896551724,-0.012,0.04,,-0.3448275862,1.1494252874,,0.6666666667,0.4166666667,,0.02,0.8333333333,0,2,163.298,CONFIRMED_SWING_LOW,0.07,2.0101,163.91,163.229,163.91,163.229,163.697,163.631,1785366900000,NEUTRAL,0,0.2088,0.0774,163.455,163.274,1785366000000,BULLISH,1,0.2742,0.1159,163.91,163.274,1785362400000,NEUTRAL,0,0.1609,0.1559,163.91,163.229
21054,1785368100000,2026-07-29T23:35:00Z,2026-07-30T00:35:00+01:00,true,USDJPY,5,ASIAN_OVERNIGHT,ASIAN_OVERNIGHT,163.368,163.384,163.366,163.381,122,BULLISH,0.018,0.013,0.7222222222,0.003,0.002,0.1666666667,0.1111111111,0.8333333333,0.0336,0.3869047619,0.5357142857,-0.002,0.066,,-0.0595238095,1.9642857143,,0.0714285714,0.6875,,0.018,1,1,0,163.455,CONFIRMED_SWING_HIGH,0.074,2.2009,163.91,163.229,163.91,163.229,163.697,163.631,1785366900000,NEUTRAL,0,0.2088,0.0774,163.455,163.274,1785366000000,BULLISH,1,0.2742,0.1159,163.91,163.274,1785362400000,NEUTRAL,0,0.1609,0.1559,163.91,163.229
21055,1785368400000,2026-07-29T23:40:00Z,2026-07-30T00:40:00+01:00,true,USDJPY,5,ASIAN_OVERNIGHT,ASIAN_OVERNIGHT,163.38,163.389,163.363,163.38,393,NEUTRAL,0.026,0,0,0.009,0.017,0.3461538462,0.6538461538,0.6538461538,0.0331,0,0.7854984894,0.009,0.023,,0.2719033233,0.6948640483,,0.5294117647,0.4181818182,,0.018,1,0,1,163.39,CONFIRMED_SWING_HIGH,0.01,0.3023,163.91,163.229,163.91,163.229,163.697,163.631,1785366900000,NEUTRAL,0,0.2088,0.0774,163.455,163.274,1785366000000,BULLISH,1,0.2742,0.1159,163.91,163.274,1785362400000,NEUTRAL,0,0.1609,0.1559,163.91,163.229
21056,1785368700000,2026-07-29T23:45:00Z,2026-07-30T00:45:00+01:00,true,USDJPY,5,ASIAN_OVERNIGHT,ASIAN_OVERNIGHT,163.379,163.386,163.328,163.328,345,BEARISH,0.058,0.051,0.8793103448,0.007,0,0.1206896552,0,0,0.0349,1.4613180516,1.6618911175,-0.04,-0.052,,-1.1461318052,-1.4899713467,,0.6060606061,0.619047619,,0.023,0.8846153846,0,2,163.298,CONFIRMED_SWING_LOW,0.03,0.8606,163.91,163.229,163.91,163.229,163.697,163.631,1785367800000,NEUTRAL,0,0.0902,0.0738,163.455,163.298,1785366000000,BULLISH,1,0.2742,0.1159,163.91,163.274,1785362400000,NEUTRAL,0,0.1609,0.1559,163.91,163.229
21057,1785369000000,2026-07-29T23:50:00Z,2026-07-30T00:50:00+01:00,true,USDJPY,5,ASIAN_OVERNIGHT,ASIAN_OVERNIGHT,163.329,163.329,163.273,163.315,885,BEARISH,0.056,0.014,0.25,0,0.042,0,0.75,0.75,0.0364,0.3846153846,1.5384615385,-0.066,-0.068,,-1.8131868132,-1.8681318681,,1,0.7234042553,,0.001,0.0178571429,0,3,163.298,CONFIRMED_SWING_LOW,0.017,0.4674,163.91,163.229,163.91,163.229,163.697,163.631,1785367800000,NEUTRAL,0,0.0902,0.0738,163.455,163.274,1785366000000,BULLISH,1,0.2742,0.1159,163.91,163.274,1785362400000,NEUTRAL,0,0.1609,0.1559,163.91,163.229
21058,1785369300000,2026-07-29T23:55:00Z,2026-07-30T00:55:00+01:00,true,USDJPY,5,ASIAN_OVERNIGHT,ASIAN_OVERNIGHT,163.314,163.337,163.299,163.307,652,BEARISH,0.038,0.007,0.1842105263,0.023,0.008,0.6052631579,0.2105263158,0.2105263158,0.0365,0.1917808219,1.0410958904,-0.073,-0.064,-0.079,-2,-1.7534246575,-2.1643835616,1,0.7111111111,0.3278008299,0.03,0.7894736842,0,4,163.298,CONFIRMED_SWING_LOW,0.009,0.2467,163.91,163.229,163.91,163.229,163.697,163.631,1785367800000,NEUTRAL,0,0.0902,0.0738,163.455,163.274,1785366000000,BULLISH,1,0.2742,0.1159,163.91,163.274,1785362400000,NEUTRAL,0,0.1609,0.1559,163.91,163.229
21059,1785369600000,2026-07-30T00:00:00Z,2026-07-30T01:00:00+01:00,true,USDJPY,5,ASIAN_OVERNIGHT,ASIAN_OVERNIGHT,163.305,163.314,163.233,163.266,1583,BEARISH,0.081,0.039,0.4814814815,0.009,0.033,0.1111111111,0.4074074074,0.4074074074,0.0397,0.9823677582,2.040302267,-0.062,-0.102,-0.062,-1.5617128463,-2.5692695214,-1.5617128463,1,0.796875,0.2767857143,0.015,0.3947368421,0,5,163.298,CONFIRMED_SWING_LOW,0.032,0.8068,163.91,163.229,163.91,163.229,163.697,163.631,1785368700000,NEUTRAL,0,0.0177,0.0766,163.455,163.274,1785367800000,BULLISH,1,0.3128,0.1159,163.91,163.274,1785366000000,NEUTRAL,0,0.1548,0.1531,163.91,163.229
21060,1785369900000,2026-07-30T00:05:00Z,2026-07-30T01:05:00+01:00,true,USDJPY,5,ASIAN_OVERNIGHT,ASIAN_OVERNIGHT,163.267,163.298,163.209,163.241,1310,BEARISH,0.089,0.026,0.2921348315,0.031,0.032,0.3483146067,0.3595505618,0.3595505618,0.0432,0.6018518519,2.0601851852,-0.074,-0.14,-0.074,-1.712962963,-3.2407407407,-1.712962963,1,1,0.313559322,0.065,0.8024691358,0,6,163.229,PREVIOUS_DAY_LOW,0.012,0.2779,163.91,163.229,163.91,163.229,163.697,163.631,1785368700000,NEUTRAL,0,0.0177,0.0766,163.455,163.274,1785367800000,BULLISH,1,0.3128,0.1159,163.91,163.274,1785366000000,NEUTRAL,0,0.1548,0.1531,163.91,163.229
21061,1785370200000,2026-07-30T00:10:00Z,2026-07-30T01:10:00+01:00,true,USDJPY,5,ASIAN_OVERNIGHT,ASIAN_OVERNIGHT,163.242,163.281,163.231,163.26,965,BULLISH,0.05,0.018,0.36,0.021,0.011,0.42,0.22,0.58,0.0437,0.4118993135,1.1441647597,-0.047,-0.12,-0.097,-1.0755148741,-2.7459954233,-2.2196796339,0.5529411765,0.7594936709,0.455399061,0.05,1,1,0,163.229,PREVIOUS_DAY_LOW,0.031,0.7098,163.91,163.229,163.91,163.229,163.697,163.631,1785368700000,NEUTRAL,0,0.0177,0.0766,163.455,163.274,1785367800000,BULLISH,1,0.3128,0.1159,163.91,163.274,1785366000000,NEUTRAL,0,0.1548,0.1531,163.91,163.229
21062,1785370500000,2026-07-30T00:15:00Z,2026-07-30T01:15:00+01:00,true,USDJPY,5,ASIAN_OVERNIGHT,ASIAN_OVERNIGHT,163.259,163.344,163.25,163.34,2053,BULLISH,0.094,0.081,0.8617021277,0.004,0.009,0.0425531915,0.0957446809,0.9574468085,0.0473,1.7124735729,1.9873150106,0.074,0.012,-0.04,1.5644820296,0.2536997886,-0.8456659619,0.5967741935,0.064516129,0.1481481481,0.031,0.62,2,0,163.298,CONFIRMED_SWING_LOW,0.042,0.8885,163.91,163.229,163.91,163.229,163.697,163.631,1785369600000,NEUTRAL,0,0.1512,0.0786,163.455,163.274,1785367800000,BULLISH,1,0.3128,0.1159,163.91,163.274,1785366000000,NEUTRAL,0,0.1548,0.1531,163.91,163.229
21063,1785370800000,2026-07-30T00:20:00Z,2026-07-30T01:20:00+01:00,true,USDJPY,5,ASIAN_OVERNIGHT,ASIAN_OVERNIGHT,163.339,163.371,163.329,163.362,1868,BULLISH,0.042,0.023,0.5476190476,0.009,0.01,0.2142857143,0.2380952381,0.7857142857,0.0469,0.4904051173,0.8955223881,0.121,0.047,-0.021,2.5799573561,1.0021321962,-0.447761194,1,0.241025641,0.0726643599,0.015,0.3571428571,3,0,163.39,CONFIRMED_SWING_HIGH,0.028,0.5971,163.91,163.229,163.91,163.229,163.697,163.631,1785369600000,NEUTRAL,0,0.1512,0.0786,163.455,163.274,1785367800000,BULLISH,1,0.3128,0.1159,163.91,163.274,1785366000000,NEUTRAL,0,0.1548,0.1531,163.91,163.229
21064,1785371100000,2026-07-30T00:25:00Z,2026-07-30T01:25:00+01:00,true,USDJPY,5,ASIAN_OVERNIGHT,ASIAN_OVERNIGHT,163.361,163.502,163.36,163.494,1876,BULLISH,0.142,0.133,0.9366197183,0.008,0.001,0.0563380282,0.0070422535,0.9436619718,0.0537,2.4767225326,2.644320298,0.234,0.187,0.123,4.3575418994,3.4823091248,2.2905027933,1,0.5862068966,0.3007334963,0.011,0.2619047619,4,0,163.39,CONFIRMED_SWING_HIGH,0.104,1.9372,163.91,163.229,163.91,163.229,163.697,163.631,1785369600000,NEUTRAL,0,0.1512,0.0786,163.455,163.274,1785367800000,BULLISH,1,0.3128,0.1159,163.91,163.274,1785366000000,NEUTRAL,0,0.1548,0.1531,163.91,163.229
21065,1785371400000,2026-07-30T00:30:00Z,2026-07-30T01:30:00+01:00,true,USDJPY,5,ASIAN_OVERNIGHT,ASIAN_OVERNIGHT,163.493,163.496,163.455,163.476,1314,BEARISH,0.041,0.017,0.4146341463,0.003,0.021,0.0731707317,0.512195122,0.512195122,0.0528,0.321969697,0.7765151515,0.136,0.21,0.108,2.5757575758,3.9772727273,2.0454545455,0.7906976744,0.7094594595,0.2547169811,0.041,1,0,1,163.39,CONFIRMED_SWING_HIGH,0.086,1.6294,163.91,163.229,163.91,163.229,163.697,163.631,1785370500000,NEUTRAL,0,0.1081,0.091,163.455,163.274,1785369600000,BULLISH,1,0.1641,0.1285,163.91,163.274,1785366000000,NEUTRAL,0,0.1548,0.1531,163.91,163.229
21066,1785371700000,2026-07-30T00:35:00Z,2026-07-30T01:35:00+01:00,true,USDJPY,5,ASIAN_OVERNIGHT,ASIAN_OVERNIGHT,163.476,163.521,163.454,163.487,1553,BULLISH,0.067,0.011,0.1641791045,0.034,0.022,0.5074626866,0.328358209,0.4925373134,0.0538,0.2044609665,1.2453531599,0.125,0.246,0.106,2.3234200743,4.5724907063,1.970260223,0.7763975155,0.8723404255,0.2511848341,0.041,1,1,0,163.39,CONFIRMED_SWING_HIGH,0.097,1.8031,163.91,163.229,163.91,163.229,163.697,163.631,1785370500000,NEUTRAL,0,0.1081,0.091,163.455,163.274,1785369600000,BULLISH,1,0.1641,0.1285,163.91,163.274,1785366000000,NEUTRAL,0,0.1548,0.1531,163.91,163.229
21067,1785372000000,2026-07-30T00:40:00Z,2026-07-30T01:40:00+01:00,true,USDJPY,5,ASIAN_OVERNIGHT,ASIAN_OVERNIGHT,163.485,163.495,163.442,163.45,1618,BEARISH,0.053,0.035,0.6603773585,0.01,0.008,0.1886792453,0.1509433962,0.1509433962,0.0537,0.6517690875,0.9869646182,-0.044,0.19,0.07,-0.8193668529,3.5381750466,1.303538175,0.6666666667,0.6333333333,0.1528384279,0.041,0.7735849057,0,1,163.39,CONFIRMED_SWING_HIGH,0.06,1.1165,163.91,163.229,163.91,163.229,163.697,163.631,1785370500000,NEUTRAL,0,0.1081,0.091,163.455,163.274,1785369600000,BULLISH,1,0.1641,0.1285,163.91,163.274,1785366000000,NEUTRAL,0,0.1548,0.1531,163.91,163.229
21068,1785372300000,2026-07-30T00:45:00Z,2026-07-30T01:45:00+01:00,true,USDJPY,5,ASIAN_OVERNIGHT,ASIAN_OVERNIGHT,163.447,163.47,163.417,163.427,1099,BEARISH,0.053,0.02,0.3773584906,0.023,0.01,0.4339622642,0.1886792453,0.1886792453,0.0537,0.3724394786,0.9869646182,-0.049,0.087,0.099,-0.9124767225,1.6201117318,1.843575419,0.6901408451,0.3580246914,0.2307692308,0.028,0.5283018868,0,2,163.39,CONFIRMED_SWING_HIGH,0.037,0.6892,163.91,163.229,163.91,163.229,163.697,163.631,1785371400000,BEARISH,-1,0.0375,0.0901,163.455,163.209,1785369600000,BULLISH,1,0.1641,0.1285,163.91,163.274,1785366000000,NEUTRAL,0,0.1548,0.1531,163.91,163.229
21069,1785372600000,2026-07-30T00:50:00Z,2026-07-30T01:50:00+01:00,true,USDJPY,5,ASIAN_OVERNIGHT,ASIAN_OVERNIGHT,163.426,163.481,163.405,163.437,2532,BULLISH,0.076,0.011,0.1447368421,0.044,0.021,0.5789473684,0.2763157895,0.4210526316,0.0553,0.198915009,1.3743218807,-0.05,0.075,0.122,-0.904159132,1.356238698,2.2061482821,0.7142857143,0.3246753247,0.2863849765,0.053,1,1,0,163.521,CONFIRMED_SWING_HIGH,0.084,1.5195,163.91,163.229,163.91,163.229,163.697,163.631,1785371400000,BEARISH,-1,0.0375,0.0901,163.455,163.209,1785369600000,BULLISH,1,0.1641,0.1285,163.91,163.274,1785366000000,NEUTRAL,0,0.1548,0.1531,163.91,163.229
21070,1785372900000,2026-07-30T00:55:00Z,2026-07-30T01:55:00+01:00,true,USDJPY,5,ASIAN_OVERNIGHT,ASIAN_OVERNIGHT,163.437,163.499,163.413,163.495,1272,BULLISH,0.086,0.058,0.6744186047,0.004,0.024,0.0465116279,0.2790697674,0.9534883721,0.0575,1.0086956522,1.4956521739,0.045,0.001,0.188,0.7826086957,0.0173913043,3.2695652174,0.4945054945,0.0063694268,0.3949579832,0.068,0.8947368421,2,0,163.521,CONFIRMED_SWING_HIGH,0.026,0.4524,163.91,163.229,163.91,163.229,163.697,163.631,1785371400000,BEARISH,-1,0.0375,0.0901,163.455,163.209,1785369600000,BULLISH,1,0.1641,0.1285,163.91,163.274,1785366000000,NEUTRAL,0,0.1548,0.1531,163.91,163.229
21071,1785373200000,2026-07-30T01:00:00Z,2026-07-30T02:00:00+01:00,true,USDJPY,5,ASIAN_OVERNIGHT,ASIAN_OVERNIGHT,163.496,163.498,163.437,163.45,1169,BEARISH,0.061,0.046,0.7540983607,0.002,0.013,0.0327868852,0.2131147541,0.2131147541,0.0577,0.7972270364,1.0571923743,0.023,-0.026,0.184,0.3986135182,-0.4506065858,3.1889081456,0.203539823,0.1413043478,0.3833333333,0.061,1,0,1,163.521,CONFIRMED_SWING_HIGH,0.071,1.2299,163.91,163.229,163.91,163.229,163.697,163.631,1785372300000,BEARISH,-1,0.0235,0.0904,163.455,163.209,1785371400000,BULLISH,1,0.2668,0.1277,163.91,163.274,1785369600000,NEUTRAL,0,0.0353,0.1645,163.91,163.229
21072,1785373500000,2026-07-30T01:05:00Z,2026-07-30T02:05:00+01:00,true,USDJPY,5,ASIAN_OVERNIGHT,ASIAN_OVERNIGHT,163.449,163.468,163.429,163.439,1608,BEARISH,0.039,0.01,0.2564102564,0.019,0.01,0.4871794872,0.2564102564,0.2564102564,0.0564,0.1773049645,0.6914893617,0.002,-0.048,0.198,0.0354609929,-0.8510638298,3.5106382979,0.0175438596,0.2608695652,0.4248927039,0.031,0.7948717949,0,2,163.405,CONFIRMED_SWING_LOW,0.034,0.603,163.91,163.229,163.91,163.229,163.697,163.631,1785372300000,BEARISH,-1,0.0235,0.0904,163.455,163.209,1785371400000,BULLISH,1,0.2668,0.1277,163.91,163.274,1785369600000,NEUTRAL,0,0.0353,0.1645,163.91,163.229
21073,1785373800000,2026-07-30T01:10:00Z,2026-07-30T02:10:00+01:00,true,USDJPY,5,ASIAN_OVERNIGHT,ASIAN_OVERNIGHT,163.44,163.464,163.41,163.432,1922,BEARISH,0.054,0.008,0.1481481481,0.024,0.022,0.4444444444,0.4074074074,0.4074074074,0.0562,0.1423487544,0.9608540925,-0.063,-0.018,0.172,-1.1209964413,-0.3202846975,3.0604982206,1,0.1168831169,0.3788546256,0.035,0.8974358974,0,3,163.405,CONFIRMED_SWING_LOW,0.027,0.4803,163.91,163.229,163.91,163.229,163.697,163.631,1785372300000,BEARISH,-1,0.0235,0.0904,163.455,163.209,1785371400000,BULLISH,1,0.2668,0.1277,163.91,163.274,1785369600000,NEUTRAL,0,0.0353,0.1645,163.91,163.229
21074,1785374100000,2026-07-30T01:15:00Z,2026-07-30T02:15:00+01:00,true,USDJPY,5,ASIAN_OVERNIGHT,ASIAN_OVERNIGHT,163.43,163.477,163.43,163.464,1344,BULLISH,0.047,0.034,0.7234042553,0.013,0,0.2765957447,0,0.7234042553,0.0556,0.6115107914,0.845323741,0.014,0.037,0.124,0.2517985612,0.6654676259,2.2302158273,0.28,0.226993865,0.3054187192,0.034,0.7234042553,1,0,163.499,CONFIRMED_SWING_HIGH,0.035,0.63,163.91,163.229,163.91,163.229,163.697,163.631,1785373200000,NEUTRAL,0,0.1126,0.0902,163.521,163.209,1785371400000,BULLISH,1,0.2668,0.1277,163.91,163.274,1785369600000,NEUTRAL,0,0.0353,0.1645,163.91,163.229
21075,1785374400000,2026-07-30T01:20:00Z,2026-07-30T02:20:00+01:00,true,USDJPY,5,ASIAN_OVERNIGHT,ASIAN_OVERNIGHT,163.465,163.536,163.456,163.515,946,BULLISH,0.08,0.05,0.625,0.021,0.009,0.2625,0.1125,0.7375,0.0573,0.872600349,1.3961605585,0.076,0.078,0.153,1.3263525305,1.3612565445,2.6701570681,0.8444444444,0.3823529412,0.3517241379,0.021,0.4468085106,2,0,163.499,CONFIRMED_SWING_HIGH,0.016,0.2792,163.91,163.229,163.91,163.229,163.697,163.631,1785373200000,BEARISH,-1,0.1126,0.0902,163.455,163.209,1785371400000,BULLISH,1,0.2668,0.1277,163.91,163.274,1785369600000,NEUTRAL,0,0.0353,0.1645,163.91,163.229
21076,1785374700000,2026-07-30T01:25:00Z,2026-07-30T02:25:00+01:00,true,USDJPY,5,ASIAN_OVERNIGHT,ASIAN_OVERNIGHT,163.514,163.521,163.473,163.487,1123,BEARISH,0.048,0.027,0.5625,0.007,0.014,0.1458333333,0.2916666667,0.2916666667,0.0566,0.4770318021,0.8480565371,0.055,-0.008,-0.007,0.9717314488,-0.1413427562,-0.1236749117,0.4954954955,0.0459770115,0.0211480363,0.048,1,0,1,163.499,CONFIRMED_SWING_HIGH,0.012,0.2119,163.91,163.229,163.91,163.229,163.697,163.631,1785373200000,BEARISH,-1,0.1126,0.0902,163.455,163.209,1785371400000,BULLISH,1,0.2668,0.1277,163.91,163.274,1785369600000,NEUTRAL,0,0.0353,0.1645,163.91,163.229
21077,1785375000000,2026-07-30T01:30:00Z,2026-07-30T02:30:00+01:00,true,USDJPY,5,ASIAN_OVERNIGHT,ASIAN_OVERNIGHT,163.488,163.499,163.414,163.451,1390,BEARISH,0.085,0.037,0.4352941176,0.011,0.037,0.1294117647,0.4352941176,0.4352941176,0.0587,0.6303236797,1.4480408859,-0.013,0.001,-0.025,-0.2214650767,0.0170357751,-0.4258943782,0.1130434783,0.0060606061,0.0716332378,0.026,0.5416666667,0,2,163.41,CONFIRMED_SWING_LOW,0.041,0.6989,163.91,163.229,163.91,163.229,163.697,163.631,1785374100000,BEARISH,-1,0.0674,0.0914,163.455,163.209,1785373200000,NEUTRAL,0,0.2502,0.1275,163.91,163.209,1785369600000,NEUTRAL,0,0.0353,0.1645,163.91,163.229
21078,1785375300000,2026-07-30T01:35:00Z,2026-07-30T02:35:00+01:00,true,USDJPY,5,ASIAN_OVERNIGHT,ASIAN_OVERNIGHT,163.45,163.454,163.42,163.441,1013,BEARISH,0.034,0.009,0.2647058824,0.004,0.021,0.1176470588,0.6176470588,0.6176470588,0.0569,0.158172232,0.5975395431,-0.074,0.002,-0.046,-1.3005272408,0.0351493849,-0.8084358524,1,0.012195122,0.132183908,0.034,1,0,3,163.41,CONFIRMED_SWING_LOW,0.031,0.5448,163.91,163.229,163.91,163.229,163.697,163.631,1785374100000,BEARISH,-1,0.0674,0.0914,163.455,163.209,1785373200000,NEUTRAL,0,0.2502,0.1275,163.91,163.209,1785369600000,NEUTRAL,0,0.0353,0.1645,163.91,163.229
21079,1785375600000,2026-07-30T01:40:00Z,2026-07-30T02:40:00+01:00,true,USDJPY,5,ASIAN_OVERNIGHT,ASIAN_OVERNIGHT,163.443,163.479,163.434,163.475,661,BULLISH,0.045,0.032,0.7111111111,0.004,0.009,0.0888888889,0.2,0.9111111111,0.0561,0.5704099822,0.8021390374,-0.012,0.043,0.025,-0.2139037433,0.7664884135,0.4456327986,0.15,0.2251308901,0.0724637681,0.02,0.5882352941,1,0,163.536,CONFIRMED_SWING_HIGH,0.061,1.0882,163.91,163.229,163.91,163.229,163.697,163.631,1785374100000,BEARISH,-1,0.0674,0.0914,163.455,163.209,1785373200000,NEUTRAL,0,0.2502,0.1275,163.91,163.209,1785369600000,NEUTRAL,0,0.0353,0.1645,163.91,163.229
21080,1785375900000,2026-07-30T01:45:00Z,2026-07-30T02:45:00+01:00,true,USDJPY,5,ASIAN_OVERNIGHT,ASIAN_OVERNIGHT,163.477,163.499,163.467,163.491,690,BULLISH,0.032,0.014,0.4375,0.008,0.01,0.25,0.3125,0.75,0.0543,0.2578268877,0.5893186004,0.04,0.027,0.064,0.7366482505,0.4972375691,1.1786372007,0.6666666667,0.1542857143,0.1893491124,0.012,0.375,2,0,163.536,CONFIRMED_SWING_HIGH,0.045,0.8282,163.91,163.229,163.91,163.229,163.697,163.631,1785375000000,BEARISH,-1,0.0011,0.0909,163.455,163.209,1785373200000,NEUTRAL,0,0.2502,0.1275,163.91,163.209,1785369600000,NEUTRAL,0,0.0353,0.1645,163.91,163.229
21081,1785376200000,2026-07-30T01:50:00Z,2026-07-30T02:50:00+01:00,true,USDJPY,5,ASIAN_OVERNIGHT,ASIAN_OVERNIGHT,163.492,163.505,163.471,163.488,802,BEARISH,0.034,0.004,0.1176470588,0.013,0.017,0.3823529412,0.5,0.5,0.0529,0.0756143667,0.6427221172,0.047,-0.027,0.051,0.8884688091,-0.5103969754,0.9640831758,0.8867924528,0.2125984252,0.1540785498,0.028,0.875,0,1,163.536,CONFIRMED_SWING_HIGH,0.048,0.9077,163.91,163.229,163.91,163.229,163.697,163.631,1785375000000,BEARISH,-1,0.0011,0.0909,163.455,163.209,1785373200000,NEUTRAL,0,0.2502,0.1275,163.91,163.209,1785369600000,NEUTRAL,0,0.0353,0.1645,163.91,163.229
21082,1785376500000,2026-07-30T01:55:00Z,2026-07-30T02:55:00+01:00,true,USDJPY,5,ASIAN_OVERNIGHT,ASIAN_OVERNIGHT,163.487,163.521,163.482,163.502,676,BULLISH,0.039,0.015,0.3846153846,0.019,0.005,0.4871794872,0.1282051282,0.5128205128,0.0519,0.289017341,0.7514450867,0.027,0.015,0.007,0.5202312139,0.289017341,0.1348747592,0.8181818182,0.1327433628,0.0243902439,0.023,0.6764705882,1,0,163.536,CONFIRMED_SWING_HIGH,0.034,0.6552,163.91,163.229,163.91,163.229,163.697,163.631,1785375000000,BEARISH,-1,0.0011,0.0909,163.455,163.209,1785373200000,NEUTRAL,0,0.2502,0.1275,163.91,163.209,1785369600000,NEUTRAL,0,0.0353,0.1645,163.91,163.229
21083,1785376800000,2026-07-30T02:00:00Z,2026-07-30T03:00:00+01:00,true,USDJPY,5,ASIAN_OVERNIGHT,ASIAN_OVERNIGHT,163.503,163.504,163.448,163.448,547,BEARISH,0.056,0.055,0.9821428571,0.001,0,0.0178571429,0,0,0.0522,1.0536398467,1.0727969349,-0.043,-0.003,-0.002,-0.8237547893,-0.0574712644,-0.0383141762,0.6056338028,0.0229007634,0.0067567568,0.022,0.5641025641,0,1,163.414,CONFIRMED_SWING_LOW,0.034,0.6515,163.91,163.229,163.91,163.229,163.697,163.631,1785375900000,NEUTRAL,0,0.1722,0.0883,163.536,163.209,1785375000000,NEUTRAL,0,0.2459,0.1261,163.91,163.209,1785373200000,NEUTRAL,0,0.0035,0.1617,163.91,163.229
21084,1785377100000,2026-07-30T02:05:00Z,2026-07-30T03:05:00+01:00,true,USDJPY,5,ASIAN_OVERNIGHT,ASIAN_OVERNIGHT,163.458,163.486,163.45,163.463,688,BULLISH,0.036,0.005,0.1388888889,0.023,0.008,0.6388888889,0.2222222222,0.3611111111,0.0512,0.09765625,0.703125,-0.025,0.022,0.024,-0.48828125,0.4296875,0.46875,0.3012048193,0.1617647059,0.08,0.036,1,1,0,163.414,CONFIRMED_SWING_LOW,0.049,0.9576,163.91,163.229,163.91,163.229,163.697,163.631,1785375900000,NEUTRAL,0,0.1722,0.0883,163.536,163.209,1785375000000,NEUTRAL,0,0.2459,0.1261,163.91,163.209,1785373200000,NEUTRAL,0,0.0035,0.1617,163.91,163.229
21085,1785377400000,2026-07-30T02:10:00Z,2026-07-30T03:10:00+01:00,true,USDJPY,5,ASIAN_OVERNIGHT,ASIAN_OVERNIGHT,163.464,163.486,163.451,163.477,714,BULLISH,0.035,0.013,0.3714285714,0.009,0.013,0.2571428571,0.3714285714,0.7428571429,0.05,0.26,0.7,-0.025,0.002,0.045,-0.5,0.04,0.9,0.3012048193,0.0172413793,0.1465798046,0.035,1,2,0,163.521,CONFIRMED_SWING_HIGH,0.044,0.8797,163.91,163.229,163.91,163.229,163.697,163.631,1785375900000,NEUTRAL,0,0.1722,0.0883,163.536,163.209,1785375000000,NEUTRAL,0,0.2459,0.1261,163.91,163.209,1785373200000,NEUTRAL,0,0.0035,0.1617,163.91,163.229
21086,1785377700000,2026-07-30T02:15:00Z,2026-07-30T03:15:00+01:00,true,USDJPY,5,ASIAN_OVERNIGHT,ASIAN_OVERNIGHT,163.476,163.504,163.471,163.494,604,BULLISH,0.033,0.018,0.5454545455,0.01,0.005,0.303030303,0.1515151515,0.696969697,0.0488,0.368852459,0.6762295082,0.046,0.003,0.03,0.9426229508,0.0614754098,0.6147540984,1,0.0256410256,0.102739726,0.015,0.4545454545,3,0,163.521,CONFIRMED_SWING_HIGH,0.027,0.5533,163.91,163.229,163.91,163.229,163.697,163.631,1785376800000,NEUTRAL,0,0.1276,0.086,163.536,163.209,1785375000000,NEUTRAL,0,0.2459,0.1261,163.91,163.209,1785373200000,NEUTRAL,0,0.0035,0.1617,163.91,163.229
21087,1785378000000,2026-07-30T02:20:00Z,2026-07-30T03:20:00+01:00,true,USDJPY,5,ASIAN_OVERNIGHT,ASIAN_OVERNIGHT,163.493,163.508,163.475,163.504,766,BULLISH,0.033,0.011,0.3333333333,0.004,0.018,0.1212121212,0.5454545455,0.8787878788,0.0477,0.2306079665,0.6918238994,0.041,0.016,-0.011,0.8595387841,0.3354297694,-0.2306079665,1,0.1290322581,0.0438247012,0.029,0.8787878788,4,0,163.521,CONFIRMED_SWING_HIGH,0.017,0.3566,163.91,163.229,163.91,163.229,163.697,163.631,1785376800000,NEUTRAL,0,0.1276,0.086,163.536,163.209,1785375000000,NEUTRAL,0,0.2459,0.1261,163.91,163.209,1785373200000,NEUTRAL,0,0.0035,0.1617,163.91,163.229
21088,1785378300000,2026-07-30T02:25:00Z,2026-07-30T03:25:00+01:00,true,USDJPY,5,ASIAN_OVERNIGHT,ASIAN_OVERNIGHT,163.499,163.504,163.481,163.49,660,BEARISH,0.023,0.009,0.3913043478,0.005,0.009,0.2173913043,0.3913043478,0.3913043478,0.0459,0.1960784314,0.5010893246,0.013,-0.012,0.003,0.2832244009,-0.2614379085,0.0653594771,0.3170731707,0.0967741935,0.0126582278,0.023,1,0,1,163.521,CONFIRMED_SWING_HIGH,0.031,0.6752,163.91,163.229,163.91,163.229,163.697,163.631,1785376800000,NEUTRAL,0,0.1276,0.086,163.536,163.209,1785375000000,NEUTRAL,0,0.2459,0.1261,163.91,163.209,1785373200000,NEUTRAL,0,0.0035,0.1617,163.91,163.229
21089,1785378600000,2026-07-30T02:30:00Z,2026-07-30T03:30:00+01:00,true,USDJPY,5,ASIAN_OVERNIGHT,ASIAN_OVERNIGHT,163.491,163.495,163.459,163.472,515,BEARISH,0.036,0.019,0.5277777778,0.004,0.013,0.1111111111,0.3611111111,0.3611111111,0.0452,0.4203539823,0.796460177,-0.022,0.024,0.021,-0.4867256637,0.5309734513,0.4646017699,0.5238095238,0.2727272727,0.095890411,0.014,0.6086956522,0,2,163.448,CONFIRMED_SWING_LOW,0.024,0.5309,163.91,163.229,163.91,163.229,163.697,163.631,1785377700000,NEUTRAL,0,0.1394,0.0825,163.536,163.209,1785376800000,BEARISH,-1,0.2676,0.1213,163.536,163.209,1785373200000,NEUTRAL,0,0.0035,0.1617,163.91,163.229
21090,1785378900000,2026-07-30T02:35:00Z,2026-07-30T03:35:00+01:00,true,USDJPY,5,ASIAN_OVERNIGHT,ASIAN_OVERNIGHT,163.473,163.482,163.46,163.474,417,BULLISH,0.022,0.001,0.0454545455,0.008,0.013,0.3636363636,0.5909090909,0.6363636364,0.0435,0.0229885057,0.5057471264,-0.03,0.011,0.033,-0.6896551724,0.2528735632,0.7586206897,0.8823529412,0.1466666667,0.1563981043,0.022,1,1,0,163.448,CONFIRMED_SWING_LOW,0.026,0.5971,163.91,163.229,163.91,163.229,163.697,163.631,1785377700000,NEUTRAL,0,0.1394,0.0825,163.536,163.209,1785376800000,BEARISH,-1,0.2676,0.1213,163.536,163.209,1785373200000,NEUTRAL,0,0.0035,0.1617,163.91,163.229
21091,1785379200000,2026-07-30T02:40:00Z,2026-07-30T03:40:00+01:00,true,USDJPY,5,ASIAN_OVERNIGHT,ASIAN_OVERNIGHT,163.471,163.488,163.465,163.474,509,BULLISH,0.023,0.003,0.1304347826,0.014,0.006,0.6086956522,0.2608695652,0.3913043478,0.0421,0.0712589074,0.5463182898,-0.016,-0.003,-0.001,-0.3800475059,-0.0712589074,-0.0237529691,0.8,0.0491803279,0.0056497175,0.017,0.7727272727,0,0,163.448,CONFIRMED_SWING_LOW,0.026,0.6179,163.91,163.229,163.91,163.229,163.697,163.631,1785377700000,NEUTRAL,0,0.1394,0.0825,163.536,163.209,1785376800000,BEARISH,-1,0.2676,0.1213,163.536,163.209,1785373200000,NEUTRAL,0,0.0035,0.1617,163.91,163.229
21092,1785379500000,2026-07-30T02:45:00Z,2026-07-30T03:45:00+01:00,true,USDJPY,5,ASIAN_OVERNIGHT,ASIAN_OVERNIGHT,163.473,163.477,163.461,163.473,376,NEUTRAL,0.016,0,0,0.004,0.012,0.25,0.75,0.75,0.0402,0,0.3980099502,0.001,-0.021,-0.018,0.0248756219,-0.5223880597,-0.447761194,0.3333333333,0.4666666667,0.1111111111,0.012,0.75,0,1,163.459,CONFIRMED_SWING_LOW,0.014,0.3481,163.91,163.229,163.91,163.229,163.697,163.631,1785378600000,NEUTRAL,0,0.1164,0.0792,163.536,163.209,1785376800000,BEARISH,-1,0.2676,0.1213,163.536,163.209,1785373200000,NEUTRAL,0,0.0035,0.1617,163.91,163.229
21093,1785379800000,2026-07-30T02:50:00Z,2026-07-30T03:50:00+01:00,true,USDJPY,5,ASIAN_OVERNIGHT,ASIAN_OVERNIGHT,163.474,163.476,163.455,163.462,650,BEARISH,0.021,0.012,0.5714285714,0.002,0.007,0.0952380952,0.3333333333,0.3333333333,0.0388,0.3092783505,0.5412371134,-0.012,-0.042,-0.026,-0.3092783505,-1.0824742268,-0.6701030928,1,0.9130434783,0.1529411765,0.015,0.9375,0,2,163.459,CONFIRMED_SWING_LOW,0.003,0.0772,163.91,163.229,163.91,163.229,163.697,163.631,1785378600000,NEUTRAL,0,0.1164,0.0792,163.536,163.209,1785376800000,BEARISH,-1,0.2676,0.1213,163.536,163.209,1785373200000,NEUTRAL,0,0.0035,0.1617,163.91,163.229
21094,1785380100000,2026-07-30T02:55:00Z,2026-07-30T03:55:00+01:00,true,USDJPY,5,ASIAN_OVERNIGHT,ASIAN_OVERNIGHT,163.461,163.492,163.459,163.488,822,BULLISH,0.033,0.027,0.8181818182,0.004,0.002,0.1212121212,0.0606060606,0.8787878788,0.0384,0.703125,0.859375,0.014,-0.002,-0.014,0.3645833333,-0.0520833333,-0.3645833333,0.3684210526,0.0344827586,0.0769230769,0.017,0.8095238095,1,0,163.508,CONFIRMED_SWING_HIGH,0.02,0.5205,163.91,163.229,163.91,163.229,163.697,163.631,1785378600000,NEUTRAL,0,0.1164,0.0792,163.536,163.209,1785376800000,BEARISH,-1,0.2676,0.1213,163.536,163.209,1785373200000,NEUTRAL,0,0.0035,0.1617,163.91,163.229
21095,1785380400000,2026-07-30T03:00:00Z,2026-07-30T04:00:00+01:00,true,USDJPY,5,ASIAN_OVERNIGHT,ASIAN_OVERNIGHT,163.487,163.519,163.484,163.499,768,BULLISH,0.035,0.012,0.3428571429,0.02,0.003,0.5714285714,0.0857142857,0.4285714286,0.0382,0.3141361257,0.9162303665,0.026,0.027,0.051,0.6806282723,0.7068062827,1.335078534,0.5416666667,0.5294117647,0.3669064748,0.008,0.2424242424,2,0,163.508,CONFIRMED_SWING_HIGH,0.009,0.2357,163.91,163.229,163.91,163.229,163.697,163.631,1785379500000,NEUTRAL,0,0.1228,0.0761,163.536,163.209,1785378600000,BEARISH,-1,0.2845,0.1155,163.536,163.209,1785376800000,NEUTRAL,0,0.0215,0.1545,163.91,163.209
21096,1785380700000,2026-07-30T03:05:00Z,2026-07-30T04:05:00+01:00,true,USDJPY,5,ASIAN_OVERNIGHT,ASIAN_OVERNIGHT,163.5,163.518,163.489,163.513,577,BULLISH,0.029,0.013,0.4482758621,0.005,0.011,0.1724137931,0.3793103448,0.8275862069,0.0375,0.3466666667,0.7733333333,0.051,0.039,0.05,1.36,1.04,1.3333333333,1,0.619047619,0.3623188406,0.029,1,3,0,163.508,CONFIRMED_SWING_HIGH,0.005,0.1332,163.91,163.229,163.91,163.229,163.697,163.631,1785379500000,NEUTRAL,0,0.1228,0.0761,163.536,163.209,1785378600000,BEARISH,-1,0.2845,0.1155,163.536,163.209,1785376800000,NEUTRAL,0,0.0215,0.1545,163.91,163.209
21097,1785381000000,2026-07-30T03:10:00Z,2026-07-30T04:10:00+01:00,true,USDJPY,5,ASIAN_OVERNIGHT,ASIAN_OVERNIGHT,163.512,163.544,163.511,163.526,1092,BULLISH,0.033,0.014,0.4242424242,0.018,0.001,0.5454545455,0.0303030303,0.4545454545,0.0372,0.376344086,0.8870967742,0.038,0.052,0.049,1.0215053763,1.3978494624,1.3172043011,1,0.6842105263,0.3576642336,0.007,0.2413793103,4,0,163.508,CONFIRMED_SWING_HIGH,0.018,0.4839,163.91,163.229,163.91,163.229,163.697,163.631,1785379500000,NEUTRAL,0,0.1228,0.0761,163.536,163.209,1785378600000,BEARISH,-1,0.2845,0.1155,163.536,163.209,1785376800000,NEUTRAL,0,0.0215,0.1545,163.91,163.209
21098,1785381300000,2026-07-30T03:15:00Z,2026-07-30T04:15:00+01:00,true,USDJPY,5,ASIAN_OVERNIGHT,ASIAN_OVERNIGHT,163.527,163.548,163.523,163.539,962,BULLISH,0.025,0.012,0.48,0.009,0.004,0.36,0.16,0.64,0.0363,0.3305785124,0.6887052342,0.04,0.066,0.045,1.1019283747,1.8181818182,1.2396694215,1,0.75,0.3383458647,0.021,0.84,5,0,163.508,CONFIRMED_SWING_HIGH,0.031,0.8533,163.91,163.229,163.91,163.229,163.697,163.631,1785380400000,NEUTRAL,0,0.1341,0.075,163.536,163.209,1785378600000,BEARISH,-1,0.2845,0.1155,163.536,163.209,1785376800000,NEUTRAL,0,0.0215,0.1545,163.91,163.209
21099,1785381600000,2026-07-30T03:20:00Z,2026-07-30T04:20:00+01:00,true,USDJPY,5,ASIAN_OVERNIGHT,ASIAN_OVERNIGHT,163.54,163.543,163.495,163.503,1124,BEARISH,0.048,0.037,0.7708333333,0.003,0.008,0.0625,0.1666666667,0.1666666667,0.0372,0.9946236559,1.2903225806,-0.01,0.041,-0.001,-0.2688172043,1.1021505376,-0.0268817204,0.1612903226,0.3628318584,0.0062893082,0.02,0.8,0,1,163.508,CONFIRMED_SWING_HIGH,0.005,0.1345,163.91,163.229,163.91,163.229,163.697,163.631,1785380400000,NEUTRAL,0,0.1341,0.075,163.536,163.209,1785378600000,BEARISH,-1,0.2845,0.1155,163.536,163.209,1785376800000,NEUTRAL,0,0.0215,0.1545,163.91,163.209
21100,1785381900000,2026-07-30T03:25:00Z,2026-07-30T04:25:00+01:00,true,USDJPY,5,ASIAN_OVERNIGHT,ASIAN_OVERNIGHT,163.504,163.532,163.498,163.516,1030,BULLISH,0.034,0.012,0.3529411765,0.016,0.006,0.4705882353,0.1764705882,0.5294117647,0.0369,0.325203252,0.9214092141,-0.01,0.028,0.026,-0.27100271,0.7588075881,0.7046070461,0.1612903226,0.28,0.164556962,0.034,1,1,0,163.508,CONFIRMED_SWING_HIGH,0.008,0.2166,163.91,163.229,163.91,163.229,163.697,163.631,1785380400000,NEUTRAL,0,0.1341,0.075,163.536,163.209,1785378600000,BEARISH,-1,0.2845,0.1155,163.536,163.209,1785376800000,NEUTRAL,0,0.0215,0.1545,163.91,163.209
21101,1785382200000,2026-07-30T03:30:00Z,2026-07-30T04:30:00+01:00,true,USDJPY,5,ASIAN_OVERNIGHT,ASIAN_OVERNIGHT,163.517,163.559,163.515,163.527,848,BULLISH,0.044,0.01,0.2272727273,0.032,0.002,0.7272727273,0.0454545455,0.2727272727,0.0374,0.2673796791,1.1764705882,-0.012,0.028,0.055,-0.320855615,0.7486631016,1.4705882353,0.2,0.28,0.3642384106,0.017,0.5,2,0,163.508,CONFIRMED_SWING_HIGH,0.019,0.5075,163.91,163.229,163.91,163.229,163.697,163.631,1785381300000,NEUTRAL,0,0.0859,0.0734,163.536,163.209,1785380400000,BEARISH,-1,0.2326,0.1119,163.536,163.209,1785376800000,NEUTRAL,0,0.0215,0.1545,163.91,163.209
21102,1785382500000,2026-07-30T03:35:00Z,2026-07-30T04:35:00+01:00,true,USDJPY,5,ASIAN_OVERNIGHT,ASIAN_OVERNIGHT,163.526,163.53,163.511,163.519,541,BEARISH,0.019,0.007,0.3684210526,0.004,0.008,0.2105263158,0.4210526316,0.4210526316,0.0361,0.1939058172,0.5263157895,0.016,0.006,0.045,0.4432132964,0.1662049861,1.2465373961,0.5,0.0638297872,0.2866242038,0.015,0.7894736842,0,1,163.508,CONFIRMED_SWING_HIGH,0.011,0.3045,163.91,163.229,163.91,163.229,163.697,163.631,1785381300000,NEUTRAL,0,0.0859,0.0734,163.536,163.209,1785380400000,BEARISH,-1,0.2326,0.1119,163.536,163.209,1785376800000,NEUTRAL,0,0.0215,0.1545,163.91,163.209
21103,1785382800000,2026-07-30T03:40:00Z,2026-07-30T04:40:00+01:00,true,USDJPY,5,ASIAN_OVERNIGHT,ASIAN_OVERNIGHT,163.518,163.52,163.502,163.513,402,BEARISH,0.018,0.005,0.2777777778,0.002,0.011,0.1111111111,0.6111111111,0.6111111111,0.0348,0.1436781609,0.5172413793,-0.003,-0.013,0.039,-0.0862068966,-0.3735632184,1.1206896552,0.12,0.1494252874,0.2392638037,0.009,0.5,0,2,163.508,CONFIRMED_SWING_HIGH,0.005,0.1436,163.91,163.229,163.91,163.229,163.697,163.631,1785381300000,NEUTRAL,0,0.0859,0.0734,163.536,163.209,1785380400000,BEARISH,-1,0.2326,0.1119,163.536,163.209,1785376800000,NEUTRAL,0,0.0215,0.1545,163.91,163.209
21104,1785383100000,2026-07-30T03:45:00Z,2026-07-30T04:45:00+01:00,true,USDJPY,5,ASIAN_OVERNIGHT,ASIAN_OVERNIGHT,163.512,163.517,163.497,163.5,580,BEARISH,0.02,0.012,0.6,0.005,0.003,0.25,0.15,0.15,0.0338,0.3550295858,0.5917159763,-0.027,-0.039,0.027,-0.798816568,-1.1538461538,0.798816568,1,0.4482758621,0.1542857143,0.015,0.8333333333,0,3,163.455,CONFIRMED_SWING_LOW,0.045,1.3325,163.91,163.229,163.91,163.229,163.697,163.631,1785382200000,NEUTRAL,0,0.1211,0.0722,163.536,163.209,1785380400000,BEARISH,-1,0.2326,0.1119,163.536,163.209,1785376800000,NEUTRAL,0,0.0215,0.1545,163.91,163.209
21105,1785383400000,2026-07-30T03:50:00Z,2026-07-30T04:50:00+01:00,true,USDJPY,5,ASIAN_OVERNIGHT,ASIAN_OVERNIGHT,163.501,163.516,163.495,163.5,465,BEARISH,0.021,0.001,0.0476190476,0.015,0.005,0.7142857143,0.2380952381,0.2380952381,0.0329,0.0303951368,0.6382978723,-0.019,-0.003,0.038,-0.5775075988,-0.0911854103,1.1550151976,1,0.0588235294,0.2317073171,0.019,0.95,0,0,163.455,CONFIRMED_SWING_LOW,0.045,1.3695,163.91,163.229,163.91,163.229,163.697,163.631,1785382200000,NEUTRAL,0,0.1211,0.0722,163.536,163.209,1785380400000,BEARISH,-1,0.2326,0.1119,163.536,163.209,1785376800000,NEUTRAL,0,0.0215,0.1545,163.91,163.209
21106,1785383700000,2026-07-30T03:55:00Z,2026-07-30T04:55:00+01:00,true,USDJPY,5,ASIAN_OVERNIGHT,ASIAN_OVERNIGHT,163.499,163.506,163.495,163.502,311,BULLISH,0.011,0.003,0.2727272727,0.004,0.004,0.3636363636,0.3636363636,0.6363636364,0.0313,0.0958466454,0.3514376997,-0.011,-0.014,0.014,-0.3514376997,-0.447284345,0.447284345,0.7333333333,0.35,0.1,0.011,1,1,0,163.455,CONFIRMED_SWING_LOW,0.047,1.5017,163.91,163.229,163.91,163.229,163.697,163.631,1785382200000,NEUTRAL,0,0.1211,0.0722,163.536,163.209,1785380400000,BEARISH,-1,0.2326,0.1119,163.536,163.209,1785376800000,NEUTRAL,0,0.0215,0.1545,163.91,163.209
21107,1785384000000,2026-07-30T04:00:00Z,2026-07-30T05:00:00+01:00,true,USDJPY,5,ASIAN_OVERNIGHT,ASIAN_OVERNIGHT,163.501,163.518,163.486,163.514,435,BULLISH,0.032,0.013,0.40625,0.004,0.015,0.125,0.46875,0.875,0.0313,0.4153354633,1.0223642173,0.014,-0.013,0.015,0.447284345,-0.4153354633,0.4792332268,1,0.3170731707,0.1063829787,0.011,1,2,0,163.559,CONFIRMED_SWING_HIGH,0.045,1.4355,163.91,163.229,163.91,163.229,163.697,163.631,1785383100000,NEUTRAL,0,0.1483,0.0687,163.536,163.209,1785382200000,BEARISH,-1,0.2216,0.1084,163.536,163.209,1785380400000,NEUTRAL,0,0.0979,0.1488,163.91,163.209
21108,1785384300000,2026-07-30T04:05:00Z,2026-07-30T05:05:00+01:00,true,USDJPY,5,ASIAN_OVERNIGHT,ASIAN_OVERNIGHT,163.513,163.528,163.495,163.504,521,BEARISH,0.033,0.009,0.2727272727,0.015,0.009,0.4545454545,0.2727272727,0.2727272727,0.0315,0.2857142857,1.0476190476,0.004,-0.015,-0.009,0.126984127,-0.4761904762,-0.2857142857,0.1666666667,0.3488372093,0.0656934307,0.023,0.71875,0,1,163.455,CONFIRMED_SWING_LOW,0.049,1.5573,163.91,163.229,163.91,163.229,163.697,163.631,1785383100000,NEUTRAL,0,0.1483,0.0687,163.536,163.209,1785382200000,BEARISH,-1,0.2216,0.1084,163.536,163.209,1785380400000,NEUTRAL,0,0.0979,0.1488,163.91,163.209
21109,1785384600000,2026-07-30T04:10:00Z,2026-07-30T05:10:00+01:00,true,USDJPY,5,ASIAN_OVERNIGHT,ASIAN_OVERNIGHT,163.503,163.507,163.48,163.486,302,BEARISH,0.027,0.017,0.6296296296,0.004,0.006,0.1481481481,0.2222222222,0.2222222222,0.0311,0.5466237942,0.8681672026,-0.016,-0.027,-0.04,-0.5144694534,-0.8681672026,-1.2861736334,0.4,0.4909090909,0.2816901408,0.012,0.4444444444,0,2,163.455,CONFIRMED_SWING_LOW,0.031,0.9953,163.91,163.229,163.91,163.229,163.697,163.631,1785383100000,NEUTRAL,0,0.1483,0.0687,163.536,163.209,1785382200000,BEARISH,-1,0.2216,0.1084,163.536,163.209,1785380400000,NEUTRAL,0,0.0979,0.1488,163.91,163.209
21110,1785384900000,2026-07-30T04:15:00Z,2026-07-30T05:15:00+01:00,true,USDJPY,5,ASIAN_OVERNIGHT,ASIAN_OVERNIGHT,163.484,163.484,163.46,163.482,385,BEARISH,0.024,0.002,0.0833333333,0,0.022,0,0.9166666667,0.9166666667,0.0308,0.0649350649,0.7792207792,-0.032,-0.018,-0.057,-1.038961039,-0.5844155844,-1.8506493506,1,0.3913043478,0.4285714286,0.004,0.1666666667,0,3,163.455,CONFIRMED_SWING_LOW,0.027,0.8772,163.91,163.229,163.91,163.229,163.697,163.631,1785384000000,NEUTRAL,0,0.1678,0.0672,163.559,163.209,1785382200000,BEARISH,-1,0.2216,0.1084,163.536,163.209,1785380400000,NEUTRAL,0,0.0979,0.1488,163.91,163.209
21111,1785385200000,2026-07-30T04:20:00Z,2026-07-30T05:20:00+01:00,true,USDJPY,5,ASIAN_OVERNIGHT,ASIAN_OVERNIGHT,163.483,163.496,163.466,163.476,456,BEARISH,0.03,0.007,0.2333333333,0.013,0.01,0.4333333333,0.3333333333,0.3333333333,0.0307,0.2280130293,0.9771986971,-0.028,-0.024,-0.027,-0.9120521173,-0.7817589577,-0.8794788274,1,0.4615384615,0.2621359223,0.018,0.75,0,4,163.455,CONFIRMED_SWING_LOW,0.021,0.6835,163.91,163.229,163.91,163.229,163.697,163.631,1785384000000,NEUTRAL,0,0.1678,0.0672,163.559,163.209,1785382200000,BEARISH,-1,0.2216,0.1084,163.536,163.209,1785380400000,NEUTRAL,0,0.0979,0.1488,163.91,163.209
21112,1785385500000,2026-07-30T04:25:00Z,2026-07-30T05:25:00+01:00,true,USDJPY,5,ASIAN_OVERNIGHT,ASIAN_OVERNIGHT,163.477,163.488,163.473,163.479,512,BULLISH,0.015,0.002,0.1333333333,0.009,0.004,0.6,0.2666666667,0.4,0.0296,0.0675675676,0.5067567568,-0.007,-0.023,-0.037,-0.2364864865,-0.777027027,-1.25,0.5384615385,0.4339622642,0.3978494624,0.015,1,1,0,163.455,CONFIRMED_SWING_LOW,0.024,0.8108,163.91,163.229,163.91,163.229,163.697,163.631,1785384000000,NEUTRAL,0,0.1678,0.0672,163.559,163.209,1785382200000,BEARISH,-1,0.2216,0.1084,163.536,163.209,1785380400000,NEUTRAL,0,0.0979,0.1488,163.91,163.209
21113,1785385800000,2026-07-30T04:30:00Z,2026-07-30T05:30:00+01:00,true,USDJPY,5,ASIAN_OVERNIGHT,ASIAN_OVERNIGHT,163.479,163.479,163.461,163.466,534,BEARISH,0.018,0.013,0.7222222222,0,0.005,0,0.2777777778,0.2777777778,0.0288,0.4513888889,0.625,-0.016,-0.048,-0.061,-0.5555555556,-1.6666666667,-2.1180555556,0.7272727273,0.8888888889,0.6421052632,0.006,0.4,0,1,163.46,CONFIRMED_SWING_LOW,0.006,0.2085,163.91,163.229,163.91,163.229,163.697,163.631,1785384900000,NEUTRAL,0,0.1417,0.065,163.559,163.209,1785384000000,BEARISH,-1,0.055,0.1055,163.536,163.209,1785380400000,NEUTRAL,0,0.0979,0.1488,163.91,163.209
21114,1785386100000,2026-07-30T04:35:00Z,2026-07-30T05:35:00+01:00,true,USDJPY,5,ASIAN_OVERNIGHT,ASIAN_OVERNIGHT,163.465,163.48,163.465,163.473,479,BULLISH,0.015,0.008,0.5333333333,0.007,0,0.4666666667,0,0.5333333333,0.0278,0.2877697842,0.5395683453,-0.003,-0.031,-0.046,-0.1079136691,-1.1151079137,-1.654676259,0.1304347826,0.6078431373,0.4893617021,0.014,0.9333333333,1,0,163.46,CONFIRMED_SWING_LOW,0.013,0.4678,163.91,163.229,163.91,163.229,163.697,163.631,1785384900000,NEUTRAL,0,0.1417,0.065,163.559,163.209,1785384000000,BEARISH,-1,0.055,0.1055,163.536,163.209,1785380400000,NEUTRAL,0,0.0979,0.1488,163.91,163.209
21115,1785386400000,2026-07-30T04:40:00Z,2026-07-30T05:40:00+01:00,true,USDJPY,5,ASIAN_OVERNIGHT,ASIAN_OVERNIGHT,163.474,163.491,163.463,163.48,769,BULLISH,0.028,0.006,0.2142857143,0.011,0.011,0.3928571429,0.3928571429,0.6071428571,0.0278,0.2158273381,1.0071942446,0.001,-0.006,-0.033,0.035971223,-0.2158273381,-1.1870503597,0.037037037,0.15,0.3473684211,0.015,1,2,0,163.46,CONFIRMED_SWING_LOW,0.02,0.7193,163.91,163.229,163.91,163.229,163.697,163.631,1785384900000,NEUTRAL,0,0.1417,0.065,163.559,163.209,1785384000000,BEARISH,-1,0.055,0.1055,163.536,163.209,1785380400000,NEUTRAL,0,0.0979,0.1488,163.91,163.209
21116,1785386700000,2026-07-30T04:45:00Z,2026-07-30T05:45:00+01:00,true,USDJPY,5,ASIAN_OVERNIGHT,ASIAN_OVERNIGHT,163.481,163.491,163.477,163.489,302,BULLISH,0.014,0.008,0.5714285714,0.002,0.004,0.1428571429,0.2857142857,0.8571428571,0.0268,0.2985074627,0.5223880597,0.023,0.007,-0.011,0.8582089552,0.2611940299,-0.4104477612,1,0.1555555556,0.1208791209,0.014,1,3,0,163.46,CONFIRMED_SWING_LOW,0.029,1.0814,163.91,163.229,163.91,163.229,163.697,163.631,1785385800000,NEUTRAL,0,0.1326,0.0625,163.559,163.209,1785384000000,BEARISH,-1,0.055,0.1055,163.536,163.209,1785380400000,NEUTRAL,0,0.0979,0.1488,163.91,163.209
21117,1785387000000,2026-07-30T04:50:00Z,2026-07-30T05:50:00+01:00,true,USDJPY,5,ASIAN_OVERNIGHT,ASIAN_OVERNIGHT,163.489,163.518,163.488,163.495,450,BULLISH,0.03,0.006,0.2,0.023,0.001,0.7666666667,0.0333333333,0.2333333333,0.027,0.2222222222,1.1111111111,0.022,0.019,-0.005,0.8148148148,0.7037037037,-0.1851851852,1,0.4222222222,0.0515463918,0.003,0.2142857143,4,0,163.528,CONFIRMED_SWING_HIGH,0.033,1.2202,163.91,163.229,163.91,163.229,163.697,163.631,1785385800000,NEUTRAL,0,0.1326,0.0625,163.559,163.209,1785384000000,BEARISH,-1,0.055,0.1055,163.536,163.209,1785380400000,NEUTRAL,0,0.0979,0.1488,163.91,163.209
21118,1785387300000,2026-07-30T04:55:00Z,2026-07-30T05:55:00+01:00,true,USDJPY,5,ASIAN_OVERNIGHT,ASIAN_OVERNIGHT,163.496,163.514,163.485,163.491,668,BEARISH,0.029,0.005,0.1724137931,0.018,0.006,0.6206896552,0.2068965517,0.2068965517,0.0272,0.1838235294,1.0661764706,0.011,0.012,-0.011,0.4044117647,0.4411764706,-0.4044117647,0.5789473684,0.2608695652,0.1111111111,0.026,0.8965517241,0,1,163.46,CONFIRMED_SWING_LOW,0.031,1.1404,163.91,163.229,163.91,163.229,163.697,163.631,1785385800000,NEUTRAL,0,0.1326,0.0625,163.559,163.209,1785384000000,BEARISH,-1,0.055,0.1055,163.536,163.209,1785380400000,NEUTRAL,0,0.0979,0.1488,163.91,163.209
21119,1785387600000,2026-07-30T05:00:00Z,2026-07-30T06:00:00+01:00,true,USDJPY,5,PRE_LONDON,PRE_LONDON,163.492,163.512,163.486,163.49,513,BEARISH,0.026,0.002,0.0769230769,0.02,0.004,0.7692307692,0.1538461538,0.1538461538,0.0271,0.073800738,0.9594095941,0.001,0.024,-0.024,0.036900369,0.8856088561,-0.8856088561,0.0909090909,0.7058823529,0.2727272727,0.026,1,0,2,163.46,CONFIRMED_SWING_LOW,0.03,1.107,163.91,163.229,163.91,163.229,163.697,163.631,1785386700000,BULLISH,1,0.2659,0.0609,163.559,163.46,1785385800000,NEUTRAL,0,0.1842,0.1021,163.559,163.209,1785384000000,NEUTRAL,0,0.0531,0.143,163.91,163.209
21120,1785387900000,2026-07-30T05:05:00Z,2026-07-30T06:05:00+01:00,true,USDJPY,5,PRE_LONDON,PRE_LONDON,163.489,163.494,163.481,163.485,309,BEARISH,0.013,0.004,0.3076923077,0.005,0.004,0.3846153846,0.3076923077,0.3076923077,0.0261,0.153256705,0.4980842912,-0.01,0.012,-0.019,-0.3831417625,0.4597701149,-0.7279693487,1,0.375,0.2289156627,0.008,0.6153846154,0,3,163.46,CONFIRMED_SWING_LOW,0.025,0.9581,163.91,163.229,163.91,163.229,163.697,163.631,1785386700000,BULLISH,1,0.2659,0.0609,163.559,163.46,1785385800000,NEUTRAL,0,0.1842,0.1021,163.559,163.209,1785384000000,NEUTRAL,0,0.0531,0.143,163.91,163.209
21121,1785388200000,2026-07-30T05:10:00Z,2026-07-30T06:10:00+01:00,true,USDJPY,5,PRE_LONDON,PRE_LONDON,163.484,163.495,163.456,163.464,391,BEARISH,0.039,0.02,0.5128205128,0.011,0.008,0.2820512821,0.2051282051,0.2051282051,0.027,0.7407407407,1.4444444444,-0.027,-0.016,-0.022,-1,-0.5925925926,-0.8148148148,1,0.347826087,0.2558139535,0.013,1,0,4,163.46,CONFIRMED_SWING_LOW,0.004,0.1481,163.91,163.229,163.91,163.229,163.697,163.631,1785386700000,BULLISH,1,0.2659,0.0609,163.559,163.46,1785385800000,NEUTRAL,0,0.1842,0.1021,163.559,163.209,1785384000000,NEUTRAL,0,0.0531,0.143,163.91,163.209
21122,1785388500000,2026-07-30T05:15:00Z,2026-07-30T06:15:00+01:00,true,USDJPY,5,PRE_LONDON,PRE_LONDON,163.463,163.491,163.459,163.489,466,BULLISH,0.032,0.026,0.8125,0.002,0.004,0.0625,0.125,0.9375,0.0274,0.9489051095,1.1678832117,-0.001,0,0.007,-0.0364963504,0,0.2554744526,0.0196078431,0,0.0654205607,0.032,1,1,0,163.518,CONFIRMED_SWING_HIGH,0.029,1.0595,163.91,163.229,163.91,163.229,163.697,163.631,1785387600000,NEUTRAL,0,0.3036,0.0606,163.559,163.209,1785385800000,NEUTRAL,0,0.1842,0.1021,163.559,163.209,1785384000000,NEUTRAL,0,0.0531,0.143,163.91,163.209
21123,1785388800000,2026-07-30T05:20:00Z,2026-07-30T06:20:00+01:00,true,USDJPY,5,PRE_LONDON,PRE_LONDON,163.489,163.494,163.472,163.479,462,BEARISH,0.022,0.01,0.4545454545,0.005,0.007,0.2272727273,0.3181818182,0.3181818182,0.027,0.3703703704,0.8148148148,-0.006,-0.016,0.003,-0.2222222222,-0.5925925926,0.1111111111,0.1071428571,0.2424242424,0.027027027,0.019,0.8636363636,0,1,163.46,CONFIRMED_SWING_LOW,0.019,0.704,163.91,163.229,163.91,163.229,163.697,163.631,1785387600000,NEUTRAL,0,0.3036,0.0606,163.559,163.209,1785385800000,NEUTRAL,0,0.1842,0.1021,163.559,163.209,1785384000000,NEUTRAL,0,0.0531,0.143,163.91,163.209
21124,1785389100000,2026-07-30T05:25:00Z,2026-07-30T06:25:00+01:00,true,USDJPY,5,PRE_LONDON,PRE_LONDON,163.482,163.493,163.477,163.491,382,BULLISH,0.016,0.009,0.5625,0.002,0.005,0.125,0.3125,0.875,0.0262,0.3435114504,0.6106870229,0.027,0,0.012,1.0305343511,0,0.4580152672,0.5744680851,0,0.1,0.016,1,1,0,163.518,CONFIRMED_SWING_HIGH,0.027,1.0304,163.91,163.229,163.91,163.229,163.697,163.631,1785387600000,NEUTRAL,0,0.3036,0.0606,163.559,163.209,1785385800000,NEUTRAL,0,0.1842,0.1021,163.559,163.209,1785384000000,NEUTRAL,0,0.0531,0.143,163.91,163.209
21125,1785389400000,2026-07-30T05:30:00Z,2026-07-30T06:30:00+01:00,true,USDJPY,5,PRE_LONDON,PRE_LONDON,163.49,163.522,163.485,163.514,569,BULLISH,0.037,0.024,0.6486486486,0.008,0.005,0.2162162162,0.1351351351,0.7837837838,0.027,0.8888888889,1.3703703704,0.025,0.024,0.048,0.9259259259,0.8888888889,1.7777777778,0.5555555556,0.25,0.3692307692,0.008,0.5,2,0,163.518,CONFIRMED_SWING_HIGH,0.004,0.1483,163.91,163.229,163.91,163.229,163.697,163.631,1785388500000,NEUTRAL,0,0.0065,0.0587,163.559,163.209,1785387600000,NEUTRAL,0,0.1077,0.0988,163.559,163.209,1785384000000,NEUTRAL,0,0.0531,0.143,163.91,163.209
21126,1785389700000,2026-07-30T05:35:00Z,2026-07-30T06:35:00+01:00,true,USDJPY,5,PRE_LONDON,PRE_LONDON,163.515,163.523,163.505,163.515,471,NEUTRAL,0.018,0,0,0.008,0.01,0.4444444444,0.5555555556,0.5555555556,0.0263,0,0.6844106464,0.036,0.03,0.042,1.3688212928,1.1406844106,1.5969581749,1,0.3260869565,0.3387096774,0.017,0.9444444444,3,0,163.518,CONFIRMED_SWING_HIGH,0.003,0.1139,163.91,163.229,163.91,163.229,163.697,163.631,1785388500000,NEUTRAL,0,0.0065,0.0587,163.559,163.209,1785387600000,NEUTRAL,0,0.1077,0.0988,163.559,163.209,1785384000000,NEUTRAL,0,0.0531,0.143,163.91,163.209
21127,1785390000000,2026-07-30T05:40:00Z,2026-07-30T06:40:00+01:00,true,USDJPY,5,PRE_LONDON,PRE_LONDON,163.516,163.519,163.501,163.503,947,BEARISH,0.018,0.013,0.7222222222,0.003,0.002,0.1666666667,0.1111111111,0.1111111111,0.0257,0.5058365759,0.7003891051,0.012,0.039,0.023,0.46692607,1.5175097276,0.8949416342,0.3333333333,0.4698795181,0.1782945736,0.014,0.7777777778,0,1,163.518,CONFIRMED_SWING_HIGH,0.015,0.5828,163.91,163.229,163.91,163.229,163.697,163.631,1785388500000,NEUTRAL,0,0.0065,0.0587,163.559,163.209,1785387600000,NEUTRAL,0,0.1077,0.0988,163.559,163.209,1785384000000,NEUTRAL,0,0.0531,0.143,163.91,163.209
21128,1785390300000,2026-07-30T05:45:00Z,2026-07-30T06:45:00+01:00,true,USDJPY,5,PRE_LONDON,PRE_LONDON,163.502,163.519,163.48,163.502,1124,NEUTRAL,0.039,0,0,0.017,0.022,0.4358974359,0.5641025641,0.5641025641,0.0267,0,1.4606741573,-0.012,0.013,0.013,-0.4494382022,0.4868913858,0.4868913858,0.8571428571,0.2203389831,0.1074380165,0.018,1,0,2,163.518,CONFIRMED_SWING_HIGH,0.016,0.5996,163.91,163.229,163.91,163.229,163.697,163.631,1785389400000,BULLISH,1,0.1224,0.0573,163.559,163.456,1785387600000,NEUTRAL,0,0.1077,0.0988,163.559,163.209,1785384000000,NEUTRAL,0,0.0531,0.143,163.91,163.209
21129,1785390600000,2026-07-30T05:50:00Z,2026-07-30T06:50:00+01:00,true,USDJPY,5,PRE_LONDON,PRE_LONDON,163.501,163.519,163.499,163.508,795,BULLISH,0.02,0.007,0.35,0.011,0.002,0.55,0.1,0.45,0.0262,0.2671755725,0.7633587786,-0.007,0.029,0.013,-0.2671755725,1.106870229,0.4961832061,0.3684210526,0.5272727273,0.1074380165,0.02,1,1,0,163.523,CONFIRMED_SWING_HIGH,0.015,0.5724,163.91,163.229,163.91,163.229,163.697,163.631,1785389400000,BULLISH,1,0.1224,0.0573,163.559,163.456,1785387600000,NEUTRAL,0,0.1077,0.0988,163.559,163.209,1785384000000,NEUTRAL,0,0.0531,0.143,163.91,163.209
21130,1785390900000,2026-07-30T05:55:00Z,2026-07-30T06:55:00+01:00,true,USDJPY,5,PRE_LONDON,PRE_LONDON,163.511,163.551,163.506,163.539,748,BULLISH,0.045,0.028,0.6222222222,0.012,0.005,0.2666666667,0.1111111111,0.7333333333,0.0275,1.0181818182,1.6363636364,0.036,0.048,0.048,1.3090909091,1.7454545455,1.7454545455,0.9473684211,0.6486486486,0.3243243243,0.013,0.65,2,0,163.523,CONFIRMED_SWING_HIGH,0.016,0.5808,163.91,163.229,163.91,163.229,163.697,163.631,1785389400000,BULLISH,1,0.1224,0.0573,163.559,163.456,1785387600000,NEUTRAL,0,0.1077,0.0988,163.559,163.209,1785384000000,NEUTRAL,0,0.0531,0.143,163.91,163.209
21131,1785391200000,2026-07-30T06:00:00Z,2026-07-30T07:00:00+01:00,true,USDJPY,5,LONDON_OPEN,LONDON_OPEN,163.537,163.576,163.536,163.56,631,BULLISH,0.04,0.023,0.575,0.016,0.001,0.4,0.025,0.6,0.0284,0.8098591549,1.4084507042,0.058,0.046,0.07,2.0422535211,1.6197183099,2.4647887324,1,0.6388888889,0.4166666667,0.015,0.375,3,0,163.523,CONFIRMED_SWING_HIGH,0.037,1.301,163.91,163.229,163.91,163.229,163.697,163.631,1785390300000,BULLISH,1,0.1038,0.0582,163.559,163.456,1785389400000,NEUTRAL,0,0.0305,0.0968,163.559,163.209,1785387600000,NEUTRAL,0,0.0405,0.1396,163.91,163.209
21132,1785391500000,2026-07-30T06:05:00Z,2026-07-30T07:05:00+01:00,true,USDJPY,5,LONDON_OPEN,LONDON_OPEN,163.56,163.579,163.556,163.575,572,BULLISH,0.023,0.015,0.652173913,0.004,0.004,0.1739130435,0.1739130435,0.8260869565,0.0281,0.5338078292,0.8185053381,0.067,0.06,0.09,2.384341637,2.1352313167,3.2028469751,1,0.6976744186,0.5056179775,0.02,0.8695652174,4,0,163.523,CONFIRMED_SWING_HIGH,0.052,1.8538,163.91,163.229,163.91,163.229,163.697,163.631,1785390300000,BULLISH,1,0.1038,0.0582,163.559,163.456,1785389400000,NEUTRAL,0,0.0305,0.0968,163.559,163.209,1785387600000,NEUTRAL,0,0.0405,0.1396,163.91,163.209
21133,1785391800000,2026-07-30T06:10:00Z,2026-07-30T07:10:00+01:00,true,USDJPY,5,LONDON_OPEN,LONDON_OPEN,163.574,163.606,163.564,163.6,656,BULLISH,0.042,0.026,0.619047619,0.006,0.01,0.1428571429,0.2380952381,0.8571428571,0.029,0.8965517241,1.4482758621,0.061,0.097,0.136,2.1034482759,3.3448275862,4.6896551724,1,0.9797979798,0.7472527473,0.015,0.652173913,5,0,163.631,CONSOLIDATION_LOW,0.031,1.0672,163.91,163.229,163.91,163.229,163.697,163.631,1785390300000,BULLISH,1,0.1038,0.0582,163.559,163.456,1785389400000,NEUTRAL,0,0.0305,0.0968,163.559,163.209,1785387600000,NEUTRAL,0,0.0405,0.1396,163.91,163.209
21134,1785392100000,2026-07-30T06:15:00Z,2026-07-30T07:15:00+01:00,true,USDJPY,5,LONDON_OPEN,LONDON_OPEN,163.599,163.623,163.592,163.619,745,BULLISH,0.031,0.02,0.6451612903,0.004,0.007,0.1290322581,0.2258064516,0.8709677419,0.0292,0.6849315068,1.0616438356,0.059,0.117,0.13,2.0205479452,4.0068493151,4.4520547945,1,1,0.7386363636,0.014,0.4516129032,6,0,163.631,CONSOLIDATION_LOW,0.012,0.4112,163.91,163.229,163.91,163.229,163.697,163.631,1785391200000,BULLISH,1,0.3981,0.0591,163.559,163.456,1785389400000,NEUTRAL,0,0.0305,0.0968,163.559,163.209,1785387600000,NEUTRAL,0,0.0405,0.1396,163.91,163.209
21135,1785392400000,2026-07-30T06:20:00Z,2026-07-30T07:20:00+01:00,true,USDJPY,5,LONDON_OPEN,LONDON_OPEN,163.62,163.639,163.592,163.594,578,BEARISH,0.047,0.026,0.5531914894,0.019,0.002,0.4042553191,0.0425531915,0.0425531915,0.0305,0.8524590164,1.5409836066,0.019,0.086,0.115,0.6229508197,2.8196721311,3.7704918033,0.2753623188,0.6323529412,0.6020942408,0.031,1,0,1,163.631,CONSOLIDATION_LOW,0.037,1.2148,163.91,163.229,163.91,163.229,163.697,163.631,1785391200000,BULLISH,1,0.3981,0.0591,163.559,163.456,1785389400000,NEUTRAL,0,0.0305,0.0968,163.559,163.209,1785387600000,NEUTRAL,0,0.0405,0.1396,163.91,163.209
21136,1785392700000,2026-07-30T06:25:00Z,2026-07-30T07:25:00+01:00,true,USDJPY,5,LONDON_OPEN,LONDON_OPEN,163.592,163.604,163.582,163.601,688,BULLISH,0.022,0.009,0.4090909091,0.003,0.01,0.1363636364,0.4545454545,0.8636363636,0.0299,0.3010033445,0.7357859532,0.001,0.062,0.11,0.0334448161,2.0735785953,3.6789297659,0.0196078431,0.5535714286,0.5913978495,0.012,0.5454545455,1,0,163.631,CONSOLIDATION_LOW,0.03,1.0049,163.91,163.229,163.91,163.229,163.697,163.631,1785391200000,BULLISH,1,0.3981,0.0591,163.559,163.456,1785389400000,NEUTRAL,0,0.0305,0.0968,163.559,163.209,1785387600000,NEUTRAL,0,0.0405,0.1396,163.91,163.209
21137,1785393000000,2026-07-30T06:30:00Z,2026-07-30T07:30:00+01:00,true,USDJPY,5,LONDON_OPEN,LONDON_OPEN,163.6,163.63,163.576,163.585,676,BEARISH,0.054,0.015,0.2777777778,0.03,0.009,0.5555555556,0.1666666667,0.1666666667,0.0316,0.4746835443,1.7088607595,-0.034,0.025,0.071,-1.0759493671,0.7911392405,2.246835443,0.7083333333,0.2336448598,0.3966480447,0.022,1,0,1,163.631,CONSOLIDATION_LOW,0.046,1.4567,163.91,163.229,163.91,163.229,163.697,163.631,1785392100000,BULLISH,1,0.3098,0.0589,163.559,163.456,1785391200000,BULLISH,1,0.0627,0.0972,163.559,163.456,1785387600000,NEUTRAL,0,0.0405,0.1396,163.91,163.209
21138,1785393300000,2026-07-30T06:35:00Z,2026-07-30T07:35:00+01:00,true,USDJPY,5,LONDON_OPEN,LONDON_OPEN,163.586,163.599,163.554,163.571,542,BEARISH,0.045,0.015,0.3333333333,0.013,0.017,0.2888888889,0.3777777778,0.3777777778,0.0325,0.4615384615,1.3846153846,-0.023,-0.004,0.056,-0.7076923077,-0.1230769231,1.7230769231,0.6216216216,0.0377358491,0.2916666667,0.023,0.5111111111,0,2,163.631,CONSOLIDATION_LOW,0.06,1.844,163.91,163.229,163.91,163.229,163.697,163.631,1785392100000,BULLISH,1,0.3098,0.0589,163.559,163.456,1785391200000,BULLISH,1,0.0627,0.0972,163.559,163.456,1785387600000,NEUTRAL,0,0.0405,0.1396,163.91,163.209
21139,1785393600000,2026-07-30T06:40:00Z,2026-07-30T07:40:00+01:00,true,USDJPY,5,LONDON_OPEN,LONDON_OPEN,163.569,163.588,163.568,163.582,775,BULLISH,0.02,0.013,0.65,0.006,0.001,0.3,0.05,0.7,0.0316,0.4113924051,0.6329113924,-0.019,-0.018,0.079,-0.6012658228,-0.5696202532,2.5,0.4634146341,0.1956521739,0.4136125654,0.02,1,1,0,163.631,CONSOLIDATION_LOW,0.049,1.5486,163.91,163.229,163.91,163.229,163.697,163.631,1785392100000,BULLISH,1,0.3098,0.0589,163.559,163.456,1785391200000,BULLISH,1,0.0627,0.0972,163.559,163.456,1785387600000,NEUTRAL,0,0.0405,0.1396,163.91,163.209
21140,1785393900000,2026-07-30T06:45:00Z,2026-07-30T07:45:00+01:00,true,USDJPY,5,LONDON_OPEN,LONDON_OPEN,163.583,163.597,163.562,163.586,638,BULLISH,0.035,0.003,0.0857142857,0.011,0.021,0.3142857143,0.6,0.6857142857,0.0319,0.0940438871,1.0971786834,0.001,-0.033,0.084,0.0313479624,-1.0344827586,2.6332288401,0.0344827586,0.4285714286,0.4329896907,0.02,1,2,0,163.631,CONSOLIDATION_LOW,0.045,1.4115,163.91,163.229,163.91,163.229,163.697,163.631,1785393000000,BULLISH,1,0.2853,0.0602,163.559,163.456,1785391200000,BULLISH,1,0.0627,0.0972,163.559,163.456,1785387600000,NEUTRAL,0,0.0405,0.1396,163.91,163.209
21141,1785394200000,2026-07-30T06:50:00Z,2026-07-30T07:50:00+01:00,true,USDJPY,5,LONDON_OPEN,LONDON_OPEN,163.585,163.613,163.555,163.608,750,BULLISH,0.058,0.023,0.3965517241,0.005,0.03,0.0862068966,0.5172413793,0.9137931034,0.0337,0.6824925816,1.7210682493,0.037,0.014,0.1,1.0979228487,0.4154302671,2.9673590504,1,0.1891891892,0.4761904762,0.035,1,3,0,163.631,CONSOLIDATION_LOW,0.023,0.6815,163.91,163.229,163.91,163.229,163.697,163.631,1785393000000,BULLISH,1,0.2853,0.0602,163.559,163.456,1785391200000,BULLISH,1,0.0627,0.0972,163.559,163.456,1785387600000,NEUTRAL,0,0.0405,0.1396,163.91,163.209
21142,1785394500000,2026-07-30T06:55:00Z,2026-07-30T07:55:00+01:00,true,USDJPY,5,LONDON_OPEN,LONDON_OPEN,163.609,163.645,163.606,163.64,970,BULLISH,0.039,0.031,0.7948717949,0.005,0.003,0.1282051282,0.0769230769,0.8717948718,0.0341,0.9090909091,1.1436950147,0.058,0.039,0.101,1.7008797654,1.1436950147,2.9618768328,1,0.3939393939,0.4786729858,0.007,0.1794871795,4,0,163.639,CONFIRMED_SWING_HIGH,0.001,0.0293,163.91,163.229,163.91,163.229,163.697,163.631,1785393000000,BULLISH,1,0.2853,0.0602,163.559,163.456,1785391200000,BULLISH,1,0.0627,0.0972,163.559,163.456,1785387600000,NEUTRAL,0,0.0405,0.1396,163.91,163.209
21143,1785394800000,2026-07-30T07:00:00Z,2026-07-30T08:00:00+01:00,true,USDJPY,5,LONDON_OPEN,LONDON_OPEN,163.639,163.653,163.556,163.573,1289,BEARISH,0.097,0.066,0.6804123711,0.014,0.017,0.1443298969,0.175257732,0.175257732,0.0386,1.7098445596,2.5129533679,-0.013,-0.012,0.013,-0.3367875648,-0.310880829,0.3367875648,0.1074380165,0.08,0.0505836576,0.039,1,0,1,163.554,CONFIRMED_SWING_LOW,0.019,0.492,163.91,163.229,163.91,163.229,163.697,163.631,1785393900000,BULLISH,1,0.3399,0.0623,163.559,163.456,1785393000000,BULLISH,1,0.4102,0.0968,163.559,163.456,1785391200000,NEUTRAL,0,0.0088,0.1374,163.91,163.209
21144,1785395100000,2026-07-30T07:05:00Z,2026-07-30T08:05:00+01:00,true,USDJPY,5,LONDON_OPEN,LONDON_OPEN,163.574,163.603,163.566,163.592,1096,BULLISH,0.037,0.018,0.4864864865,0.011,0.008,0.2972972973,0.2162162162,0.7027027027,0.0385,0.4675324675,0.961038961,-0.016,0.021,0.017,-0.4155844156,0.5454545455,0.4415584416,0.1355932203,0.135483871,0.0651340996,0.037,1,1,0,163.554,CONFIRMED_SWING_LOW,0.038,0.987,163.91,163.229,163.91,163.229,163.697,163.631,1785393900000,BULLISH,1,0.3399,0.0623,163.559,163.456,1785393000000,BULLISH,1,0.4102,0.0968,163.559,163.456,1785391200000,NEUTRAL,0,0.0088,0.1374,163.91,163.209
21145,1785395400000,2026-07-30T07:10:00Z,2026-07-30T08:10:00+01:00,true,USDJPY,5,LONDON_OPEN,LONDON_OPEN,163.591,163.614,163.585,163.602,1056,BULLISH,0.029,0.011,0.3793103448,0.012,0.006,0.4137931034,0.2068965517,0.5862068966,0.0378,0.291005291,0.7671957672,-0.038,0.02,0.002,-1.0052910053,0.5291005291,0.0529100529,0.3958333333,0.1298701299,0.0081300813,0.018,0.6206896552,2,0,163.631,CONSOLIDATION_LOW,0.029,0.7668,163.91,163.229,163.91,163.229,163.697,163.631,1785393900000,BULLISH,1,0.3399,0.0623,163.559,163.456,1785393000000,BULLISH,1,0.4102,0.0968,163.559,163.456,1785391200000,NEUTRAL,0,0.0088,0.1374,163.91,163.209
21146,1785395700000,2026-07-30T07:15:00Z,2026-07-30T08:15:00+01:00,true,USDJPY,5,LONDON_OPEN,LONDON_OPEN,163.603,163.628,163.602,163.625,1268,BULLISH,0.026,0.022,0.8461538462,0.003,0.001,0.1153846154,0.0384615385,0.8846153846,0.037,0.5945945946,0.7027027027,0.052,0.039,0.006,1.4054054054,1.0540540541,0.1621621622,1,0.225433526,0.024,0.012,0.4615384615,3,0,163.631,CONSOLIDATION_LOW,0.006,0.1623,163.91,163.229,163.91,163.229,163.697,163.631,1785394800000,BULLISH,1,0.2983,0.0648,163.559,163.456,1785393000000,BULLISH,1,0.4102,0.0968,163.559,163.456,1785391200000,NEUTRAL,0,0.0088,0.1374,163.91,163.209
21147,1785396000000,2026-07-30T07:20:00Z,2026-07-30T08:20:00+01:00,true,USDJPY,5,LONDON_OPEN,LONDON_OPEN,163.626,163.643,163.602,163.607,1614,BEARISH,0.041,0.019,0.4634146341,0.017,0.005,0.4146341463,0.1219512195,0.1219512195,0.0373,0.509383378,1.0991957105,0.015,-0.001,0.013,0.4021447721,-0.0268096515,0.3485254692,0.2941176471,0.0059171598,0.0534979424,0.026,1,0,1,163.631,CONSOLIDATION_LOW,0.024,0.6441,163.91,163.229,163.91,163.229,163.697,163.631,1785394800000,BULLISH,1,0.2983,0.0648,163.559,163.456,1785393000000,BULLISH,1,0.4102,0.0968,163.559,163.456,1785391200000,NEUTRAL,0,0.0088,0.1374,163.91,163.209
21148,1785396300000,2026-07-30T07:25:00Z,2026-07-30T08:25:00+01:00,true,USDJPY,5,LONDON_OPEN,LONDON_OPEN,163.606,163.654,163.605,163.649,1655,BULLISH,0.049,0.043,0.8775510204,0.005,0.001,0.1020408163,0.0204081633,0.8979591837,0.0381,1.1286089239,1.2860892388,0.047,0.009,0.048,1.2335958005,0.2362204724,1.2598425197,0.5662650602,0.0502793296,0.1726618705,0.038,0.9268292683,1,0,163.653,CONFIRMED_SWING_HIGH,0.004,0.105,163.91,163.229,163.91,163.229,163.697,163.631,1785394800000,BULLISH,1,0.2983,0.0648,163.559,163.456,1785393000000,BULLISH,1,0.4102,0.0968,163.559,163.456,1785391200000,NEUTRAL,0,0.0088,0.1374,163.91,163.209
21149,1785396600000,2026-07-30T07:30:00Z,2026-07-30T08:30:00+01:00,true,USDJPY,5,LONDON_OPEN,LONDON_OPEN,163.648,163.699,163.647,163.692,1973,BULLISH,0.052,0.044,0.8461538462,0.007,0.001,0.1346153846,0.0192307692,0.8653846154,0.0391,1.1253196931,1.3299232737,0.067,0.119,0.107,1.7135549872,3.0434782609,2.73657289,0.6504854369,0.7677419355,0.3508196721,0.007,0.1428571429,2,0,163.697,CONSOLIDATION_HIGH,0.005,0.1279,163.91,163.229,163.91,163.229,163.697,163.631,1785395700000,BULLISH,1,0.351,0.0639,163.559,163.456,1785394800000,BULLISH,1,0.4093,0.0969,163.559,163.456,1785391200000,NEUTRAL,0,0.0088,0.1374,163.91,163.209
21150,1785396900000,2026-07-30T07:35:00Z,2026-07-30T08:35:00+01:00,true,USDJPY,5,LONDON_OPEN,LONDON_OPEN,163.691,163.703,163.667,163.671,1051,BEARISH,0.036,0.02,0.5555555556,0.012,0.004,0.3333333333,0.1111111111,0.1111111111,0.0389,0.5141388175,0.9254498715,0.064,0.079,0.1,1.6452442159,2.030848329,2.5706940874,0.6037735849,0.5031847134,0.3205128205,0.032,0.8888888889,0,1,163.653,CONFIRMED_SWING_HIGH,0.018,0.463,163.91,163.229,163.91,163.229,163.697,163.631,1785395700000,BULLISH,1,0.351,0.0639,163.559,163.456,1785394800000,BULLISH,1,0.4093,0.0969,163.559,163.456,1785391200000,NEUTRAL,0,0.0088,0.1374,163.91,163.209
21151,1785397200000,2026-07-30T07:40:00Z,2026-07-30T08:40:00+01:00,true,USDJPY,5,LONDON_OPEN,LONDON_OPEN,163.67,163.704,163.668,163.699,1171,BULLISH,0.036,0.029,0.8055555556,0.005,0.002,0.1388888889,0.0555555556,0.8611111111,0.0387,0.7493540052,0.9302325581,0.05,0.097,0.117,1.2919896641,2.5064599483,3.023255814,0.5434782609,0.5542857143,0.3556231003,0.035,0.9722222222,1,0,163.697,CONSOLIDATION_HIGH,0.002,0.0517,163.91,163.229,163.91,163.229,163.697,163.631,1785395700000,BULLISH,1,0.351,0.0639,163.559,163.456,1785394800000,BULLISH,1,0.4093,0.0969,163.559,163.456,1785391200000,NEUTRAL,0,0.0088,0.1374,163.91,163.209
21152,1785397500000,2026-07-30T07:45:00Z,2026-07-30T08:45:00+01:00,true,USDJPY,5,LONDON_OPEN,LONDON_OPEN,163.698,163.735,163.697,163.724,1215,BULLISH,0.038,0.026,0.6842105263,0.011,0.001,0.2894736842,0.0263157895,0.7105263158,0.0386,0.6735751295,0.9844559585,0.032,0.099,0.138,0.829015544,2.5647668394,3.5751295337,0.4324324324,0.5593220339,0.3942857143,0.007,0.1944444444,2,0,163.697,CONSOLIDATION_HIGH,0.027,0.6991,163.91,163.229,163.91,163.229,163.697,163.631,1785396600000,BULLISH,1,0.462,0.0634,163.559,163.456,1785394800000,BULLISH,1,0.4093,0.0969,163.559,163.456,1785391200000,NEUTRAL,0,0.0088,0.1374,163.91,163.209
21153,1785397800000,2026-07-30T07:50:00Z,2026-07-30T08:50:00+01:00,true,USDJPY,5,LONDON_OPEN,LONDON_OPEN,163.723,163.739,163.71,163.738,1179,BULLISH,0.029,0.015,0.5172413793,0.001,0.013,0.0344827586,0.4482758621,0.9655172414,0.0379,0.3957783641,0.765171504,0.067,0.131,0.13,1.7678100264,3.4564643799,3.4300791557,1,0.7572254335,0.3801169591,0.025,0.8620689655,3,0,163.697,CONSOLIDATION_HIGH,0.041,1.0808,163.91,163.229,163.91,163.229,163.697,163.631,1785396600000,BULLISH,1,0.462,0.0634,163.559,163.456,1785394800000,BULLISH,1,0.4093,0.0969,163.559,163.456,1785391200000,NEUTRAL,0,0.0088,0.1374,163.91,163.209
21154,1785398100000,2026-07-30T07:55:00Z,2026-07-30T08:55:00+01:00,true,USDJPY,5,LONDON_OPEN,LONDON_OPEN,163.737,163.743,163.721,163.73,857,BEARISH,0.022,0.007,0.3181818182,0.006,0.009,0.2727272727,0.4090909091,0.4090909091,0.0368,0.1902173913,0.597826087,0.031,0.081,0.09,0.8423913043,2.2010869565,2.4456521739,0.6595744681,0.5827338129,0.2830188679,0.018,0.8181818182,0,1,163.697,CONSOLIDATION_HIGH,0.033,0.8969,163.91,163.229,163.91,163.229,163.697,163.631,1785396600000,BULLISH,1,0.462,0.0634,163.559,163.456,1785394800000,BULLISH,1,0.4093,0.0969,163.559,163.456,1785391200000,NEUTRAL,0,0.0088,0.1374,163.91,163.209
21155,1785398400000,2026-07-30T08:00:00Z,2026-07-30T09:00:00+01:00,true,USDJPY,5,LONDON_MID,LONDON_MID,163.733,163.736,163.695,163.697,931,BEARISH,0.041,0.036,0.8780487805,0.003,0.002,0.0731707317,0.0487804878,0.0487804878,0.0371,0.9703504043,1.1051212938,-0.027,0.005,0.124,-0.7277628032,0.1347708895,3.3423180593,0.4909090909,0.0387596899,0.4366197183,0.015,0.6818181818,0,2,163.697,CONSOLIDATION_HIGH,0,0,163.91,163.229,163.91,163.229,163.697,163.631,1785397500000,BULLISH,1,0.4802,0.0621,163.559,163.456,1785396600000,BULLISH,1,0.4668,0.0968,163.559,163.456,1785394800000,NEUTRAL,0,0.0439,0.1409,163.91,163.209
21156,1785398700000,2026-07-30T08:05:00Z,2026-07-30T09:05:00+01:00,true,USDJPY,5,LONDON_MID,LONDON_MID,163.698,163.701,163.665,163.685,979,BEARISH,0.036,0.013,0.3611111111,0.003,0.02,0.0833333333,0.5555555556,0.5555555556,0.037,0.3513513514,0.972972973,-0.053,0.014,0.093,-1.4324324324,0.3783783784,2.5135135135,1,0.1166666667,0.3357400722,0.006,0.1666666667,0,3,163.697,CONSOLIDATION_HIGH,0.012,0.3242,163.91,163.229,163.91,163.229,163.697,163.631,1785397500000,BULLISH,1,0.4802,0.0621,163.559,163.456,1785396600000,BULLISH,1,0.4668,0.0968,163.559,163.456,1785394800000,NEUTRAL,0,0.0439,0.1409,163.91,163.209
21157,1785399000000,2026-07-30T08:10:00Z,2026-07-30T09:10:00+01:00,true,USDJPY,5,LONDON_MID,LONDON_MID,163.684,163.685,163.62,163.646,1492,BEARISH,0.065,0.038,0.5846153846,0.001,0.026,0.0153846154,0.4,0.4,0.039,0.9743589744,1.6666666667,-0.084,-0.053,0.044,-2.1538461538,-1.358974359,1.1282051282,1,0.4045801527,0.1437908497,0.02,0.5555555556,0,4,163.631,CONSOLIDATION_LOW,0.015,0.3845,163.91,163.229,163.91,163.229,163.697,163.631,1785397500000,BULLISH,1,0.4802,0.0621,163.559,163.456,1785396600000,BULLISH,1,0.4668,0.0968,163.559,163.456,1785394800000,NEUTRAL,0,0.0439,0.1409,163.91,163.209
21158,1785399300000,2026-07-30T08:15:00Z,2026-07-30T09:15:00+01:00,true,USDJPY,5,LONDON_MID,LONDON_MID,163.645,163.663,163.628,163.66,737,BULLISH,0.035,0.015,0.4285714286,0.003,0.017,0.0857142857,0.4857142857,0.9142857143,0.0387,0.3875968992,0.9043927649,-0.037,-0.064,0.035,-0.9560723514,-1.65374677,0.9043927649,0.5692307692,0.5333333333,0.1178451178,0.035,1,1,0,163.631,CONSOLIDATION_LOW,0.029,0.7488,163.91,163.229,163.91,163.229,163.697,163.631,1785398400000,BULLISH,1,0.2182,0.066,163.559,163.456,1785396600000,BULLISH,1,0.4668,0.0968,163.559,163.456,1785394800000,NEUTRAL,0,0.0439,0.1409,163.91,163.209
21159,1785399600000,2026-07-30T08:20:00Z,2026-07-30T09:20:00+01:00,true,USDJPY,5,LONDON_MID,LONDON_MID,163.659,163.665,163.618,163.641,1354,BEARISH,0.047,0.018,0.3829787234,0.006,0.023,0.1276595745,0.4893617021,0.4893617021,0.0393,0.4580152672,1.1959287532,-0.044,-0.097,0.034,-1.1195928753,-2.4681933842,0.8651399491,0.6111111111,0.776,0.1140939597,0.035,1,0,1,163.631,CONSOLIDATION_LOW,0.01,0.2543,163.91,163.229,163.91,163.229,163.697,163.631,1785398400000,BULLISH,1,0.2182,0.066,163.559,163.456,1785396600000,BULLISH,1,0.4668,0.0968,163.559,163.456,1785394800000,NEUTRAL,0,0.0439,0.1409,163.91,163.209
21160,1785399900000,2026-07-30T08:25:00Z,2026-07-30T09:25:00+01:00,true,USDJPY,5,LONDON_MID,LONDON_MID,163.642,163.652,163.604,163.615,1482,BEARISH,0.048,0.027,0.5625,0.01,0.011,0.2083333333,0.2291666667,0.2291666667,0.0399,0.6766917293,1.2030075188,-0.031,-0.115,-0.034,-0.7769423559,-2.8822055138,-0.8521303258,0.5254237288,0.8041958042,0.1205673759,0.034,0.7234042553,0,2,163.631,CONSOLIDATION_LOW,0.016,0.4006,163.91,163.229,163.91,163.229,163.697,163.631,1785398400000,BULLISH,1,0.2182,0.066,163.559,163.456,1785396600000,BULLISH,1,0.4668,0.0968,163.559,163.456,1785394800000,NEUTRAL,0,0.0439,0.1409,163.91,163.209
21161,1785400200000,2026-07-30T08:30:00Z,2026-07-30T09:30:00+01:00,true,USDJPY,5,LONDON_MID,LONDON_MID,163.616,163.628,163.599,163.626,1830,BULLISH,0.029,0.01,0.3448275862,0.002,0.017,0.0689655172,0.5862068966,0.9310344828,0.0392,0.2551020408,0.7397959184,-0.034,-0.071,-0.066,-0.8673469388,-1.8112244898,-1.6836734694,0.6071428571,0.5867768595,0.264,0.024,0.8275862069,1,0,163.631,CONSOLIDATION_LOW,0.005,0.1277,163.91,163.229,163.91,163.229,163.697,163.631,1785399300000,BULLISH,1,0.1734,0.0656,163.743,163.456,1785398400000,BULLISH,1,0.2141,0.0993,163.559,163.456,1785394800000,NEUTRAL,0,0.0439,0.1409,163.91,163.209
21162,1785400500000,2026-07-30T08:35:00Z,2026-07-30T09:35:00+01:00,true,USDJPY,5,LONDON_MID,LONDON_MID,163.625,163.654,163.622,163.654,1176,BULLISH,0.032,0.029,0.90625,0,0.003,0,0.09375,1,0.0386,0.7512953368,0.829015544,0.013,-0.031,-0.017,0.3367875648,-0.8031088083,-0.4404145078,0.2,0.2262773723,0.0661478599,0.006,0.2068965517,2,0,163.631,CONSOLIDATION_LOW,0.023,0.5951,163.91,163.229,163.91,163.229,163.697,163.631,1785399300000,BULLISH,1,0.1734,0.0656,163.743,163.456,1785398400000,BULLISH,1,0.2141,0.0993,163.559,163.456,1785394800000,NEUTRAL,0,0.0439,0.1409,163.91,163.209
21163,1785400800000,2026-07-30T08:40:00Z,2026-07-30T09:40:00+01:00,true,USDJPY,5,LONDON_MID,LONDON_MID,163.655,163.655,163.619,163.622,1085,BEARISH,0.036,0.033,0.9166666667,0,0.003,0,0.0833333333,0.0833333333,0.0385,0.8571428571,0.9350649351,0.007,-0.024,-0.077,0.1818181818,-0.6233766234,-2,0.0985915493,0.1846153846,0.2950191571,0.032,1,0,1,163.631,CONSOLIDATION_LOW,0.009,0.234,163.91,163.229,163.91,163.229,163.697,163.631,1785399300000,BULLISH,1,0.1734,0.0656,163.743,163.456,1785398400000,BULLISH,1,0.2141,0.0993,163.559,163.456,1785394800000,NEUTRAL,0,0.0439,0.1409,163.91,163.209
21164,1785401100000,2026-07-30T08:45:00Z,2026-07-30T09:45:00+01:00,true,USDJPY,5,LONDON_MID,LONDON_MID,163.623,163.638,163.606,163.634,857,BULLISH,0.032,0.011,0.34375,0.004,0.017,0.125,0.53125,0.875,0.038,0.2894736842,0.8421052632,0.008,-0.026,-0.09,0.2105263158,-0.6842105263,-2.3684210526,0.1111111111,0.203125,0.3629032258,0.019,0.59375,1,0,163.631,CONSOLIDATION_LOW,0.003,0.079,163.91,163.229,163.91,163.229,163.697,163.631,1785400200000,BULLISH,1,0.1896,0.0649,163.743,163.456,1785398400000,BULLISH,1,0.2141,0.0993,163.559,163.456,1785394800000,NEUTRAL,0,0.0439,0.1409,163.91,163.209
21165,1785401400000,2026-07-30T08:50:00Z,2026-07-30T09:50:00+01:00,true,USDJPY,5,LONDON_MID,LONDON_MID,163.633,163.662,163.631,163.652,1355,BULLISH,0.031,0.019,0.6129032258,0.01,0.002,0.3225806452,0.064516129,0.6774193548,0.0375,0.5066666667,0.8266666667,-0.002,0.011,-0.086,-0.0533333333,0.2933333333,-2.2933333333,0.0322580645,0.0866141732,0.3412698413,0.007,0.2258064516,2,0,163.631,CONSOLIDATION_LOW,0.021,0.56,163.91,163.229,163.91,163.229,163.697,163.631,1785400200000,BULLISH,1,0.1896,0.0649,163.743,163.456,1785398400000,BULLISH,1,0.2141,0.0993,163.559,163.456,1785394800000,NEUTRAL,0,0.0439,0.1409,163.91,163.209
21166,1785401700000,2026-07-30T08:55:00Z,2026-07-30T09:55:00+01:00,true,USDJPY,5,LONDON_MID,LONDON_MID,163.65,163.663,163.638,163.652,1218,BULLISH,0.025,0.002,0.08,0.011,0.012,0.44,0.48,0.56,0.0366,0.0546448087,0.6830601093,0.03,0.037,-0.078,0.8196721311,1.0109289617,-2.131147541,1,0.3663366337,0.3196721311,0.024,0.96,0,0,163.631,CONSOLIDATION_LOW,0.021,0.5737,163.91,163.229,163.91,163.229,163.697,163.631,1785400200000,BULLISH,1,0.1896,0.0649,163.743,163.456,1785398400000,BULLISH,1,0.2141,0.0993,163.559,163.456,1785394800000,NEUTRAL,0,0.0439,0.1409,163.91,163.209
21167,1785402000000,2026-07-30T09:00:00Z,2026-07-30T10:00:00+01:00,true,USDJPY,5,LONDON_MID,LONDON_MID,163.653,163.653,163.575,163.583,1144,BEARISH,0.078,0.07,0.8974358974,0,0.008,0,0.1025641026,0.1025641026,0.0396,1.7676767677,1.9696969697,-0.051,-0.043,-0.114,-1.2878787879,-1.0858585859,-2.8787878788,0.5862068966,0.2704402516,0.4071428571,0.015,0.6,0,1,163.599,CONFIRMED_SWING_LOW,0.016,0.4044,163.91,163.229,163.91,163.229,163.697,163.631,1785401100000,BULLISH,1,0.2525,0.0644,163.743,163.456,1785400200000,BULLISH,1,0.3446,0.0968,163.743,163.456,1785398400000,NEUTRAL,0,0.0798,0.1407,163.91,163.209
21168,1785402300000,2026-07-30T09:05:00Z,2026-07-30T10:05:00+01:00,true,USDJPY,5,LONDON_MID,LONDON_MID,163.586,163.598,163.484,163.502,1182,BEARISH,0.114,0.084,0.7368421053,0.012,0.018,0.1052631579,0.1578947368,0.1578947368,0.0449,1.8708240535,2.5389755011,-0.15,-0.152,-0.183,-3.3407572383,-3.3853006682,-4.0757238307,1,0.7169811321,0.5243553009,0.023,0.2948717949,0,2,163.599,CONFIRMED_SWING_LOW,0.097,2.1614,163.91,163.229,163.91,163.229,163.697,163.631,1785401100000,BULLISH,1,0.2525,0.0644,163.743,163.456,1785400200000,BULLISH,1,0.3446,0.0968,163.743,163.456,1785398400000,NEUTRAL,0,0.0798,0.1407,163.91,163.209
21169,1785402600000,2026-07-30T09:10:00Z,2026-07-30T10:10:00+01:00,true,USDJPY,5,LONDON_MID,LONDON_MID,163.503,163.544,163.482,163.532,2313,BULLISH,0.062,0.029,0.4677419355,0.012,0.021,0.1935483871,0.3387096774,0.8064516129,0.0461,0.6290672451,1.3449023861,-0.12,-0.09,-0.114,-2.6030368764,-1.9522776573,-2.4728850325,0.6666666667,0.4285714286,0.3352941176,0.06,0.9677419355,1,0,163.599,CONFIRMED_SWING_LOW,0.067,1.4533,163.91,163.229,163.91,163.229,163.697,163.631,1785401100000,BULLISH,1,0.2525,0.0644,163.743,163.456,1785400200000,BULLISH,1,0.3446,0.0968,163.743,163.456,1785398400000,NEUTRAL,0,0.0798,0.1407,163.91,163.209
21170,1785402900000,2026-07-30T09:15:00Z,2026-07-30T10:15:00+01:00,true,USDJPY,5,LONDON_MID,LONDON_MID,163.531,163.548,163.48,163.5,1208,BEARISH,0.068,0.031,0.4558823529,0.017,0.02,0.25,0.2941176471,0.2941176471,0.0477,0.6498951782,1.4255765199,-0.083,-0.134,-0.16,-1.7400419287,-2.8092243187,-3.3542976939,0.5804195804,0.5826086957,0.4469273743,0.062,1,0,1,163.599,CONFIRMED_SWING_LOW,0.099,2.077,163.91,163.229,163.91,163.229,163.697,163.631,1785402000000,BULLISH,1,0.0659,0.072,163.743,163.456,1785400200000,BULLISH,1,0.3446,0.0968,163.743,163.456,1785398400000,NEUTRAL,0,0.0798,0.1407,163.91,163.209
21171,1785403200000,2026-07-30T09:20:00Z,2026-07-30T10:20:00+01:00,true,USDJPY,5,LONDON_MID,LONDON_MID,163.501,163.503,163.456,163.486,1705,BEARISH,0.047,0.015,0.3191489362,0.002,0.03,0.0425531915,0.6382978723,0.6382978723,0.0476,0.3151260504,0.987394958,-0.016,-0.166,-0.155,-0.3361344538,-3.487394958,-3.256302521,0.2105263158,0.7345132743,0.4390934844,0.023,0.4893617021,0,2,163.599,CONFIRMED_SWING_LOW,0.113,2.3731,163.91,163.229,163.91,163.229,163.697,163.631,1785402000000,BULLISH,1,0.0659,0.072,163.743,163.456,1785400200000,BULLISH,1,0.3446,0.0968,163.743,163.456,1785398400000,NEUTRAL,0,0.0798,0.1407,163.91,163.209
21172,1785403500000,2026-07-30T09:25:00Z,2026-07-30T10:25:00+01:00,true,USDJPY,5,LONDON_MID,LONDON_MID,163.485,163.505,163.455,163.465,1283,BEARISH,0.05,0.02,0.4,0.02,0.01,0.4,0.2,0.2,0.0478,0.4184100418,1.0460251046,-0.067,-0.187,-0.15,-1.4016736402,-3.9121338912,-3.1380753138,1,0.7570850202,0.4310344828,0.047,1,0,3,163.599,CONFIRMED_SWING_LOW,0.134,2.804,163.91,163.229,163.91,163.229,163.697,163.631,1785402000000,BULLISH,1,0.0659,0.072,163.743,163.456,1785400200000,BULLISH,1,0.3446,0.0968,163.743,163.456,1785398400000,NEUTRAL,0,0.0798,0.1407,163.91,163.209
21173,1785403800000,2026-07-30T09:30:00Z,2026-07-30T10:30:00+01:00,true,USDJPY,5,LONDON_MID,LONDON_MID,163.464,163.493,163.435,163.446,1171,BEARISH,0.058,0.018,0.3103448276,0.029,0.011,0.5,0.1896551724,0.1896551724,0.0485,0.3711340206,1.1958762887,-0.054,-0.137,-0.18,-1.1134020619,-2.824742268,-3.7113402062,1,0.6954314721,0.5056179775,0.038,0.76,0,4,163.599,CONFIRMED_SWING_LOW,0.153,3.1535,163.91,163.229,163.91,163.229,163.697,163.631,1785402900000,BULLISH,1,0.0185,0.0735,163.743,163.456,1785402000000,BULLISH,1,0.0996,0.104,163.743,163.456,1785398400000,NEUTRAL,0,0.0798,0.1407,163.91,163.209
21174,1785404100000,2026-07-30T09:35:00Z,2026-07-30T10:35:00+01:00,true,USDJPY,5,LONDON_MID,LONDON_MID,163.445,163.446,163.378,163.419,1392,BEARISH,0.068,0.026,0.3823529412,0.001,0.041,0.0147058824,0.6029411765,0.6029411765,0.0499,0.5210420842,1.3627254509,-0.067,-0.083,-0.235,-1.3426853707,-1.6633266533,-4.7094188377,1,0.5804195804,0.661971831,0.011,0.1896551724,0,5,163.599,CONFIRMED_SWING_LOW,0.18,3.6066,163.91,163.229,163.91,163.229,163.697,163.631,1785402900000,BULLISH,1,0.0185,0.0735,163.743,163.456,1785402000000,BULLISH,1,0.0996,0.104,163.743,163.456,1785398400000,NEUTRAL,0,0.0798,0.1407,163.91,163.209
21175,1785404400000,2026-07-30T09:40:00Z,2026-07-30T10:40:00+01:00,true,USDJPY,5,LONDON_MID,LONDON_MID,163.42,163.427,163.387,163.399,1022,BEARISH,0.04,0.021,0.525,0.007,0.012,0.175,0.3,0.3,0.0492,0.4268292683,0.8130081301,-0.066,-0.133,-0.223,-1.3414634146,-2.7032520325,-4.5325203252,1,1,0.6501457726,0.04,1,0,6,163.229,PREVIOUS_DAY_LOW,0.17,3.4552,163.91,163.229,163.91,163.229,163.697,163.631,1785402900000,BULLISH,1,0.0185,0.0735,163.743,163.456,1785402000000,BULLISH,1,0.0996,0.104,163.743,163.456,1785398400000,NEUTRAL,0,0.0798,0.1407,163.91,163.209
21176,1785404700000,2026-07-30T09:45:00Z,2026-07-30T10:45:00+01:00,true,USDJPY,5,LONDON_MID,LONDON_MID,163.4,163.415,163.289,163.304,1296,BEARISH,0.126,0.096,0.7619047619,0.015,0.015,0.119047619,0.119047619,0.119047619,0.0547,1.7550274223,2.3034734918,-0.142,-0.196,-0.33,-2.5959780622,-3.5831809872,-6.0329067642,1,1,0.7746478873,0.028,0.7,0,7,163.229,PREVIOUS_DAY_LOW,0.075,1.3714,163.91,163.229,163.91,163.229,163.697,163.631,1785403800000,BULLISH,1,0.0984,0.0764,163.743,163.456,1785402000000,BULLISH,1,0.0996,0.104,163.743,163.456,1785398400000,NEUTRAL,0,0.0798,0.1407,163.91,163.209
21177,1785405000000,2026-07-30T09:50:00Z,2026-07-30T10:50:00+01:00,true,USDJPY,5,LONDON_MID,LONDON_MID,163.303,163.358,163.289,163.34,1872,BULLISH,0.069,0.037,0.5362318841,0.018,0.014,0.2608695652,0.2028985507,0.7391304348,0.0557,0.6642728905,1.2387791741,-0.079,-0.146,-0.312,-1.4183123878,-2.6211849192,-5.6014362657,0.5231788079,0.6697247706,0.7027027027,0.069,1,1,0,163.229,PREVIOUS_DAY_LOW,0.111,1.9925,163.91,163.229,163.91,163.229,163.697,163.631,1785403800000,BULLISH,1,0.0984,0.0764,163.743,163.456,1785402000000,BULLISH,1,0.0996,0.104,163.743,163.456,1785398400000,NEUTRAL,0,0.0798,0.1407,163.91,163.209
21178,1785405300000,2026-07-30T09:55:00Z,2026-07-30T10:55:00+01:00,true,USDJPY,5,LONDON_MID,LONDON_MID,163.341,163.343,163.277,163.307,1501,BEARISH,0.066,0.034,0.5151515152,0.002,0.03,0.0303030303,0.4545454545,0.4545454545,0.0564,0.6028368794,1.170212766,-0.092,-0.158,-0.345,-1.6312056738,-2.8014184397,-6.1170212766,0.5609756098,0.6869565217,0.7232704403,0.054,0.8181818182,0,1,163.229,PREVIOUS_DAY_LOW,0.078,1.3819,163.91,163.229,163.91,163.229,163.697,163.631,1785403800000,BULLISH,1,0.0984,0.0764,163.743,163.456,1785402000000,BULLISH,1,0.0996,0.104,163.743,163.456,1785398400000,NEUTRAL,0,0.0798,0.1407,163.91,163.209
21179,1785405600000,2026-07-30T10:00:00Z,2026-07-30T11:00:00+01:00,true,USDJPY,5,LONDON_MID,LONDON_MID,163.306,163.315,163.251,163.303,2262,BEARISH,0.064,0.003,0.046875,0.009,0.052,0.140625,0.8125,0.8125,0.057,0.0526315789,1.1228070175,-0.001,-0.143,-0.28,-0.0175438596,-2.5087719298,-4.9122807018,0.0136986301,0.6651162791,0.6796116505,0.038,0.59375,0,2,163.229,PREVIOUS_DAY_LOW,0.074,1.2986,163.91,163.229,163.91,163.229,163.697,163.631,1785404700000,BULLISH,1,0.2035,0.0808,163.743,163.456,1785403800000,BULLISH,1,0,0.112,163.743,163.456,1785402000000,BEARISH,-1,0.2113,0.1575,163.743,163.209
21180,1785405900000,2026-07-30T10:05:00Z,2026-07-30T11:05:00+01:00,true,USDJPY,5,LONDON_MID,LONDON_MID,163.302,163.313,163.193,163.217,2127,BEARISH,0.12,0.085,0.7083333333,0.011,0.024,0.0916666667,0.2,0.2,0.0615,1.3821138211,1.9512195122,-0.123,-0.202,-0.285,-2,-3.2845528455,-4.6341463415,1,0.7372262774,0.6834532374,0.062,0.96875,0,3,163.229,PREVIOUS_DAY_LOW,0.012,0.1952,163.91,163.229,163.91,163.229,163.697,163.631,1785404700000,BULLISH,1,0.2035,0.0808,163.743,163.456,1785403800000,BULLISH,1,0,0.112,163.743,163.456,1785402000000,BEARISH,-1,0.2113,0.1575,163.743,163.209
21181,1785406200000,2026-07-30T10:10:00Z,2026-07-30T11:10:00+01:00,true,USDJPY,5,LONDON_MID,LONDON_MID,163.216,163.217,162.919,162.987,3989,BEARISH,0.298,0.229,0.7684563758,0.001,0.068,0.0033557047,0.2281879195,0.2281879195,0.0784,2.9209183673,3.8010204082,-0.32,-0.412,-0.545,-4.0816326531,-5.2551020408,-6.9515306122,1,0.8512396694,0.8833063209,0.024,0.2,0,4,163.229,PREVIOUS_DAY_LOW,0.242,3.0876,163.91,163.229,163.91,163.229,163.697,163.631,1785404700000,BULLISH,1,0.2035,0.0808,163.743,163.456,1785403800000,BULLISH,1,0,0.112,163.743,163.456,1785402000000,BEARISH,-1,0.2113,0.1575,163.743,163.209
21182,1785406500000,2026-07-30T10:15:00Z,2026-07-30T11:15:00+01:00,true,USDJPY,5,LONDON_MID,LONDON_MID,162.984,162.994,162.288,162.865,4602,BEARISH,0.706,0.119,0.1685552408,0.01,0.577,0.0141643059,0.8172804533,0.8172804533,0.1232,0.9659090909,5.7305194805,-0.438,-0.439,-0.635,-3.5551948052,-3.5633116883,-5.1542207792,1,0.8590998043,0.8981612447,0.075,0.2516778523,0,5,163.229,PREVIOUS_DAY_LOW,0.364,2.9543,163.91,163.229,163.91,163.229,163.697,163.631,1785405600000,BULLISH,1,0.3985,0.1034,163.743,163.456,1785403800000,BULLISH,1,0,0.112,163.743,163.456,1785402000000,BEARISH,-1,0.2113,0.1575,163.743,163.209
21183,1785406800000,2026-07-30T10:20:00Z,2026-07-30T11:20:00+01:00,true,USDJPY,5,LONDON_MID,LONDON_MID,162.862,162.971,162.822,162.827,4385,BEARISH,0.149,0.035,0.2348993289,0.109,0.005,0.7315436242,0.033557047,0.033557047,0.1251,0.2797761791,1.1910471623,-0.39,-0.513,-0.659,-3.1175059952,-4.1007194245,-5.2677857714,1,1,0.901504788,0.149,1,0,6,163.229,PREVIOUS_DAY_LOW,0.402,3.2147,163.91,163.229,163.91,163.229,163.697,163.631,1785405600000,BULLISH,1,0.3985,0.1034,163.743,163.456,1785403800000,BULLISH,1,0,0.112,163.743,163.456,1785402000000,BEARISH,-1,0.2113,0.1575,163.743,163.209
21184,1785407100000,2026-07-30T10:25:00Z,2026-07-30T11:25:00+01:00,true,USDJPY,5,LONDON_MID,LONDON_MID,162.826,162.874,162.644,162.871,3320,BULLISH,0.23,0.045,0.1956521739,0.003,0.182,0.0130434783,0.7913043478,0.9869565217,0.1325,0.3396226415,1.7358490566,-0.116,-0.436,-0.594,-0.8754716981,-3.2905660377,-4.4830188679,0.568627451,0.8320610687,0.7877984085,0.052,0.3489932886,1,0,163.229,PREVIOUS_DAY_LOW,0.358,2.7009,163.91,163.229,163.91,163.229,163.697,163.631,1785405600000,BULLISH,1,0.3985,0.1034,163.743,163.456,1785403800000,BULLISH,1,0,0.112,163.743,163.456,1785402000000,BEARISH,-1,0.2113,0.1575,163.743,163.209
21185,1785407400000,2026-07-30T10:30:00Z,2026-07-30T11:30:00+01:00,true,USDJPY,5,LONDON_MID,LONDON_MID,162.869,162.87,162.737,162.814,3392,BEARISH,0.133,0.055,0.4135338346,0.001,0.077,0.007518797,0.5789473684,0.5789473684,0.1327,0.4144687265,1.0022607385,-0.051,-0.489,-0.632,-0.3843255463,-3.6850037679,-4.7626224567,0.3669064748,0.8474870017,0.797979798,0.133,1,0,1,163.229,PREVIOUS_DAY_LOW,0.415,3.1285,163.91,163.229,163.91,163.229,163.697,163.631,1785406500000,BULLISH,1,0.4821,0.1464,163.743,163.456,1785405600000,BULLISH,1,0.4841,0.1774,163.743,163.456,1785402000000,BEARISH,-1,0.2113,0.1575,163.743,163.209
21186,1785407700000,2026-07-30T10:35:00Z,2026-07-30T11:35:00+01:00,true,USDJPY,5,LONDON_MID,LONDON_MID,162.814,162.857,162.791,162.818,2918,BULLISH,0.066,0.004,0.0606060606,0.039,0.023,0.5909090909,0.3484848485,0.4090909091,0.1279,0.0312744332,0.516028147,-0.009,-0.399,-0.601,-0.0703674746,-3.1196247068,-4.6989835809,0.0857142857,0.8060606061,0.7815344603,0.066,1,1,0,163.229,PREVIOUS_DAY_LOW,0.411,3.2137,163.91,163.229,163.91,163.229,163.697,163.631,1785406500000,BULLISH,1,0.4821,0.1464,163.743,163.456,1785405600000,BULLISH,1,0.4841,0.1774,163.743,163.456,1785402000000,BEARISH,-1,0.2113,0.1575,163.743,163.209
21187,1785408000000,2026-07-30T10:40:00Z,2026-07-30T11:40:00+01:00,true,USDJPY,5,LONDON_MID,LONDON_MID,162.817,162.834,162.7,162.735,3470,BEARISH,0.134,0.082,0.6119402985,0.017,0.035,0.1268656716,0.2611940299,0.2611940299,0.1283,0.639127046,1.0444271239,-0.136,-0.252,-0.664,-1.0600155885,-1.9641465316,-5.175370226,0.9444444444,0.724137931,0.7980769231,0.043,0.6515151515,0,1,162.288,CONFIRMED_SWING_LOW,0.447,3.4833,163.91,163.229,163.91,163.229,163.697,163.631,1785406500000,BULLISH,1,0.4821,0.1464,163.743,163.456,1785405600000,BULLISH,1,0.4841,0.1774,163.743,163.456,1785402000000,BEARISH,-1,0.2113,0.1575,163.743,163.209
21188,1785408300000,2026-07-30T10:45:00Z,2026-07-30T11:45:00+01:00,true,USDJPY,5,LONDON_MID,LONDON_MID,162.736,162.795,162.686,162.794,2978,BULLISH,0.109,0.058,0.5321100917,0.001,0.05,0.0091743119,0.4587155963,0.9908256881,0.1269,0.4570527975,0.8589440504,-0.02,-0.071,-0.51,-0.1576044129,-0.5594956659,-4.0189125296,0.1369863014,0.249122807,0.6407035176,0.095,0.871559633,1,0,163.229,PREVIOUS_DAY_LOW,0.435,3.4266,163.91,163.229,163.91,163.229,163.697,163.631,1785407400000,BULLISH,1,0.5447,0.1482,163.743,163.456,1785405600000,BULLISH,1,0.4841,0.1774,163.743,163.456,1785402000000,BEARISH,-1,0.2113,0.1575,163.743,163.209
21189,1785408600000,2026-07-30T10:50:00Z,2026-07-30T11:50:00+01:00,true,USDJPY,5,LONDON_MID,LONDON_MID,162.795,162.861,162.776,162.829,2118,BULLISH,0.085,0.034,0.4,0.032,0.019,0.3764705882,0.2235294118,0.6235294118,0.124,0.2741935484,0.685483871,0.011,0.002,-0.511,0.0887096774,0.0161290323,-4.1209677419,0.0621468927,0.0070921986,0.6427672956,0.019,0.2235294118,2,0,163.229,PREVIOUS_DAY_LOW,0.4,3.2271,163.91,163.229,163.91,163.229,163.697,163.631,1785407400000,BULLISH,1,0.5447,0.1482,163.743,163.456,1785405600000,BULLISH,1,0.4841,0.1774,163.743,163.456,1785402000000,BEARISH,-1,0.2113,0.1575,163.743,163.209
21190,1785408900000,2026-07-30T10:55:00Z,2026-07-30T11:55:00+01:00,true,USDJPY,5,LONDON_MID,LONDON_MID,162.828,162.861,162.812,162.824,1603,BEARISH,0.049,0.004,0.0816326531,0.033,0.012,0.6734693878,0.2448979592,0.2448979592,0.1186,0.0337268128,0.413153457,0.089,-0.047,-0.483,0.7504215852,-0.3962900506,-4.0725126476,0.898989899,0.1934156379,0.629726206,0.049,1,0,1,163.229,PREVIOUS_DAY_LOW,0.405,3.4149,163.91,163.229,163.91,163.229,163.697,163.631,1785407400000,BULLISH,1,0.5447,0.1482,163.743,163.456,1785405600000,BULLISH,1,0.4841,0.1774,163.743,163.456,1785402000000,BEARISH,-1,0.2113,0.1575,163.743,163.209
21191,1785409200000,2026-07-30T11:00:00Z,2026-07-30T12:00:00+01:00,true,USDJPY,5,LONDON_NEW_YORK_OVERLAP,LONDON_NEW_YORK_OVERLAP,162.821,162.84,162.719,162.74,1423,BEARISH,0.121,0.081,0.6694214876,0.019,0.021,0.1570247934,0.173553719,0.173553719,0.1188,0.6818181818,1.0185185185,-0.054,-0.074,-0.563,-0.4545454545,-0.6228956229,-4.7390572391,0.435483871,0.2740740741,0.6646989374,0.028,0.5714285714,0,2,162.686,CONFIRMED_SWING_LOW,0.054,0.4547,163.91,163.229,163.91,163.229,163.697,163.631,1785408300000,NEUTRAL,0,0.4887,0.1501,163.743,162.288,1785407400000,BULLISH,1,0.5034,0.1779,163.743,163.456,1785405600000,BEARISH,-1,0.4325,0.2196,163.743,163.209
21192,1785409500000,2026-07-30T11:05:00Z,2026-07-30T12:05:00+01:00,true,USDJPY,5,LONDON_NEW_YORK_OVERLAP,LONDON_NEW_YORK_OVERLAP,162.739,162.796,162.715,162.764,2608,BULLISH,0.081,0.025,0.3086419753,0.032,0.024,0.3950617284,0.2962962963,0.6049382716,0.1161,0.2153316107,0.6976744186,-0.065,-0.054,-0.453,-0.5598621878,-0.4651162791,-3.9018087855,0.5752212389,0.1862068966,0.5770700637,0.077,0.950617284,1,0,162.686,CONFIRMED_SWING_LOW,0.078,0.672,163.91,163.229,163.91,163.229,163.697,163.631,1785408300000,NEUTRAL,0,0.4887,0.1501,163.743,162.288,1785407400000,BULLISH,1,0.5034,0.1779,163.743,163.456,1785405600000,BEARISH,-1,0.4325,0.2196,163.743,163.209
21193,1785409800000,2026-07-30T11:10:00Z,2026-07-30T12:10:00+01:00,true,USDJPY,5,LONDON_NEW_YORK_OVERLAP,LONDON_NEW_YORK_OVERLAP,162.766,162.833,162.758,162.795,1597,BULLISH,0.075,0.029,0.3866666667,0.038,0.008,0.5066666667,0.1066666667,0.4933333333,0.1131,0.2564102564,0.6631299735,-0.029,0.06,-0.192,-0.2564102564,0.5305039788,-1.6976127321,0.2086330935,0.2521008403,0.3276450512,0.038,0.5066666667,2,0,162.861,CONFIRMED_SWING_HIGH,0.066,0.5834,163.91,163.229,163.91,163.229,163.697,163.631,1785408300000,NEUTRAL,0,0.4887,0.1501,163.743,162.288,1785407400000,BULLISH,1,0.5034,0.1779,163.743,163.456,1785405600000,BEARISH,-1,0.4325,0.2196,163.743,163.209
21194,1785410100000,2026-07-30T11:15:00Z,2026-07-30T12:15:00+01:00,true,USDJPY,5,LONDON_NEW_YORK_OVERLAP,LONDON_NEW_YORK_OVERLAP,162.794,162.828,162.773,162.822,2364,BULLISH,0.055,0.028,0.5090909091,0.006,0.021,0.1090909091,0.3818181818,0.8909090909,0.109,0.2568807339,0.504587156,0.082,0.028,-0.043,0.752293578,0.2568807339,-0.3944954128,1,0.1359223301,0.0875763747,0.055,1,3,0,162.861,CONFIRMED_SWING_HIGH,0.039,0.3578,163.91,163.229,163.91,163.229,163.697,163.631,1785409200000,NEUTRAL,0,0.5625,0.1483,163.743,162.288,1785407400000,BULLISH,1,0.5034,0.1779,163.743,163.456,1785405600000,BEARISH,-1,0.4325,0.2196,163.743,163.209
21195,1785410400000,2026-07-30T11:20:00Z,2026-07-30T12:20:00+01:00,true,USDJPY,5,LONDON_NEW_YORK_OVERLAP,LONDON_NEW_YORK_OVERLAP,162.821,162.93,162.809,162.895,2421,BULLISH,0.121,0.074,0.6115702479,0.035,0.012,0.2892561983,0.0991735537,0.7107438017,0.1098,0.6739526412,1.102003643,0.131,0.066,0.068,1.1930783242,0.6010928962,0.6193078324,1,0.2704918033,0.1292775665,0.019,0.3454545455,4,0,162.861,CONFIRMED_SWING_HIGH,0.034,0.3095,163.91,163.229,163.91,163.229,163.697,163.631,1785409200000,NEUTRAL,0,0.5625,0.1483,163.743,162.288,1785407400000,BULLISH,1,0.5034,0.1779,163.743,163.456,1785405600000,BEARISH,-1,0.4325,0.2196,163.743,163.209
21196,1785410700000,2026-07-30T11:25:00Z,2026-07-30T12:25:00+01:00,true,USDJPY,5,LONDON_NEW_YORK_OVERLAP,LONDON_NEW_YORK_OVERLAP,162.897,162.984,162.883,162.961,2133,BULLISH,0.101,0.064,0.6336633663,0.023,0.014,0.2277227723,0.1386138614,0.7722772277,0.1092,0.5860805861,0.9249084249,0.166,0.137,0.09,1.5201465201,1.2545787546,0.8241758242,1,0.4491803279,0.1642335766,0.047,0.4653465347,5,0,162.861,CONFIRMED_SWING_HIGH,0.1,0.9157,163.91,163.229,163.91,163.229,163.697,163.631,1785409200000,NEUTRAL,0,0.5625,0.1483,163.743,162.288,1785407400000,BULLISH,1,0.5034,0.1779,163.743,163.456,1785405600000,BEARISH,-1,0.4325,0.2196,163.743,163.209
21197,1785411000000,2026-07-30T11:30:00Z,2026-07-30T12:30:00+01:00,true,USDJPY,5,LONDON_NEW_YORK_OVERLAP,LONDON_NEW_YORK_OVERLAP,162.959,163.015,162.931,163.014,2561,BULLISH,0.084,0.055,0.6547619048,0.001,0.028,0.0119047619,0.3333333333,0.9880952381,0.1074,0.5121042831,0.782122905,0.192,0.274,0.2,1.7877094972,2.5512104283,1.8621973929,1,1,0.3676470588,0.053,0.630952381,6,0,162.861,CONFIRMED_SWING_HIGH,0.153,1.4244,163.91,163.229,163.91,163.229,163.697,163.631,1785410100000,NEUTRAL,0,0.401,0.1528,163.743,162.288,1785409200000,NEUTRAL,0,0.3598,0.1844,163.743,162.288,1785405600000,BEARISH,-1,0.4325,0.2196,163.743,163.209
21198,1785411300000,2026-07-30T11:35:00Z,2026-07-30T12:35:00+01:00,true,USDJPY,5,LONDON_NEW_YORK_OVERLAP,LONDON_NEW_YORK_OVERLAP,163.015,163.048,162.973,163.007,2956,BEARISH,0.075,0.008,0.1066666667,0.033,0.034,0.44,0.4533333333,0.4533333333,0.1051,0.0761179829,0.7136060894,0.112,0.243,0.189,1.0656517602,2.3120837298,1.7982873454,0.8888888889,0.9455252918,0.3455210238,0.042,0.56,0,1,162.861,CONFIRMED_SWING_HIGH,0.146,1.3892,163.91,163.229,163.91,163.229,163.697,163.631,1785410100000,NEUTRAL,0,0.401,0.1528,163.743,162.288,1785409200000,NEUTRAL,0,0.3598,0.1844,163.743,162.288,1785405600000,BEARISH,-1,0.4325,0.2196,163.743,163.209
21199,1785411600000,2026-07-30T11:40:00Z,2026-07-30T12:40:00+01:00,true,USDJPY,5,LONDON_NEW_YORK_OVERLAP,LONDON_NEW_YORK_OVERLAP,163.007,163.033,162.977,162.982,2079,BEARISH,0.056,0.025,0.4464285714,0.026,0.005,0.4642857143,0.0892857143,0.0892857143,0.1016,0.2460629921,0.5511811024,0.021,0.187,0.247,0.2066929134,1.8405511811,2.4311023622,0.2470588235,0.7450199203,0.5051124744,0.056,1,0,2,162.861,CONFIRMED_SWING_HIGH,0.121,1.1911,163.91,163.229,163.91,163.229,163.697,163.631,1785410100000,NEUTRAL,0,0.401,0.1528,163.743,162.288,1785409200000,NEUTRAL,0,0.3598,0.1844,163.743,162.288,1785405600000,BEARISH,-1,0.4325,0.2196,163.743,163.209
21200,1785411900000,2026-07-30T11:45:00Z,2026-07-30T12:45:00+01:00,true,USDJPY,5,LONDON_NEW_YORK_OVERLAP,LONDON_NEW_YORK_OVERLAP,162.983,162.987,162.918,162.923,1817,BEARISH,0.069,0.06,0.8695652174,0.004,0.005,0.0579710145,0.0724637681,0.0724637681,0.0993,0.6042296073,0.6948640483,-0.091,0.101,0.129,-0.9164149043,1.0171198389,1.2990936556,1,0.3568904594,0.263803681,0.01,0.1785714286,0,3,162.861,CONFIRMED_SWING_HIGH,0.062,0.6246,163.91,163.229,163.91,163.229,163.697,163.631,1785411000000,NEUTRAL,0,0.3755,0.1502,163.743,162.288,1785409200000,NEUTRAL,0,0.3598,0.1844,163.743,162.288,1785405600000,BEARISH,-1,0.4325,0.2196,163.743,163.209
21201,1785412200000,2026-07-30T11:50:00Z,2026-07-30T12:50:00+01:00,true,USDJPY,5,LONDON_NEW_YORK_OVERLAP,LONDON_NEW_YORK_OVERLAP,162.922,162.969,162.887,162.926,3200,BULLISH,0.082,0.004,0.0487804878,0.043,0.035,0.5243902439,0.4268292683,0.4756097561,0.098,0.0408163265,0.8367346939,-0.081,0.031,0.097,-0.8265306122,0.3163265306,0.9897959184,0.9310344828,0.1455399061,0.2122538293,0.051,0.7391304348,1,0,163.048,CONFIRMED_SWING_HIGH,0.122,1.2445,163.91,163.229,163.91,163.229,163.697,163.631,1785411000000,NEUTRAL,0,0.3755,0.1502,163.743,162.288,1785409200000,NEUTRAL,0,0.3598,0.1844,163.743,162.288,1785405600000,BEARISH,-1,0.4325,0.2196,163.743,163.209
21202,1785412500000,2026-07-30T11:55:00Z,2026-07-30T12:55:00+01:00,true,USDJPY,5,LONDON_NEW_YORK_OVERLAP,LONDON_NEW_YORK_OVERLAP,162.927,162.939,162.878,162.892,1521,BEARISH,0.061,0.035,0.5737704918,0.012,0.014,0.1967213115,0.2295081967,0.2295081967,0.0954,0.3668763103,0.6394129979,-0.09,-0.069,0.068,-0.9433962264,-0.7232704403,0.71278826,0.9375,0.3812154696,0.1399176955,0.052,0.8524590164,0,1,163.048,CONFIRMED_SWING_HIGH,0.156,1.6355,163.91,163.229,163.91,163.229,163.697,163.631,1785411000000,NEUTRAL,0,0.3755,0.1502,163.743,162.288,1785409200000,NEUTRAL,0,0.3598,0.1844,163.743,162.288,1785405600000,BEARISH,-1,0.4325,0.2196,163.743,163.209
21203,1785412800000,2026-07-30T12:00:00Z,2026-07-30T13:00:00+01:00,true,USDJPY,5,LONDON_NEW_YORK_OVERLAP,LONDON_NEW_YORK_OVERLAP,162.894,162.928,162.87,162.905,1944,BULLISH,0.058,0.011,0.1896551724,0.023,0.024,0.3965517241,0.4137931034,0.6034482759,0.0927,0.1186623517,0.6256742179,-0.018,-0.109,0.165,-0.1941747573,-1.1758360302,1.7799352751,0.36,0.7730496454,0.3975903614,0.05,0.8620689655,1,0,163.048,CONFIRMED_SWING_HIGH,0.143,1.5424,163.91,163.229,163.91,163.229,163.697,163.631,1785411900000,NEUTRAL,0,0.4589,0.1473,163.743,162.288,1785411000000,NEUTRAL,0,0.4024,0.1834,163.743,162.288,1785409200000,BEARISH,-1,0.3866,0.2277,163.743,163.209
21204,1785413100000,2026-07-30T12:05:00Z,2026-07-30T13:05:00+01:00,true,USDJPY,5,LONDON_NEW_YORK_OVERLAP,LONDON_NEW_YORK_OVERLAP,162.904,162.948,162.891,162.948,2102,BULLISH,0.057,0.044,0.7719298246,0,0.013,0,0.2280701754,1,0.0902,0.487804878,0.6319290466,0.022,-0.059,0.184,0.243902439,-0.6541019956,2.0399113082,0.2444444444,0.3333333333,0.4239631336,0.037,0.649122807,2,0,163.048,CONFIRMED_SWING_HIGH,0.1,1.1091,163.91,163.229,163.91,163.229,163.697,163.631,1785411900000,NEUTRAL,0,0.4589,0.1473,163.743,162.288,1785411000000,NEUTRAL,0,0.4024,0.1834,163.743,162.288,1785409200000,BEARISH,-1,0.3866,0.2277,163.743,163.209
21205,1785413400000,2026-07-30T12:10:00Z,2026-07-30T13:10:00+01:00,true,USDJPY,5,LONDON_NEW_YORK_OVERLAP,LONDON_NEW_YORK_OVERLAP,162.947,162.949,162.851,162.877,2962,BEARISH,0.098,0.07,0.7142857143,0.002,0.026,0.0204081633,0.2653061224,0.2653061224,0.0907,0.7717750827,1.0804851158,-0.015,-0.105,0.082,-0.1653803749,-1.157662624,0.9040793826,0.1181102362,0.4708520179,0.1729957806,0.057,1,0,1,162.715,CONFIRMED_SWING_LOW,0.162,1.7857,163.91,163.229,163.91,163.229,163.697,163.631,1785411900000,NEUTRAL,0,0.4589,0.1473,163.743,162.288,1785411000000,NEUTRAL,0,0.4024,0.1834,163.743,162.288,1785409200000,BEARISH,-1,0.3866,0.2277,163.743,163.209
21206,1785413700000,2026-07-30T12:15:00Z,2026-07-30T13:15:00+01:00,true,USDJPY,5,LONDON_NEW_YORK_OVERLAP,LONDON_NEW_YORK_OVERLAP,162.878,162.94,162.876,162.908,1968,BULLISH,0.064,0.03,0.46875,0.032,0.002,0.5,0.03125,0.5,0.0888,0.3378378378,0.7207207207,0.003,-0.015,0.086,0.0337837838,-0.1689189189,0.9684684685,0.0206896552,0.0769230769,0.179916318,0.064,1,1,0,163.048,CONFIRMED_SWING_HIGH,0.14,1.5763,163.91,163.229,163.91,163.229,163.697,163.631,1785412800000,BEARISH,-1,0.4512,0.1437,163.048,162.288,1785411000000,NEUTRAL,0,0.4024,0.1834,163.743,162.288,1785409200000,BEARISH,-1,0.3866,0.2277,163.743,163.209
21207,1785414000000,2026-07-30T12:20:00Z,2026-07-30T13:20:00+01:00,true,USDJPY,5,LONDON_NEW_YORK_OVERLAP,LONDON_NEW_YORK_OVERLAP,162.907,162.921,162.873,162.898,2303,BEARISH,0.048,0.009,0.1875,0.014,0.025,0.2916666667,0.5208333333,0.5208333333,0.0859,0.1047729919,0.5587892899,-0.05,-0.028,0.003,-0.582072177,-0.3259604191,0.0349243306,0.4464285714,0.1386138614,0.0072289157,0.045,0.9375,0,1,163.048,CONFIRMED_SWING_HIGH,0.15,1.7463,163.91,163.229,163.91,163.229,163.697,163.631,1785412800000,BEARISH,-1,0.4512,0.1437,163.048,162.288,1785411000000,NEUTRAL,0,0.4024,0.1834,163.743,162.288,1785409200000,BEARISH,-1,0.3866,0.2277,163.743,163.209
21208,1785414300000,2026-07-30T12:25:00Z,2026-07-30T13:25:00+01:00,true,USDJPY,5,LONDON_NEW_YORK_OVERLAP,LONDON_NEW_YORK_OVERLAP,162.897,162.906,162.865,162.893,1388,BEARISH,0.041,0.004,0.0975609756,0.009,0.028,0.2195121951,0.6829268293,0.6829268293,0.0827,0.0483675937,0.4957678356,0.016,0.001,-0.068,0.1934703748,0.0120918984,-0.8222490931,0.347826087,0.0057803468,0.1920903955,0.033,0.8048780488,0,2,162.851,CONFIRMED_SWING_LOW,0.042,0.5079,163.91,163.229,163.91,163.229,163.697,163.631,1785412800000,BEARISH,-1,0.4512,0.1437,163.048,162.288,1785411000000,NEUTRAL,0,0.4024,0.1834,163.743,162.288,1785409200000,BEARISH,-1,0.3866,0.2277,163.743,163.209
21209,1785414600000,2026-07-30T12:30:00Z,2026-07-30T13:30:00+01:00,true,USDJPY,5,LONDON_NEW_YORK_OVERLAP,LONDON_NEW_YORK_OVERLAP,162.895,162.936,162.777,162.871,2727,BEARISH,0.159,0.024,0.1509433962,0.041,0.094,0.2578616352,0.5911949686,0.5911949686,0.0881,0.2724177072,1.8047673099,-0.037,-0.034,-0.143,-0.4199772985,-0.3859250851,-1.6231555051,1,0.1868131868,0.4427244582,0.041,1,0,3,162.851,CONFIRMED_SWING_LOW,0.02,0.2269,163.91,163.229,163.91,163.229,163.697,163.631,1785413700000,BEARISH,-1,0.4797,0.1388,163.048,162.288,1785412800000,NEUTRAL,0,0.3967,0.1773,163.743,162.288,1785409200000,BEARISH,-1,0.3866,0.2277,163.743,163.209
21210,1785414900000,2026-07-30T12:35:00Z,2026-07-30T13:35:00+01:00,true,USDJPY,5,LONDON_NEW_YORK_OVERLAP,LONDON_NEW_YORK_OVERLAP,162.87,162.893,162.768,162.781,4248,BEARISH,0.125,0.089,0.712,0.023,0.013,0.184,0.104,0.104,0.0908,0.9801762115,1.3766519824,-0.117,-0.167,-0.226,-1.2885462555,-1.8392070485,-2.4889867841,1,0.7292576419,0.5566502463,0.116,0.928,0,4,162.851,CONFIRMED_SWING_LOW,0.07,0.7711,163.91,163.229,163.91,163.229,163.697,163.631,1785413700000,BEARISH,-1,0.4797,0.1388,163.048,162.288,1785412800000,NEUTRAL,0,0.3967,0.1773,163.743,162.288,1785409200000,BEARISH,-1,0.3866,0.2277,163.743,163.209
21211,1785415200000,2026-07-30T12:40:00Z,2026-07-30T13:40:00+01:00,true,USDJPY,5,LONDON_NEW_YORK_OVERLAP,LONDON_NEW_YORK_OVERLAP,162.782,162.837,162.701,162.716,3639,BEARISH,0.136,0.066,0.4852941176,0.055,0.015,0.4044117647,0.1102941176,0.1102941176,0.094,0.7021276596,1.4468085106,-0.177,-0.161,-0.266,-1.8829787234,-1.7127659574,-2.829787234,1,0.7219730942,0.5964125561,0.069,0.552,0,5,162.851,CONFIRMED_SWING_LOW,0.135,1.4361,163.91,163.229,163.91,163.229,163.697,163.631,1785413700000,BEARISH,-1,0.4797,0.1388,163.048,162.288,1785412800000,NEUTRAL,0,0.3967,0.1773,163.743,162.288,1785409200000,BEARISH,-1,0.3866,0.2277,163.743,163.209
21212,1785415500000,2026-07-30T12:45:00Z,2026-07-30T13:45:00+01:00,true,USDJPY,5,LONDON_NEW_YORK_OVERLAP,LONDON_NEW_YORK_OVERLAP,162.715,162.82,162.688,162.797,3686,BULLISH,0.132,0.082,0.6212121212,0.023,0.027,0.1742424242,0.2045454545,0.8257575758,0.0967,0.847983454,1.3650465357,-0.074,-0.111,-0.126,-0.7652533609,-1.1478800414,-1.3029989659,0.313559322,0.4065934066,0.2692307692,0.119,0.9015151515,1,0,162.851,CONFIRMED_SWING_LOW,0.054,0.5583,163.91,163.229,163.91,163.229,163.697,163.631,1785414600000,BEARISH,-1,0.5772,0.1457,163.048,162.288,1785412800000,NEUTRAL,0,0.3967,0.1773,163.743,162.288,1785409200000,BEARISH,-1,0.3866,0.2277,163.743,163.209
21213,1785415800000,2026-07-30T12:50:00Z,2026-07-30T13:50:00+01:00,true,USDJPY,5,LONDON_NEW_YORK_OVERLAP,LONDON_NEW_YORK_OVERLAP,162.797,162.923,162.784,162.901,3370,BULLISH,0.139,0.104,0.7482014388,0.022,0.013,0.1582733813,0.0935251799,0.8417266187,0.0997,1.0431293882,1.3941825476,0.12,0.003,-0.025,1.2036108325,0.0300902708,-0.2507522568,0.48,0.0081743869,0.0439367311,0.036,0.2727272727,2,0,162.949,CONFIRMED_SWING_HIGH,0.048,0.4813,163.91,163.229,163.91,163.229,163.697,163.631,1785414600000,BEARISH,-1,0.5772,0.1457,163.048,162.288,1785412800000,NEUTRAL,0,0.3967,0.1773,163.743,162.288,1785409200000,BEARISH,-1,0.3866,0.2277,163.743,163.209
21214,1785416100000,2026-07-30T12:55:00Z,2026-07-30T13:55:00+01:00,true,USDJPY,5,LONDON_NEW_YORK_OVERLAP,LONDON_NEW_YORK_OVERLAP,162.902,162.962,162.884,162.96,2016,BULLISH,0.078,0.058,0.7435897436,0.002,0.018,0.0256410256,0.2307692308,0.9743589744,0.0982,0.5906313646,0.7942973523,0.244,0.067,0.068,2.4847250509,0.6822810591,0.6924643585,1,0.1591448931,0.1144781145,0.039,0.5,3,0,162.949,CONFIRMED_SWING_HIGH,0.011,0.112,163.91,163.229,163.91,163.229,163.697,163.631,1785414600000,BEARISH,-1,0.5772,0.1457,163.048,162.288,1785412800000,NEUTRAL,0,0.3967,0.1773,163.743,162.288,1785409200000,BEARISH,-1,0.3866,0.2277,163.743,163.209
21215,1785416400000,2026-07-30T13:00:00Z,2026-07-30T14:00:00+01:00,true,USDJPY,5,LONDON_NEW_YORK_OVERLAP,LONDON_NEW_YORK_OVERLAP,162.952,162.964,162.903,162.921,2095,BEARISH,0.061,0.031,0.5081967213,0.012,0.018,0.1967213115,0.2950819672,0.2950819672,0.0955,0.3246073298,0.6387434555,0.124,0.05,0.016,1.2984293194,0.5235602094,0.167539267,0.6138613861,0.1141552511,0.0258064516,0.059,0.9672131148,0,1,162.949,CONFIRMED_SWING_HIGH,0.028,0.2931,163.91,163.229,163.91,163.229,163.697,163.631,1785415500000,BEARISH,-1,0.4019,0.1549,163.048,162.288,1785414600000,NEUTRAL,0,0.3363,0.1842,163.743,162.288,1785412800000,BEARISH,-1,0.3691,0.231,163.743,162.288
21216,1785416700000,2026-07-30T13:05:00Z,2026-07-30T14:05:00+01:00,true,USDJPY,5,LONDON_NEW_YORK_OVERLAP,LONDON_NEW_YORK_OVERLAP,162.92,162.926,162.845,162.915,2444,BEARISH,0.081,0.005,0.0617283951,0.006,0.07,0.0740740741,0.8641975309,0.8641975309,0.0945,0.0529100529,0.8571428571,0.014,0.134,-0.033,0.1481481481,1.417989418,-0.3492063492,0.1346153846,0.3785310734,0.0566037736,0.023,0.3770491803,0,2,162.949,CONFIRMED_SWING_HIGH,0.034,0.3598,163.91,163.229,163.91,163.229,163.697,163.631,1785415500000,BEARISH,-1,0.4019,0.1549,163.048,162.288,1785414600000,NEUTRAL,0,0.3363,0.1842,163.743,162.288,1785412800000,BEARISH,-1,0.3691,0.231,163.743,162.288
21217,1785417000000,2026-07-30T13:10:00Z,2026-07-30T14:10:00+01:00,true,USDJPY,5,LONDON_NEW_YORK_OVERLAP,LONDON_NEW_YORK_OVERLAP,162.914,162.936,162.848,162.879,3871,BEARISH,0.088,0.035,0.3977272727,0.022,0.031,0.25,0.3522727273,0.3522727273,0.094,0.3723404255,0.9361702128,-0.081,0.163,0.002,-0.8617021277,1.7340425532,0.0212765957,1,0.5015384615,0.003649635,0.078,0.962962963,0,3,162.949,CONFIRMED_SWING_HIGH,0.07,0.7445,163.91,163.229,163.91,163.229,163.697,163.631,1785415500000,BEARISH,-1,0.4019,0.1549,163.048,162.288,1785414600000,NEUTRAL,0,0.3363,0.1842,163.743,162.288,1785412800000,BEARISH,-1,0.3691,0.231,163.743,162.288
21218,1785417300000,2026-07-30T13:15:00Z,2026-07-30T14:15:00+01:00,true,USDJPY,5,LONDON_NEW_YORK_OVERLAP,LONDON_NEW_YORK_OVERLAP,162.88,162.907,162.864,162.869,3246,BEARISH,0.043,0.011,0.2558139535,0.027,0.005,0.6279069767,0.1162790698,0.1162790698,0.0904,0.1216814159,0.4756637168,-0.052,0.072,-0.039,-0.5752212389,0.796460177,-0.4314159292,1,0.2834645669,0.0740037951,0.043,1,0,4,162.964,CONFIRMED_SWING_HIGH,0.095,1.0511,163.91,163.229,163.91,163.229,163.697,163.631,1785416400000,BEARISH,-1,0.4009,0.1523,163.048,162.288,1785414600000,NEUTRAL,0,0.3363,0.1842,163.743,162.288,1785412800000,BEARISH,-1,0.3691,0.231,163.743,162.288
21219,1785417600000,2026-07-30T13:20:00Z,2026-07-30T14:20:00+01:00,true,USDJPY,5,LONDON_NEW_YORK_OVERLAP,LONDON_NEW_YORK_OVERLAP,162.87,162.883,162.747,162.748,2465,BEARISH,0.136,0.122,0.8970588235,0.013,0.001,0.0955882353,0.0073529412,0.0073529412,0.0936,1.3034188034,1.452991453,-0.167,-0.153,-0.15,-1.7841880342,-1.6346153846,-1.6025641026,1,0.5645756458,0.2351097179,0.019,0.4418604651,0,5,162.688,CONFIRMED_SWING_LOW,0.06,0.6407,163.91,163.229,163.91,163.229,163.697,163.631,1785416400000,BEARISH,-1,0.4009,0.1523,163.048,162.288,1785414600000,NEUTRAL,0,0.3363,0.1842,163.743,162.288,1785412800000,BEARISH,-1,0.3691,0.231,163.743,162.288
21220,1785417900000,2026-07-30T13:25:00Z,2026-07-30T14:25:00+01:00,true,USDJPY,5,LONDON_NEW_YORK_OVERLAP,LONDON_NEW_YORK_OVERLAP,162.747,162.813,162.706,162.78,2598,BULLISH,0.107,0.033,0.308411215,0.033,0.041,0.308411215,0.3831775701,0.691588785,0.0946,0.3488372093,1.1310782241,-0.099,-0.18,-0.113,-1.0465116279,-1.9027484144,-1.1945031712,0.6073619632,0.737704918,0.169924812,0.066,0.6168224299,1,0,162.688,CONFIRMED_SWING_LOW,0.092,0.9726,163.91,163.229,163.91,163.229,163.697,163.631,1785416400000,BEARISH,-1,0.4009,0.1523,163.048,162.288,1785414600000,NEUTRAL,0,0.3363,0.1842,163.743,162.288,1785412800000,BEARISH,-1,0.3691,0.231,163.743,162.288
21221,1785418200000,2026-07-30T13:30:00Z,2026-07-30T14:30:00+01:00,true,USDJPY,5,LONDON_NEW_YORK_OVERLAP,LONDON_NEW_YORK_OVERLAP,162.778,162.817,162.731,162.799,1821,BULLISH,0.086,0.021,0.2441860465,0.018,0.047,0.2093023256,0.5465116279,0.7906976744,0.094,0.2234042553,0.914893617,-0.07,-0.122,-0.072,-0.7446808511,-1.2978723404,-0.7659574468,0.4069767442,0.5446428571,0.1087613293,0.082,0.9534883721,2,0,162.688,CONFIRMED_SWING_LOW,0.111,1.1811,163.91,163.229,163.91,163.229,163.697,163.631,1785417300000,NEUTRAL,0,0.4215,0.1558,163.048,162.688,1785416400000,NEUTRAL,0,0.4274,0.1895,163.743,162.288,1785412800000,BEARISH,-1,0.3691,0.231,163.743,162.288
21222,1785418500000,2026-07-30T13:35:00Z,2026-07-30T14:35:00+01:00,true,USDJPY,5,LONDON_NEW_YORK_OVERLAP,LONDON_NEW_YORK_OVERLAP,162.798,162.811,160.786,161.07,5914,BEARISH,2.025,1.728,0.8533333333,0.013,0.284,0.0064197531,0.1402469136,0.1402469136,0.2319,7.4514877102,8.7322121604,-1.678,-1.845,-1.711,-7.2358775334,-7.9560155239,-7.3781802501,0.9426966292,0.9476117103,0.7435897436,0.08,0.9302325581,0,1,162.688,CONFIRMED_SWING_LOW,1.618,6.9768,163.91,163.229,163.91,163.229,163.697,163.631,1785417300000,BEARISH,-1,0.4215,0.1558,163.048,162.288,1785416400000,NEUTRAL,0,0.4274,0.1895,163.743,162.288,1785412800000,BEARISH,-1,0.3691,0.231,163.743,163.209
21223,1785418800000,2026-07-30T13:40:00Z,2026-07-30T14:40:00+01:00,true,USDJPY,5,LONDON_NEW_YORK_OVERLAP,LONDON_NEW_YORK_OVERLAP,161.076,161.475,160.263,160.609,6258,BEARISH,1.212,0.467,0.3853135314,0.399,0.346,0.3292079208,0.2854785479,0.2854785479,0.3019,1.5468698244,4.0145743624,-2.171,-2.27,-2.107,-7.1911228884,-7.5190460417,-6.979132163,0.982797646,0.9569983137,0.7812384131,0.689,0.5684818482,0,2,162.688,CONFIRMED_SWING_LOW,2.079,6.886,163.91,163.229,163.91,163.229,163.697,163.631,1785417300000,BEARISH,-1,0.4215,0.1558,163.048,162.288,1785416400000,NEUTRAL,0,0.4274,0.1895,163.743,162.288,1785412800000,BEARISH,-1,0.3691,0.231,163.743,163.209
21224,1785419100000,2026-07-30T13:45:00Z,2026-07-30T14:45:00+01:00,true,USDJPY,5,LONDON_NEW_YORK_OVERLAP,LONDON_NEW_YORK_OVERLAP,160.601,160.979,160.429,160.835,5181,BULLISH,0.55,0.234,0.4254545455,0.144,0.172,0.2618181818,0.3127272727,0.7381818182,0.3196,0.7321652065,1.7209011264,-1.964,-2.034,-1.962,-6.1451814768,-6.3642052566,-6.1389236546,0.8129139073,0.785935085,0.6903589022,0.55,1,1,0,162.688,CONFIRMED_SWING_LOW,1.853,5.7972,163.91,163.229,163.91,163.229,163.697,163.631,1785418200000,BEARISH,-1,0.7269,0.3271,162.964,162.288,1785416400000,NEUTRAL,0,0.4274,0.1895,163.743,162.288,1785412800000,BEARISH,-1,0.3691,0.231,163.743,163.209
21225,1785419400000,2026-07-30T13:50:00Z,2026-07-30T14:50:00+01:00,true,USDJPY,5,LONDON_NEW_YORK_OVERLAP,LONDON_NEW_YORK_OVERLAP,160.834,161.194,160.1,160.14,5973,BEARISH,1.094,0.694,0.634369287,0.36,0.04,0.3290676417,0.0365630713,0.0365630713,0.3749,1.8511603094,2.9181114964,-0.93,-2.608,-2.761,-2.4806615097,-6.9565217391,-7.3646305682,0.6729377713,0.8247944339,0.8042528401,0.55,1,0,1,162.688,CONFIRMED_SWING_LOW,2.548,6.7956,163.91,163.229,163.91,163.229,163.697,163.631,1785418200000,BEARISH,-1,0.7269,0.3271,162.964,162.288,1785416400000,NEUTRAL,0,0.4274,0.1895,163.743,162.288,1785412800000,BEARISH,-1,0.3691,0.231,163.743,163.209
21226,1785419700000,2026-07-30T13:55:00Z,2026-07-30T14:55:00+01:00,true,USDJPY,5,LONDON_NEW_YORK_OVERLAP,LONDON_NEW_YORK_OVERLAP,160.141,160.277,159.737,159.74,5895,BEARISH,0.54,0.401,0.7425925926,0.136,0.003,0.2518518519,0.0055555556,0.0055555556,0.3867,1.0369795707,1.3964313421,-0.869,-3.04,-3.22,-2.2472200672,-7.8613912594,-8.3268683734,0.6578349735,0.8611898017,0.8532061473,0.177,0.3277777778,0,2,162.688,CONFIRMED_SWING_LOW,2.948,7.6227,163.91,163.229,163.91,163.229,163.697,163.631,1785418200000,BEARISH,-1,0.7269,0.3271,162.964,162.288,1785416400000,NEUTRAL,0,0.4274,0.1895,163.743,162.288,1785412800000,BEARISH,-1,0.3691,0.231,163.743,163.209
21227,1785420000000,2026-07-30T14:00:00Z,2026-07-30T15:00:00+01:00,true,USDJPY,5,LONDON_NEW_YORK_OVERLAP,LONDON_NEW_YORK_OVERLAP,159.734,159.839,159.197,159.24,4694,BEARISH,0.642,0.494,0.769470405,0.105,0.043,0.1635514019,0.0669781931,0.0669781931,0.405,1.2197530864,1.5851851852,-1.595,-3.559,-3.681,-3.9382716049,-8.787654321,-9.0888888889,1,0.8873098978,0.8691853601,0.102,0.1888888889,0,3,162.688,CONFIRMED_SWING_LOW,3.448,8.5142,163.91,163.229,163.91,163.229,163.697,163.631,1785419100000,BEARISH,-1,0.7849,0.4078,162.964,162.288,1785418200000,NEUTRAL,0,0.7923,0.3959,163.743,162.288,1785416400000,BEARISH,-1,0.7178,0.445,163.743,163.209
21228,1785420300000,2026-07-30T14:05:00Z,2026-07-30T15:05:00+01:00,true,USDJPY,5,LONDON_NEW_YORK_OVERLAP,LONDON_NEW_YORK_OVERLAP,159.23,159.962,159.004,159.194,5756,BEARISH,0.958,0.036,0.0375782881,0.732,0.19,0.764091858,0.1983298539,0.1983298539,0.4445,0.0809898763,2.1552305962,-0.946,-1.876,-3.721,-2.1282339708,-4.2204724409,-8.3712035996,1,0.8058419244,0.8704093567,0.642,1,0,4,162.688,CONFIRMED_SWING_LOW,3.494,7.861,163.91,163.229,163.91,163.229,163.697,163.631,1785419100000,BEARISH,-1,0.7849,0.4078,162.964,162.288,1785418200000,NEUTRAL,0,0.7923,0.3959,163.743,162.288,1785416400000,BEARISH,-1,0.7178,0.445,163.743,163.209
21229,1785420600000,2026-07-30T14:10:00Z,2026-07-30T15:10:00+01:00,true,USDJPY,5,LONDON_NEW_YORK_OVERLAP,LONDON_NEW_YORK_OVERLAP,159.197,159.364,158.794,158.872,6766,BEARISH,0.57,0.325,0.5701754386,0.167,0.078,0.2929824561,0.1368421053,0.1368421053,0.4534,0.716806352,1.2571680635,-0.868,-1.737,-4.007,-1.9144243494,-3.8310542567,-8.8376709307,1,0.7935130196,0.8785354089,0.36,0.6315789474,0,5,162.688,CONFIRMED_SWING_LOW,3.816,8.4157,163.91,163.229,163.91,163.229,163.697,163.631,1785419100000,BEARISH,-1,0.7849,0.4078,162.964,162.288,1785418200000,NEUTRAL,0,0.7923,0.3959,163.743,162.288,1785416400000,BEARISH,-1,0.7178,0.445,163.743,163.209
21230,1785420900000,2026-07-30T14:15:00Z,2026-07-30T15:15:00+01:00,true,USDJPY,5,LONDON_NEW_YORK_OVERLAP,LONDON_NEW_YORK_OVERLAP,158.873,158.899,158.253,158.279,5935,BEARISH,0.646,0.594,0.919504644,0.026,0.026,0.040247678,0.040247678,0.040247678,0.4672,1.2714041096,1.3827054795,-0.961,-2.556,-4.59,-2.0569349315,-5.470890411,-9.8244863014,1,1,0.8923017107,0.105,0.1842105263,0,6,162.688,CONFIRMED_SWING_LOW,4.409,9.4372,163.91,163.229,163.91,163.229,163.697,163.631,1785420000000,BEARISH,-1,0.813,0.4621,162.964,162.288,1785418200000,NEUTRAL,0,0.7923,0.3959,163.743,162.288,1785416400000,BEARISH,-1,0.7178,0.445,163.743,163.209
21231,1785421200000,2026-07-30T14:20:00Z,2026-07-30T15:20:00+01:00,true,USDJPY,5,LONDON_NEW_YORK_OVERLAP,LONDON_NEW_YORK_OVERLAP,158.278,158.655,157.958,158.641,5979,BULLISH,0.697,0.363,0.5208034433,0.014,0.32,0.0200860832,0.4591104735,0.9799139168,0.4836,0.7506203474,1.44127378,-0.553,-1.499,-4.107,-1.1435070306,-3.0996691481,-8.4925558313,0.433046202,0.6743139901,0.7626740947,0.402,0.6222910217,1,0,162.688,CONFIRMED_SWING_LOW,4.047,8.3683,163.91,163.229,163.91,163.229,163.697,163.631,1785420000000,BEARISH,-1,0.813,0.4621,162.964,162.288,1785418200000,NEUTRAL,0,0.7923,0.3959,163.743,162.288,1785416400000,BEARISH,-1,0.7178,0.445,163.743,163.209
21232,1785421500000,2026-07-30T14:25:00Z,2026-07-30T15:25:00+01:00,true,USDJPY,5,LONDON_NEW_YORK_OVERLAP,LONDON_NEW_YORK_OVERLAP,158.647,159.369,158.627,159.226,5426,BULLISH,0.742,0.579,0.7803234501,0.143,0.02,0.192722372,0.0269541779,0.807277628,0.5021,1.1531567417,1.4777932683,0.354,-0.514,-3.554,0.7050388369,-1.0237004581,-7.0782712607,0.2298701299,0.2134551495,0.5985180195,0.028,0.0401721664,2,0,162.688,CONFIRMED_SWING_LOW,3.462,6.8955,163.91,163.229,163.91,163.229,163.697,163.631,1785420000000,BEARISH,-1,0.813,0.4621,162.964,162.288,1785418200000,NEUTRAL,0,0.7923,0.3959,163.743,162.288,1785416400000,BEARISH,-1,0.7178,0.445,163.743,163.209
21233,1785421800000,2026-07-30T14:30:00Z,2026-07-30T15:30:00+01:00,true,USDJPY,5,LONDON_NEW_YORK_OVERLAP,LONDON_NEW_YORK_OVERLAP,159.225,159.441,158.702,159.226,5697,BULLISH,0.739,0.001,0.00135318,0.215,0.523,0.2909336942,0.7077131258,0.7090663058,0.519,0.0019267823,1.4238921002,0.947,-0.014,-3.573,1.8246628131,-0.0269749518,-6.8843930636,1,0.0073375262,0.6036492651,0.667,0.9025710419,0,0,162.688,CONFIRMED_SWING_LOW,3.462,6.6707,163.91,163.229,163.91,163.229,163.697,163.631,1785420900000,BEARISH,-1,0.7043,0.5299,162.964,162.288,1785420000000,NEUTRAL,0,0.8118,0.5108,163.743,162.288,1785416400000,BEARISH,-1,0.7178,0.445,163.743,163.209
21234,1785422100000,2026-07-30T14:35:00Z,2026-07-30T15:35:00+01:00,true,USDJPY,5,LONDON_NEW_YORK_OVERLAP,LONDON_NEW_YORK_OVERLAP,159.226,159.407,159.165,159.364,4794,BULLISH,0.242,0.138,0.5702479339,0.043,0.061,0.1776859504,0.2520661157,0.8223140496,0.4992,0.2764423077,0.484775641,0.723,0.17,-1.706,1.4483173077,0.3405448718,-3.4174679487,1,0.085,0.3941774492,0.242,1,1,0,157.958,CONFIRMED_SWING_LOW,1.406,2.8165,163.91,163.229,163.91,163.229,163.697,163.631,1785420900000,BEARISH,-1,0.7043,0.5299,162.964,162.288,1785420000000,NEUTRAL,0,0.8118,0.5108,163.743,162.288,1785416400000,BEARISH,-1,0.7178,0.445,163.743,163.209
21235,1785422400000,2026-07-30T14:40:00Z,2026-07-30T15:40:00+01:00,true,USDJPY,5,LONDON_NEW_YORK_OVERLAP,LONDON_NEW_YORK_OVERLAP,159.365,159.666,159.302,159.445,4883,BULLISH,0.364,0.08,0.2197802198,0.221,0.063,0.6071428571,0.1730769231,0.3928571429,0.4895,0.1634320735,0.7436159346,0.219,0.573,-1.164,0.4473953013,1.1705822268,-2.3779366701,1,0.3257532689,0.2948328267,0.105,0.4338842975,2,0,157.958,CONFIRMED_SWING_LOW,1.487,3.0375,163.91,163.229,163.91,163.229,163.697,163.631,1785420900000,BEARISH,-1,0.7043,0.5299,162.964,162.288,1785420000000,NEUTRAL,0,0.8118,0.5108,163.743,162.288,1785416400000,BEARISH,-1,0.7178,0.445,163.743,163.209
21236,1785422700000,2026-07-30T14:45:00Z,2026-07-30T15:45:00+01:00,true,USDJPY,5,LONDON_NEW_YORK_OVERLAP,LONDON_NEW_YORK_OVERLAP,159.446,159.657,159.335,159.586,4577,BULLISH,0.322,0.14,0.4347826087,0.071,0.111,0.2204968944,0.3447204969,0.7795031056,0.4776,0.2931323283,0.6742043551,0.36,1.307,-1.249,0.7537688442,2.736599665,-2.615159129,1,1,0.3233238416,0.322,1,3,0,157.958,CONFIRMED_SWING_LOW,1.628,3.4089,163.91,163.229,163.91,163.229,163.697,163.631,1785421800000,BEARISH,-1,0.6406,0.5609,162.964,162.288,1785420000000,NEUTRAL,0,0.8118,0.5108,163.743,162.288,1785416400000,BEARISH,-1,0.7178,0.445,163.743,163.209
21237,1785423000000,2026-07-30T14:50:00Z,2026-07-30T15:50:00+01:00,true,USDJPY,5,LONDON_NEW_YORK_OVERLAP,LONDON_NEW_YORK_OVERLAP,159.585,159.674,159.465,159.511,4332,BEARISH,0.209,0.074,0.3540669856,0.089,0.046,0.4258373206,0.2200956938,0.2200956938,0.4584,0.1614310646,0.4559336824,0.147,0.87,-0.629,0.3206806283,1.8979057592,-1.3721640489,0.4949494949,0.8529411765,0.1939562134,0.192,0.9186602871,0,1,157.958,CONFIRMED_SWING_LOW,1.553,3.3879,163.91,163.229,163.91,163.229,163.697,163.631,1785421800000,BEARISH,-1,0.6406,0.5609,162.964,162.288,1785420000000,NEUTRAL,0,0.8118,0.5108,163.743,162.288,1785416400000,BEARISH,-1,0.7178,0.445,163.743,163.209
21238,1785423300000,2026-07-30T14:55:00Z,2026-07-30T15:55:00+01:00,true,USDJPY,5,LONDON_NEW_YORK_OVERLAP,LONDON_NEW_YORK_OVERLAP,159.512,159.563,159.272,159.283,4768,BEARISH,0.291,0.229,0.7869415808,0.051,0.011,0.175257732,0.0378006873,0.0378006873,0.4464,0.5129928315,0.6518817204,-0.162,0.057,-0.457,-0.3629032258,0.127688172,-1.0237455197,0.3648648649,0.0859728507,0.1488114621,0.098,0.4688995215,0,2,157.958,CONFIRMED_SWING_LOW,1.325,2.9679,163.91,163.229,163.91,163.229,163.697,163.631,1785421800000,BEARISH,-1,0.6406,0.5609,162.964,162.288,1785420000000,NEUTRAL,0,0.8118,0.5108,163.743,162.288,1785416400000,BEARISH,-1,0.7178,0.445,163.743,163.209
21239,1785423600000,2026-07-30T15:00:00Z,2026-07-30T16:00:00+01:00,true,USDJPY,5,NEW_YORK_SESSION,NEW_YORK_SESSION,159.282,159.491,159.264,159.488,4352,BULLISH,0.227,0.206,0.9074889868,0.003,0.018,0.013215859,0.0792951542,0.986784141,0.4308,0.47818013,0.5269266481,-0.098,0.262,0.248,-0.2274837512,0.6081708449,0.5756731662,0.1929133858,0.301843318,0.0893371758,0.219,0.9647577093,1,0,157.958,PREVIOUS_SESSION_LOW,1.53,3.5518,163.91,163.229,163.743,157.958,163.697,163.631,1785422700000,BEARISH,-1,0.6447,0.5495,162.964,157.958,1785421800000,NEUTRAL,0,0.7964,0.5438,163.743,162.288,1785420000000,BEARISH,-1,0.7161,0.5564,163.743,163.209
21240,1785423900000,2026-07-30T15:05:00Z,2026-07-30T16:05:00+01:00,true,USDJPY,5,NEW_YORK_SESSION,NEW_YORK_SESSION,159.487,159.519,158.897,159.258,4571,BEARISH,0.622,0.229,0.3681672026,0.032,0.361,0.0514469453,0.5803858521,0.5803858521,0.4444,0.5153015302,1.399639964,-0.253,-0.106,0.064,-0.5693069307,-0.2385238524,0.1440144014,0.3815987934,0.1104166667,0.0216216216,0.227,1,0,1,159.674,CONFIRMED_SWING_HIGH,0.416,0.936,163.91,163.229,163.743,157.958,163.697,163.631,1785422700000,BEARISH,-1,0.6447,0.5495,162.964,157.958,1785421800000,NEUTRAL,0,0.7964,0.5438,163.743,162.288,1785420000000,BEARISH,-1,0.7161,0.5564,163.743,163.209
21241,1785424200000,2026-07-30T15:10:00Z,2026-07-30T16:10:00+01:00,true,USDJPY,5,NEW_YORK_SESSION,NEW_YORK_SESSION,159.257,159.621,159.236,159.425,4595,BULLISH,0.385,0.168,0.4363636364,0.196,0.021,0.5090909091,0.0545454545,0.4909090909,0.4402,0.381644707,0.8746024534,0.142,-0.02,0.553,0.3225806452,-0.0454338937,1.2562471604,0.2358803987,0.0191204589,0.1971479501,0.283,0.7350649351,1,0,159.674,CONFIRMED_SWING_HIGH,0.249,0.5657,163.91,163.229,163.743,157.958,163.697,163.631,1785422700000,BEARISH,-1,0.6447,0.5495,162.964,157.958,1785421800000,NEUTRAL,0,0.7964,0.5438,163.743,162.288,1785420000000,BEARISH,-1,0.7161,0.5564,163.743,163.209
21242,1785424500000,2026-07-30T15:15:00Z,2026-07-30T16:15:00+01:00,true,USDJPY,5,NEW_YORK_SESSION,NEW_YORK_SESSION,159.428,159.518,159.348,159.462,3960,BULLISH,0.17,0.034,0.2,0.056,0.08,0.3294117647,0.4705882353,0.6705882353,0.4209,0.0807792825,0.4038964124,-0.026,-0.124,1.183,-0.0617723925,-0.294606795,2.8106438584,0.0599078341,0.1316348195,0.5260115607,0.17,1,2,0,159.674,CONFIRMED_SWING_HIGH,0.212,0.5037,163.91,163.229,163.743,157.958,163.697,163.631,1785423600000,BEARISH,-1,0.5874,0.562,162.964,157.958,1785421800000,NEUTRAL,0,0.7964,0.5438,163.743,162.288,1785420000000,BEARISH,-1,0.7161,0.5564,163.743,163.209
21243,1785424800000,2026-07-30T15:20:00Z,2026-07-30T16:20:00+01:00,true,USDJPY,5,NEW_YORK_SESSION,NEW_YORK_SESSION,159.463,159.486,159.406,159.433,3253,BEARISH,0.08,0.03,0.375,0.023,0.027,0.2875,0.3375,0.3375,0.3965,0.0756620429,0.2017654477,0.175,-0.078,0.792,0.4413619168,-0.1967213115,1.9974779319,0.7510729614,0.0870535714,0.4133611691,0.08,1,0,1,159.674,CONFIRMED_SWING_HIGH,0.241,0.6078,163.91,163.229,163.743,157.958,163.697,163.631,1785423600000,BEARISH,-1,0.5874,0.562,162.964,157.958,1785421800000,NEUTRAL,0,0.7964,0.5438,163.743,162.288,1785420000000,BEARISH,-1,0.7161,0.5564,163.743,163.209
21244,1785425100000,2026-07-30T15:25:00Z,2026-07-30T16:25:00+01:00,true,USDJPY,5,NEW_YORK_SESSION,NEW_YORK_SESSION,159.432,159.461,159.379,159.45,2534,BULLISH,0.082,0.018,0.2195121951,0.011,0.053,0.1341463415,0.6463414634,0.8658536585,0.3741,0.0481154771,0.2191927292,0.025,0.167,0.224,0.0668270516,0.4464047046,0.5987703823,0.3012048193,0.2437956204,0.1661721068,0.055,0.6875,1,0,159.621,CONFIRMED_SWING_HIGH,0.171,0.4571,163.91,163.229,163.743,157.958,163.697,163.631,1785423600000,BEARISH,-1,0.5874,0.562,162.964,157.958,1785421800000,NEUTRAL,0,0.7964,0.5438,163.743,162.288,1785420000000,BEARISH,-1,0.7161,0.5564,163.743,163.209
21245,1785425400000,2026-07-30T15:30:00Z,2026-07-30T16:30:00+01:00,true,USDJPY,5,NEW_YORK_SESSION,NEW_YORK_SESSION,159.454,159.551,159.34,159.375,2920,BEARISH,0.211,0.079,0.3744075829,0.097,0.035,0.4597156398,0.1658767773,0.1658767773,0.3624,0.21799117,0.5822295806,-0.087,-0.113,0.149,-0.2400662252,-0.3118101545,0.4111479029,0.7190082645,0.2036036036,0.1047083626,0.082,1,0,1,159.621,CONFIRMED_SWING_HIGH,0.246,0.6788,163.91,163.229,163.743,157.958,163.697,163.631,1785424500000,BEARISH,-1,0.5727,0.534,162.964,157.958,1785423600000,NEUTRAL,0,0.7413,0.5566,163.743,157.958,1785420000000,BEARISH,-1,0.7161,0.5564,163.743,163.209
21246,1785425700000,2026-07-30T15:35:00Z,2026-07-30T16:35:00+01:00,true,USDJPY,5,NEW_YORK_SESSION,NEW_YORK_SESSION,159.376,159.436,159.301,159.322,2865,BEARISH,0.135,0.054,0.4,0.06,0.021,0.4444444444,0.1555555556,0.1555555556,0.3462,0.1559792028,0.3899480069,-0.111,0.064,-0.042,-0.3206239168,0.1848642403,-0.1213171577,0.7655172414,0.1693121693,0.0313901345,0.096,0.7111111111,0,2,159.621,CONFIRMED_SWING_HIGH,0.299,0.8637,163.91,163.229,163.743,157.958,163.697,163.631,1785424500000,BEARISH,-1,0.5727,0.534,162.964,157.958,1785423600000,NEUTRAL,0,0.7413,0.5566,163.743,157.958,1785420000000,BEARISH,-1,0.7161,0.5564,163.743,163.209
21247,1785426000000,2026-07-30T15:40:00Z,2026-07-30T16:40:00+01:00,true,USDJPY,5,NEW_YORK_SESSION,NEW_YORK_SESSION,159.322,159.363,159.28,159.311,1976,BEARISH,0.083,0.011,0.1325301205,0.041,0.031,0.4939759036,0.3734939759,0.3734939759,0.3274,0.0335980452,0.2535125229,-0.139,-0.114,-0.134,-0.4245571167,-0.348197923,-0.4092852779,1,0.5135135135,0.1056782334,0.062,0.7469879518,0,3,159.621,CONFIRMED_SWING_HIGH,0.31,0.9469,163.91,163.229,163.743,157.958,163.697,163.631,1785424500000,BEARISH,-1,0.5727,0.534,162.964,157.958,1785423600000,NEUTRAL,0,0.7413,0.5566,163.743,157.958,1785420000000,BEARISH,-1,0.7161,0.5564,163.743,163.209
21248,1785426300000,2026-07-30T15:45:00Z,2026-07-30T16:45:00+01:00,true,USDJPY,5,NEW_YORK_SESSION,NEW_YORK_SESSION,159.31,159.452,159.279,159.343,2350,BULLISH,0.173,0.033,0.1907514451,0.109,0.031,0.6300578035,0.1791907514,0.3699421965,0.3163,0.104331331,0.546949099,-0.032,-0.119,-0.243,-0.1011697755,-0.3762251028,-0.7682579829,0.3333333333,0.5483870968,0.209663503,0.083,1,1,0,159.551,CONFIRMED_SWING_HIGH,0.208,0.6575,163.91,163.229,163.743,157.958,163.697,163.631,1785425400000,BEARISH,-1,0.573,0.5152,162.964,157.958,1785423600000,NEUTRAL,0,0.7413,0.5566,163.743,157.958,1785420000000,BEARISH,-1,0.7161,0.5564,163.743,163.209
21249,1785426600000,2026-07-30T15:50:00Z,2026-07-30T16:50:00+01:00,true,USDJPY,5,NEW_YORK_SESSION,NEW_YORK_SESSION,159.344,159.493,159.311,159.446,2398,BULLISH,0.182,0.102,0.5604395604,0.047,0.033,0.2582417582,0.1813186813,0.7417582418,0.3068,0.332464146,0.593220339,0.124,0.013,-0.065,0.4041720991,0.0423728814,-0.2118644068,0.8493150685,0.0446735395,0.0547598989,0.141,0.8150289017,2,0,159.551,CONFIRMED_SWING_HIGH,0.105,0.3423,163.91,163.229,163.743,157.958,163.697,163.631,1785425400000,BEARISH,-1,0.573,0.5152,162.964,157.958,1785423600000,NEUTRAL,0,0.7413,0.5566,163.743,157.958,1785420000000,BEARISH,-1,0.7161,0.5564,163.743,163.209
21250,1785426900000,2026-07-30T15:55:00Z,2026-07-30T16:55:00+01:00,true,USDJPY,5,NEW_YORK_SESSION,NEW_YORK_SESSION,159.443,159.476,159.39,159.472,1844,BULLISH,0.086,0.029,0.3372093023,0.004,0.053,0.0465116279,0.6162790698,0.9534883721,0.291,0.0996563574,0.295532646,0.161,0.022,0.189,0.5532646048,0.0756013746,0.6494845361,1,0.0733333333,0.1918781726,0.086,1,3,0,159.551,CONFIRMED_SWING_HIGH,0.079,0.2715,163.91,163.229,163.743,157.958,163.697,163.631,1785425400000,BEARISH,-1,0.573,0.5152,162.964,157.958,1785423600000,NEUTRAL,0,0.7413,0.5566,163.743,157.958,1785420000000,BEARISH,-1,0.7161,0.5564,163.743,163.209
21251,1785427200000,2026-07-30T16:00:00Z,2026-07-30T17:00:00+01:00,true,USDJPY,5,NEW_YORK_SESSION,NEW_YORK_SESSION,159.468,159.53,159.428,159.471,2694,BULLISH,0.102,0.003,0.0294117647,0.059,0.04,0.5784313725,0.3921568627,0.4215686275,0.2775,0.0108108108,0.3675675676,0.128,0.096,-0.017,0.4612612613,0.3459459459,-0.0612612613,0.9846153846,0.4247787611,0.0217669654,0.048,0.5581395349,0,1,159.551,CONFIRMED_SWING_HIGH,0.08,0.2883,163.91,163.229,163.743,157.958,163.697,163.631,1785426300000,BEARISH,-1,0.5542,0.4937,162.964,157.958,1785425400000,NEUTRAL,0,0.7497,0.5363,163.743,157.958,1785423600000,BEARISH,-1,0.7182,0.5683,163.743,163.209
21252,1785427500000,2026-07-30T16:05:00Z,2026-07-30T17:05:00+01:00,true,USDJPY,5,NEW_YORK_SESSION,NEW_YORK_SESSION,159.472,159.506,159.382,159.395,2520,BEARISH,0.124,0.077,0.6209677419,0.034,0.013,0.2741935484,0.1048387097,0.1048387097,0.2665,0.2889305816,0.4652908068,-0.051,0.073,0.137,-0.191369606,0.2739212008,0.5140712946,0.4951456311,0.2931726908,0.2185007974,0.078,0.7647058824,0,2,159.279,CONFIRMED_SWING_LOW,0.116,0.4352,163.91,163.229,163.743,157.958,163.697,163.631,1785426300000,BEARISH,-1,0.5542,0.4937,162.964,157.958,1785425400000,NEUTRAL,0,0.7497,0.5363,163.743,157.958,1785423600000,BEARISH,-1,0.7182,0.5683,163.743,163.209
21253,1785427800000,2026-07-30T16:10:00Z,2026-07-30T17:10:00+01:00,true,USDJPY,5,NEW_YORK_SESSION,NEW_YORK_SESSION,159.403,159.496,159.39,159.448,2266,BULLISH,0.106,0.045,0.4245283019,0.048,0.013,0.4528301887,0.1226415094,0.5471698113,0.2551,0.1764014112,0.4155233242,-0.024,0.137,0.023,-0.0940807526,0.5370442964,0.0901607213,0.1846153846,0.470790378,0.044834308,0.106,1,1,0,159.551,CONFIRMED_SWING_HIGH,0.103,0.4038,163.91,163.229,163.743,157.958,163.697,163.631,1785426300000,BEARISH,-1,0.5542,0.4937,162.964,157.958,1785425400000,NEUTRAL,0,0.7497,0.5363,163.743,157.958,1785423600000,BEARISH,-1,0.7182,0.5683,163.743,163.209
21254,1785428100000,2026-07-30T16:15:00Z,2026-07-30T17:15:00+01:00,true,USDJPY,5,NEW_YORK_SESSION,NEW_YORK_SESSION,159.447,159.506,159.389,159.396,2422,BEARISH,0.117,0.051,0.4358974359,0.059,0.007,0.5042735043,0.0598290598,0.0598290598,0.2452,0.2079934747,0.4771615008,-0.075,0.053,-0.066,-0.3058727569,0.2161500816,-0.2691680261,0.4143646409,0.1704180064,0.125,0.106,1,0,1,159.279,CONFIRMED_SWING_LOW,0.117,0.4772,163.91,163.229,163.743,157.958,163.697,163.631,1785427200000,BEARISH,-1,0.5539,0.469,162.964,157.958,1785425400000,NEUTRAL,0,0.7497,0.5363,163.743,157.958,1785423600000,BEARISH,-1,0.7182,0.5683,163.743,163.209
21255,1785428400000,2026-07-30T16:20:00Z,2026-07-30T17:20:00+01:00,true,USDJPY,5,NEW_YORK_SESSION,NEW_YORK_SESSION,159.395,159.476,159.367,159.446,2241,BULLISH,0.109,0.051,0.4678899083,0.03,0.028,0.2752293578,0.2568807339,0.7247706422,0.2355,0.2165605096,0.4628450106,0.051,0,0.013,0.2165605096,0,0.0552016985,0.3290322581,0,0.0236794171,0.087,0.7981651376,1,0,159.53,CONFIRMED_SWING_HIGH,0.084,0.3567,163.91,163.229,163.743,157.958,163.697,163.631,1785427200000,BEARISH,-1,0.5539,0.469,162.964,157.958,1785425400000,NEUTRAL,0,0.7497,0.5363,163.743,157.958,1785423600000,BEARISH,-1,0.7182,0.5683,163.743,163.209
21256,1785428700000,2026-07-30T16:25:00Z,2026-07-30T17:25:00+01:00,true,USDJPY,5,NEW_YORK_SESSION,NEW_YORK_SESSION,159.448,159.492,159.393,159.437,2742,BEARISH,0.099,0.011,0.1111111111,0.044,0.044,0.4444444444,0.4444444444,0.4444444444,0.2257,0.0487372619,0.4386353567,-0.011,-0.035,-0.013,-0.0487372619,-0.1550731059,-0.0575985822,0.0990990991,0.1452282158,0.0240295749,0.083,0.8383838384,0,1,159.53,CONFIRMED_SWING_HIGH,0.093,0.412,163.91,163.229,163.743,157.958,163.697,163.631,1785427200000,BEARISH,-1,0.5539,0.469,162.964,157.958,1785425400000,NEUTRAL,0,0.7497,0.5363,163.743,157.958,1785423600000,BEARISH,-1,0.7182,0.5683,163.743,163.209
21257,1785429000000,2026-07-30T16:30:00Z,2026-07-30T17:30:00+01:00,true,USDJPY,5,NEW_YORK_SESSION,NEW_YORK_SESSION,159.436,159.491,159.408,159.488,2646,BULLISH,0.083,0.052,0.6265060241,0.003,0.028,0.0361445783,0.3373493976,0.9638554217,0.2155,0.2412993039,0.3851508121,0.092,0.017,0.113,0.4269141531,0.0788863109,0.524361949,0.8363636364,0.058419244,0.2185686654,0.083,1,1,0,159.53,CONFIRMED_SWING_HIGH,0.042,0.1949,163.91,163.229,163.743,157.958,163.697,163.631,1785428100000,BEARISH,-1,0.5985,0.4454,162.964,157.958,1785427200000,NEUTRAL,0,0.7714,0.5096,163.743,157.958,1785423600000,BEARISH,-1,0.7182,0.5683,163.743,163.209
21258,1785429300000,2026-07-30T16:35:00Z,2026-07-30T17:35:00+01:00,true,USDJPY,5,NEW_YORK_SESSION,NEW_YORK_SESSION,159.489,159.55,159.467,159.525,1886,BULLISH,0.083,0.036,0.4337349398,0.025,0.022,0.3012048193,0.265060241,0.6987951807,0.2061,0.1746724891,0.4027171276,0.079,0.13,0.203,0.3833090733,0.6307617661,0.9849587579,0.8144329897,0.5158730159,0.4051896208,0.024,0.2891566265,2,0,159.53,CONFIRMED_SWING_HIGH,0.005,0.0243,163.91,163.229,163.743,157.958,159.621,159.236,1785428100000,BEARISH,-1,0.5985,0.4454,162.964,157.958,1785427200000,NEUTRAL,0,0.7714,0.5096,163.743,157.958,1785423600000,BEARISH,-1,0.7182,0.5683,163.743,163.209
21259,1785429600000,2026-07-30T16:40:00Z,2026-07-30T17:40:00+01:00,true,USDJPY,5,NEW_YORK_SESSION,NEW_YORK_SESSION,159.526,159.602,159.494,159.598,1596,BULLISH,0.108,0.072,0.6666666667,0.004,0.032,0.037037037,0.2962962963,0.962962963,0.1991,0.361627323,0.5424409844,0.161,0.15,0.287,0.8086388749,0.7533902562,1.4414866901,1,0.5514705882,0.5097690941,0.056,0.6746987952,3,0,159.602,CONSOLIDATION_HIGH,0.004,0.0201,163.91,163.229,163.743,157.958,159.602,159.279,1785428100000,BEARISH,-1,0.5985,0.4454,162.964,157.958,1785427200000,NEUTRAL,0,0.7714,0.5096,163.743,157.958,1785423600000,BEARISH,-1,0.7182,0.5683,163.743,163.209
21260,1785429900000,2026-07-30T16:45:00Z,2026-07-30T17:45:00+01:00,true,USDJPY,5,NEW_YORK_SESSION,NEW_YORK_SESSION,159.599,159.642,159.562,159.588,1308,BEARISH,0.08,0.011,0.1375,0.043,0.026,0.5375,0.325,0.325,0.1906,0.0577124869,0.4197271773,0.1,0.192,0.245,0.5246589717,1.0073452256,1.2854144806,0.8333333333,0.8347826087,0.4528650647,0.04,0.5,0,1,159.642,CONSOLIDATION_HIGH,0.054,0.2834,163.91,163.229,163.743,157.958,159.642,159.279,1785429000000,BEARISH,-1,0.5614,0.4275,162.964,157.958,1785427200000,NEUTRAL,0,0.7714,0.5096,163.743,157.958,1785423600000,BEARISH,-1,0.7182,0.5683,163.743,163.209
21261,1785430200000,2026-07-30T16:50:00Z,2026-07-30T17:50:00+01:00,true,USDJPY,5,NEW_YORK_SESSION,NEW_YORK_SESSION,159.587,159.693,159.574,159.659,1531,BULLISH,0.119,0.072,0.6050420168,0.034,0.013,0.2857142857,0.1092436975,0.7142857143,0.1854,0.3883495146,0.6418554477,0.134,0.213,0.213,0.7227615965,1.1488673139,1.1488673139,0.8701298701,0.8486055777,0.4184675835,0.068,0.85,1,0,159.642,CONSOLIDATION_HIGH,0.017,0.0917,163.91,163.229,163.743,157.958,159.642,159.279,1785429000000,BEARISH,-1,0.5614,0.4275,162.964,157.958,1785427200000,NEUTRAL,0,0.7714,0.5096,163.743,157.958,1785423600000,BEARISH,-1,0.7182,0.5683,163.743,163.209
21262,1785430500000,2026-07-30T16:55:00Z,2026-07-30T17:55:00+01:00,true,USDJPY,5,NEW_YORK_SESSION,NEW_YORK_SESSION,159.66,159.67,159.565,159.565,1696,BEARISH,0.105,0.095,0.9047619048,0.01,0,0.0952380952,0,0,0.1797,0.5286588759,0.5843071786,-0.033,0.128,0.093,-0.183639399,0.7122982749,0.5175292154,0.1885714286,0.380952381,0.1611785095,0.096,0.9142857143,0,1,159.53,CONFIRMED_SWING_HIGH,0.035,0.1948,163.91,163.229,163.743,157.958,159.642,159.279,1785429000000,BEARISH,-1,0.5614,0.4275,162.964,157.958,1785427200000,NEUTRAL,0,0.7714,0.5096,163.743,157.958,1785423600000,BEARISH,-1,0.7182,0.5683,163.743,163.209
21263,1785430800000,2026-07-30T17:00:00Z,2026-07-30T18:00:00+01:00,true,USDJPY,5,NEW_YORK_SESSION,NEW_YORK_SESSION,159.564,159.693,159.557,159.684,2254,BULLISH,0.136,0.12,0.8823529412,0.009,0.007,0.0661764706,0.0514705882,0.9338235294,0.1766,0.6795016988,0.7701019253,0.096,0.196,0.213,0.543601359,1.1098527746,1.2061155153,0.338028169,0.4851485149,0.3064748201,0.105,1,1,0,159.642,CONSOLIDATION_HIGH,0.042,0.2379,163.91,163.229,163.743,157.958,159.642,159.279,1785429900000,BEARISH,-1,0.5572,0.4063,162.964,157.958,1785429000000,NEUTRAL,0,0.7427,0.4936,163.743,157.958,1785427200000,BEARISH,-1,0.682,0.551,163.743,157.958
21264,1785431100000,2026-07-30T17:05:00Z,2026-07-30T18:05:00+01:00,true,USDJPY,5,NEW_YORK_SESSION,NEW_YORK_SESSION,159.684,159.691,159.631,159.636,1013,BEARISH,0.06,0.048,0.8,0.007,0.005,0.1166666667,0.0833333333,0.0833333333,0.1682,0.2853745541,0.3567181926,-0.023,0.111,0.241,-0.1367419738,0.6599286564,1.4328180737,0.0881226054,0.2674698795,0.3613193403,0.06,1,0,1,159.642,CONSOLIDATION_HIGH,0.006,0.0357,163.91,163.229,163.743,157.958,159.642,159.279,1785429900000,BEARISH,-1,0.5572,0.4063,162.964,157.958,1785429000000,NEUTRAL,0,0.7427,0.4936,163.743,157.958,1785427200000,BEARISH,-1,0.682,0.551,163.743,157.958
21265,1785431400000,2026-07-30T17:10:00Z,2026-07-30T18:10:00+01:00,true,USDJPY,5,NEW_YORK_SESSION,NEW_YORK_SESSION,159.635,159.697,159.622,159.666,1309,BULLISH,0.075,0.031,0.4133333333,0.031,0.013,0.4133333333,0.1733333333,0.5866666667,0.1616,0.1918316832,0.4641089109,0.101,0.068,0.218,0.625,0.4207920792,1.349009901,0.5126903553,0.1827956989,0.3385093168,0.06,1,1,0,159.642,CONSOLIDATION_HIGH,0.024,0.1485,163.91,163.229,163.743,157.958,159.642,159.279,1785429900000,BEARISH,-1,0.5572,0.4063,162.964,157.958,1785429000000,NEUTRAL,0,0.7427,0.4936,163.743,157.958,1785427200000,BEARISH,-1,0.682,0.551,163.743,157.958
21266,1785431700000,2026-07-30T17:15:00Z,2026-07-30T18:15:00+01:00,true,USDJPY,5,NEW_YORK_SESSION,NEW_YORK_SESSION,159.669,159.738,159.662,159.718,1273,BULLISH,0.076,0.049,0.6447368421,0.02,0.007,0.2631578947,0.0921052632,0.7368421053,0.1555,0.3151125402,0.4887459807,0.034,0.13,0.322,0.2186495177,0.8360128617,2.0707395498,0.2615384615,0.3140096618,0.5,0.035,0.4666666667,2,0,159.642,CONSOLIDATION_HIGH,0.076,0.4888,163.91,163.229,163.743,157.958,159.642,159.279,1785430800000,BEARISH,-1,0.5301,0.3873,162.964,157.958,1785429000000,NEUTRAL,0,0.7427,0.4936,163.743,157.958,1785427200000,BEARISH,-1,0.682,0.551,163.743,157.958
21267,1785432000000,2026-07-30T17:20:00Z,2026-07-30T18:20:00+01:00,true,USDJPY,5,NEW_YORK_SESSION,NEW_YORK_SESSION,159.717,159.822,159.715,159.818,1196,BULLISH,0.107,0.101,0.9439252336,0.004,0.002,0.0373831776,0.0186915888,0.9626168224,0.152,0.6644736842,0.7039473684,0.182,0.159,0.372,1.1973684211,1.0460526316,2.4473684211,1,0.3589164786,0.5360230548,0.023,0.3026315789,3,0,159.642,CONSOLIDATION_HIGH,0.176,1.1578,163.91,163.229,163.743,157.958,159.642,159.279,1785430800000,BEARISH,-1,0.5301,0.3873,162.964,157.958,1785429000000,NEUTRAL,0,0.7427,0.4936,163.743,157.958,1785427200000,BEARISH,-1,0.682,0.551,163.743,157.958
21268,1785432300000,2026-07-30T17:25:00Z,2026-07-30T18:25:00+01:00,true,USDJPY,5,NEW_YORK_SESSION,NEW_YORK_SESSION,159.817,159.848,159.77,159.789,2045,BEARISH,0.078,0.028,0.358974359,0.031,0.019,0.3974358974,0.2435897436,0.2435897436,0.1467,0.1908657123,0.5316973415,0.123,0.224,0.352,0.8384458078,1.5269256987,2.3994546694,0.679558011,0.5925925926,0.4929971989,0.052,0.6666666667,0,1,159.642,CONSOLIDATION_HIGH,0.147,1.0019,163.91,163.229,163.743,157.958,159.642,159.279,1785430800000,BEARISH,-1,0.5301,0.3873,162.964,157.958,1785429000000,NEUTRAL,0,0.7427,0.4936,163.743,157.958,1785427200000,BEARISH,-1,0.682,0.551,163.743,157.958
21269,1785432600000,2026-07-30T17:30:00Z,2026-07-30T18:30:00+01:00,true,USDJPY,5,NEW_YORK_SESSION,NEW_YORK_SESSION,159.79,159.825,159.747,159.815,1984,BULLISH,0.078,0.025,0.3205128205,0.01,0.043,0.1282051282,0.5512820513,0.8717948718,0.1418,0.1763046544,0.5500705219,0.097,0.131,0.327,0.6840620592,0.9238363893,2.3060648801,0.6258064516,0.4596491228,0.4746008708,0.055,0.7051282051,1,0,159.642,CONSOLIDATION_HIGH,0.173,1.2199,163.91,163.229,163.743,157.958,159.642,159.279,1785431700000,BEARISH,-1,0.5036,0.3729,162.964,157.958,1785430800000,NEUTRAL,0,0.677,0.4791,163.743,157.958,1785427200000,BEARISH,-1,0.682,0.551,163.743,157.958
21270,1785432900000,2026-07-30T17:35:00Z,2026-07-30T18:35:00+01:00,true,USDJPY,5,NEW_YORK_SESSION,NEW_YORK_SESSION,159.817,159.831,158.516,158.535,4759,BEARISH,1.315,1.282,0.974904943,0.014,0.019,0.0106463878,0.0144486692,0.0144486692,0.2256,5.6826241135,5.8289007092,-1.283,-1.101,-0.99,-5.6870567376,-4.8803191489,-4.3882978723,0.9610486891,0.725774555,0.5124223602,0.078,1,0,1,157.958,PREVIOUS_SESSION_LOW,0.577,2.5575,163.91,163.229,163.743,157.958,159.642,159.279,1785431700000,BEARISH,-1,0.5036,0.3729,162.964,157.958,1785430800000,NEUTRAL,0,0.677,0.4791,163.743,157.958,1785427200000,BEARISH,-1,0.682,0.551,163.743,157.958
21271,1785433200000,2026-07-30T17:40:00Z,2026-07-30T18:40:00+01:00,true,USDJPY,5,NEW_YORK_SESSION,NEW_YORK_SESSION,158.534,159.264,158.522,158.799,4481,BULLISH,0.742,0.265,0.3571428571,0.465,0.012,0.6266846361,0.0161725067,0.3733153639,0.2625,1.0095238095,2.8266666667,-0.99,-0.867,-0.799,-3.7714285714,-3.3028571429,-3.0438095238,0.6305732484,0.4951456311,0.3763542157,0.742,1,1,0,159.279,CONSOLIDATION_LOW,0.48,1.8286,163.91,163.229,163.743,157.958,159.642,159.279,1785431700000,BEARISH,-1,0.5036,0.3729,162.964,157.958,1785430800000,NEUTRAL,0,0.677,0.4791,163.743,157.958,1785427200000,BEARISH,-1,0.682,0.551,163.743,157.958
21272,1785433500000,2026-07-30T17:45:00Z,2026-07-30T18:45:00+01:00,true,USDJPY,5,NEW_YORK_SESSION,NEW_YORK_SESSION,158.788,159.086,158.752,159.046,3566,BULLISH,0.334,0.258,0.7724550898,0.04,0.036,0.119760479,0.1077844311,0.880239521,0.2676,0.9641255605,1.2481315396,-0.769,-0.672,-0.542,-2.8736920777,-2.5112107623,-2.0254110613,0.4293690676,0.345323741,0.2296610169,0.334,1,2,0,159.279,CONSOLIDATION_LOW,0.233,0.8707,163.91,163.229,163.743,157.958,159.642,159.279,1785432600000,BEARISH,-1,0.5614,0.4402,162.964,157.958,1785430800000,NEUTRAL,0,0.677,0.4791,163.743,157.958,1785427200000,BEARISH,-1,0.682,0.551,163.743,157.958
21273,1785433800000,2026-07-30T17:50:00Z,2026-07-30T18:50:00+01:00,true,USDJPY,5,NEW_YORK_SESSION,NEW_YORK_SESSION,159.046,159.118,158.946,159.107,3807,BULLISH,0.172,0.061,0.3546511628,0.011,0.1,0.0639534884,0.5813953488,0.9360465116,0.2608,0.2338957055,0.6595092025,0.572,-0.711,-0.552,2.1932515337,-2.7262269939,-2.1165644172,1,0.3728369166,0.234893617,0.14,0.8139534884,3,0,159.279,CONSOLIDATION_LOW,0.172,0.6596,163.91,163.229,163.743,157.958,159.642,159.279,1785432600000,BEARISH,-1,0.5614,0.4402,162.964,157.958,1785430800000,NEUTRAL,0,0.677,0.4791,163.743,157.958,1785427200000,BEARISH,-1,0.682,0.551,163.743,157.958
21274,1785434100000,2026-07-30T17:55:00Z,2026-07-30T18:55:00+01:00,true,USDJPY,5,NEW_YORK_SESSION,NEW_YORK_SESSION,159.108,159.146,158.975,158.993,3025,BEARISH,0.171,0.115,0.6725146199,0.038,0.018,0.2222222222,0.1052631579,0.1052631579,0.2544,0.4520440252,0.6721698113,0.194,-0.796,-0.572,0.7625786164,-3.1289308176,-2.248427673,0.4597156398,0.3995983936,0.241350211,0.143,0.8362573099,0,1,159.279,CONSOLIDATION_LOW,0.286,1.1244,163.91,163.229,163.743,157.958,159.642,159.279,1785432600000,BEARISH,-1,0.5614,0.4402,162.964,157.958,1785430800000,NEUTRAL,0,0.677,0.4791,163.743,157.958,1785427200000,BEARISH,-1,0.682,0.551,163.743,157.958
21275,1785434400000,2026-07-30T18:00:00Z,2026-07-30T19:00:00+01:00,true,USDJPY,5,NEW_YORK_SESSION,NEW_YORK_SESSION,158.992,159.044,158.941,158.986,3695,BEARISH,0.103,0.006,0.0582524272,0.052,0.045,0.5048543689,0.4368932039,0.4368932039,0.2436,0.0246305419,0.4228243021,-0.06,-0.829,-0.698,-0.2463054187,-3.4031198686,-2.8653530378,0.3296703297,0.4201723264,0.3091231178,0.069,0.6699029126,0,2,159.279,CONSOLIDATION_LOW,0.293,1.203,163.91,163.229,163.743,157.958,159.642,159.279,1785433500000,BEARISH,-1,0.5727,0.4369,159.848,157.958,1785432600000,NEUTRAL,0,0.7382,0.5388,163.743,157.958,1785430800000,BEARISH,-1,0.7169,0.6068,163.743,157.958
21276,1785434700000,2026-07-30T18:05:00Z,2026-07-30T19:05:00+01:00,true,USDJPY,5,NEW_YORK_SESSION,NEW_YORK_SESSION,158.987,159.09,158.858,158.903,2307,BEARISH,0.232,0.084,0.3620689655,0.103,0.045,0.4439655172,0.1939655172,0.1939655172,0.2427,0.3461063041,0.9559126494,-0.204,0.368,-0.733,-0.8405438813,1.5162752369,-3.0201895344,1,0.4742268041,0.3196685565,0.103,1,0,3,159.279,CONSOLIDATION_LOW,0.376,1.5491,163.91,163.229,163.743,157.958,159.642,159.279,1785433500000,BEARISH,-1,0.5727,0.4369,159.848,157.958,1785432600000,NEUTRAL,0,0.7382,0.5388,163.743,157.958,1785430800000,BEARISH,-1,0.7169,0.6068,163.743,157.958
21277,1785435000000,2026-07-30T18:10:00Z,2026-07-30T19:10:00+01:00,true,USDJPY,5,NEW_YORK_SESSION,NEW_YORK_SESSION,158.902,158.945,158.84,158.876,2024,BEARISH,0.105,0.026,0.2476190476,0.043,0.036,0.4095238095,0.3428571429,0.3428571429,0.2329,0.1116358952,0.4508372692,-0.117,0.077,-0.79,-0.5023615286,0.3306139974,-3.3920137398,1,0.1428571429,0.3449781659,0.087,0.8285714286,0,4,158.516,CONFIRMED_SWING_LOW,0.36,1.5458,163.91,163.229,163.743,157.958,159.642,159.279,1785433500000,BEARISH,-1,0.5727,0.4369,159.848,157.958,1785432600000,NEUTRAL,0,0.7382,0.5388,163.743,157.958,1785430800000,BEARISH,-1,0.7169,0.6068,163.743,157.958
21278,1785435300000,2026-07-30T18:15:00Z,2026-07-30T19:15:00+01:00,true,USDJPY,5,NEW_YORK_SESSION,NEW_YORK_SESSION,158.877,158.992,158.845,158.989,1575,BULLISH,0.147,0.112,0.7619047619,0.003,0.032,0.0204081633,0.2176870748,0.9795918367,0.2268,0.4938271605,0.6481481481,0.003,-0.057,-0.729,0.0132275132,-0.2513227513,-3.2142857143,0.0134529148,0.1407407407,0.3100808167,0.1,0.9523809524,1,0,159.279,CONSOLIDATION_LOW,0.29,1.2789,163.91,163.229,163.743,157.958,159.642,159.279,1785434400000,NEUTRAL,0,0.5749,0.4235,159.848,158.516,1785432600000,NEUTRAL,0,0.7382,0.5388,163.743,157.958,1785430800000,BEARISH,-1,0.7169,0.6068,163.743,157.958
21279,1785435600000,2026-07-30T18:20:00Z,2026-07-30T19:20:00+01:00,true,USDJPY,5,NEW_YORK_SESSION,NEW_YORK_SESSION,158.992,159.095,158.954,159.077,1942,BULLISH,0.141,0.085,0.6028368794,0.018,0.038,0.1276595745,0.2695035461,0.8723404255,0.2206,0.3853127833,0.6391659112,0.174,-0.03,-0.741,0.7887579329,-0.1359927471,-3.3590208522,0.7631578947,0.0694444444,0.3168020522,0.038,0.2695035461,2,0,159.279,CONSOLIDATION_LOW,0.202,0.9156,163.91,163.229,163.743,157.958,159.642,159.279,1785434400000,NEUTRAL,0,0.5749,0.4235,159.848,158.516,1785432600000,NEUTRAL,0,0.7382,0.5388,163.743,157.958,1785430800000,BEARISH,-1,0.7169,0.6068,163.743,157.958
21280,1785435900000,2026-07-30T18:25:00Z,2026-07-30T19:25:00+01:00,true,USDJPY,5,NEW_YORK_SESSION,NEW_YORK_SESSION,159.078,159.099,159,159.014,1311,BEARISH,0.099,0.064,0.6464646465,0.021,0.014,0.2121212121,0.1414141414,0.1414141414,0.2119,0.3020292591,0.4672015101,0.138,0.021,-0.775,0.6512505899,0.0991033506,-3.6573855592,0.5227272727,0.0551181102,0.3265908133,0.095,0.9595959596,0,1,158.84,CONFIRMED_SWING_LOW,0.174,0.821,163.91,163.229,163.743,157.958,159.642,159.279,1785434400000,NEUTRAL,0,0.5749,0.4235,159.848,158.516,1785432600000,NEUTRAL,0,0.7382,0.5388,163.743,157.958,1785430800000,BEARISH,-1,0.7169,0.6068,163.743,157.958
21281,1785436200000,2026-07-30T18:30:00Z,2026-07-30T19:30:00+01:00,true,USDJPY,5,NEW_YORK_SESSION,NEW_YORK_SESSION,159.015,159.095,158.94,158.978,1721,BEARISH,0.155,0.037,0.2387096774,0.08,0.038,0.5161290323,0.2451612903,0.2451612903,0.2079,0.177970178,0.7455507456,-0.011,-0.008,-0.837,-0.0529100529,-0.0384800385,-4.025974026,0.0588235294,0.0195121951,0.3512379354,0.095,0.9595959596,0,2,158.84,CONFIRMED_SWING_LOW,0.138,0.6639,163.91,163.229,163.743,157.958,159.642,159.279,1785435300000,NEUTRAL,0,0.5378,0.4114,159.848,158.516,1785434400000,BEARISH,-1,0.7277,0.5188,159.848,157.958,1785430800000,BEARISH,-1,0.7169,0.6068,163.743,157.958
21282,1785436500000,2026-07-30T18:35:00Z,2026-07-30T19:35:00+01:00,true,USDJPY,5,NEW_YORK_SESSION,NEW_YORK_SESSION,158.979,159.098,158.973,159.094,739,BULLISH,0.125,0.115,0.92,0.004,0.006,0.032,0.048,0.968,0.202,0.5693069307,0.6188118812,0.017,0.191,0.559,0.0841584158,0.9455445545,2.7673267327,0.0790697674,0.4311512415,0.4585726005,0.122,0.976,1,0,159.279,CONSOLIDATION_LOW,0.185,0.916,163.91,163.229,163.743,157.958,159.642,159.279,1785435300000,NEUTRAL,0,0.5378,0.4114,159.848,158.516,1785434400000,BEARISH,-1,0.7277,0.5188,159.848,157.958,1785430800000,BEARISH,-1,0.7169,0.6068,163.743,157.958
21283,1785436800000,2026-07-30T18:40:00Z,2026-07-30T19:40:00+01:00,true,USDJPY,5,NEW_YORK_SESSION,NEW_YORK_SESSION,159.095,159.101,158.997,159.026,922,BEARISH,0.104,0.069,0.6634615385,0.006,0.029,0.0576923077,0.2788461538,0.2788461538,0.195,0.3538461538,0.5333333333,0.012,0.15,0.227,0.0615384615,0.7692307692,1.1641025641,0.0545454545,0.3099173554,0.2218963832,0.101,0.9711538462,0,1,158.84,CONFIRMED_SWING_LOW,0.186,0.9541,163.91,163.229,163.743,157.958,159.642,159.279,1785435300000,NEUTRAL,0,0.5378,0.4114,159.848,158.516,1785434400000,BEARISH,-1,0.7277,0.5188,159.848,157.958,1785430800000,BEARISH,-1,0.7169,0.6068,163.743,157.958
21284,1785437100000,2026-07-30T18:45:00Z,2026-07-30T19:45:00+01:00,true,USDJPY,5,NEW_YORK_SESSION,NEW_YORK_SESSION,159.027,159.038,158.989,159.013,1601,BEARISH,0.049,0.014,0.2857142857,0.011,0.024,0.2244897959,0.4897959184,0.4897959184,0.1845,0.0758807588,0.2655826558,0.035,0.024,-0.033,0.189701897,0.1300813008,-0.1788617886,0.1776649746,0.0625,0.0418250951,0.041,0.8367346939,0,2,158.84,CONFIRMED_SWING_LOW,0.173,0.9375,163.91,163.229,163.743,157.958,159.642,159.279,1785436200000,NEUTRAL,0,0.3269,0.3935,159.848,158.516,1785434400000,BEARISH,-1,0.7277,0.5188,159.848,157.958,1785430800000,BEARISH,-1,0.7169,0.6068,163.743,157.958
21285,1785437400000,2026-07-30T18:50:00Z,2026-07-30T19:50:00+01:00,true,USDJPY,5,NEW_YORK_SESSION,NEW_YORK_SESSION,159.01,159.077,158.98,159.012,2600,BULLISH,0.097,0.002,0.0206185567,0.065,0.03,0.6701030928,0.3092783505,0.3298969072,0.1783,0.0112170499,0.5440269209,-0.082,-0.065,-0.095,-0.4598990466,-0.3645541223,-0.532809871,1,0.2188552189,0.1303155007,0.049,1,0,3,158.84,CONFIRMED_SWING_LOW,0.172,0.9648,163.91,163.229,163.743,157.958,159.642,159.279,1785436200000,NEUTRAL,0,0.3269,0.3935,159.848,158.516,1785434400000,BEARISH,-1,0.7277,0.5188,159.848,157.958,1785430800000,BEARISH,-1,0.7169,0.6068,163.743,157.958
21286,1785437700000,2026-07-30T18:55:00Z,2026-07-30T19:55:00+01:00,true,USDJPY,5,NEW_YORK_SESSION,NEW_YORK_SESSION,159.009,159.038,158.881,158.888,3274,BEARISH,0.157,0.121,0.7707006369,0.029,0.007,0.1847133758,0.0445859873,0.0445859873,0.1768,0.6843891403,0.8880090498,-0.138,-0.126,-0.105,-0.7805429864,-0.7126696833,-0.5938914027,1,0.3519553073,0.1420838972,0.058,0.5979381443,0,4,158.84,CONFIRMED_SWING_LOW,0.048,0.2716,163.91,163.229,163.743,157.958,159.642,159.279,1785436200000,NEUTRAL,0,0.3269,0.3935,159.848,158.516,1785434400000,BEARISH,-1,0.7277,0.5188,159.848,157.958,1785430800000,BEARISH,-1,0.7169,0.6068,163.743,157.958
21287,1785438000000,2026-07-30T19:00:00Z,2026-07-30T20:00:00+01:00,true,USDJPY,5,NEW_YORK_SESSION,NEW_YORK_SESSION,158.888,159.109,158.888,159.099,2394,BULLISH,0.221,0.211,0.9547511312,0.01,0,0.0452488688,0,0.9547511312,0.1799,1.1728738188,1.2284602557,0.086,0.121,0.113,0.4780433574,0.6725958866,0.6281267371,0.255952381,0.2270168856,0.1198303287,0.15,0.9554140127,1,0,159.101,CONFIRMED_SWING_HIGH,0.002,0.0111,163.91,163.229,163.743,157.958,159.642,159.279,1785437100000,NEUTRAL,0,0.2072,0.3794,159.848,158.516,1785436200000,NEUTRAL,0,0.743,0.4975,159.848,158.516,1785434400000,BEARISH,-1,0.722,0.5821,163.743,157.958
21288,1785438300000,2026-07-30T19:05:00Z,2026-07-30T20:05:00+01:00,true,USDJPY,5,NEW_YORK_SESSION,NEW_YORK_SESSION,159.1,159.166,159.053,159.14,1449,BULLISH,0.113,0.04,0.3539823009,0.026,0.047,0.2300884956,0.4159292035,0.7699115044,0.1751,0.2284408909,0.6453455168,0.128,0.046,0.237,0.7310108509,0.2627070246,1.3535122787,0.3404255319,0.1004366812,0.2630410655,0.056,0.4955752212,2,0,159.101,CONFIRMED_SWING_HIGH,0.039,0.2227,163.91,163.229,163.743,157.958,159.642,159.279,1785437100000,NEUTRAL,0,0.2072,0.3794,159.848,158.516,1785436200000,NEUTRAL,0,0.743,0.4975,159.848,158.516,1785434400000,BEARISH,-1,0.722,0.5821,163.743,157.958
21289,1785438600000,2026-07-30T19:10:00Z,2026-07-30T20:10:00+01:00,true,USDJPY,5,NEW_YORK_SESSION,NEW_YORK_SESSION,159.137,159.211,159.113,159.178,1303,BULLISH,0.098,0.041,0.4183673469,0.033,0.024,0.3367346939,0.2448979592,0.6632653061,0.1696,0.241745283,0.5778301887,0.29,0.152,0.302,1.7099056604,0.8962264151,1.7806603774,1,0.3551401869,0.3311403509,0.053,0.5408163265,3,0,159.101,CONFIRMED_SWING_HIGH,0.077,0.4539,163.91,163.229,163.743,157.958,159.642,159.279,1785437100000,NEUTRAL,0,0.2072,0.3794,159.848,158.516,1785436200000,NEUTRAL,0,0.743,0.4975,159.848,158.516,1785434400000,BEARISH,-1,0.722,0.5821,163.743,157.958
21290,1785438900000,2026-07-30T19:15:00Z,2026-07-30T20:15:00+01:00,true,USDJPY,5,NEW_YORK_SESSION,NEW_YORK_SESSION,159.179,159.245,159.176,159.207,1021,BULLISH,0.069,0.028,0.4057971014,0.038,0.003,0.5507246377,0.0434782609,0.4492753623,0.1624,0.1724137931,0.4248768473,0.108,0.194,0.218,0.6650246305,1.1945812808,1.342364532,1,0.4369369369,0.2632850242,0.035,0.5072463768,4,0,159.279,CONSOLIDATION_LOW,0.072,0.4432,163.91,163.229,163.743,157.958,159.642,159.279,1785438000000,NEUTRAL,0,0.0866,0.3754,159.848,158.516,1785436200000,NEUTRAL,0,0.743,0.4975,159.848,158.516,1785434400000,BEARISH,-1,0.722,0.5821,163.743,157.958
21291,1785439200000,2026-07-30T19:20:00Z,2026-07-30T20:20:00+01:00,true,USDJPY,5,NEW_YORK_SESSION,NEW_YORK_SESSION,159.208,159.237,159.176,159.219,1217,BULLISH,0.061,0.011,0.1803278689,0.018,0.032,0.2950819672,0.5245901639,0.7049180328,0.1552,0.0708762887,0.3930412371,0.079,0.207,0.142,0.5090206186,1.3337628866,0.9149484536,1,0.4549450549,0.1888297872,0.061,1,5,0,159.279,CONSOLIDATION_LOW,0.06,0.3866,163.91,163.229,163.743,157.958,159.642,159.279,1785438000000,NEUTRAL,0,0.0866,0.3754,159.848,158.516,1785436200000,NEUTRAL,0,0.743,0.4975,159.848,158.516,1785434400000,BEARISH,-1,0.722,0.5821,163.743,157.958
21292,1785439500000,2026-07-30T19:25:00Z,2026-07-30T20:25:00+01:00,true,USDJPY,5,NEW_YORK_SESSION,NEW_YORK_SESSION,159.218,159.336,159.19,159.315,1290,BULLISH,0.146,0.097,0.6643835616,0.021,0.028,0.1438356164,0.1917808219,0.8561643836,0.1545,0.6278317152,0.9449838188,0.137,0.427,0.301,0.8867313916,2.7637540453,1.9482200647,1,1,0.3834394904,0.047,0.7704918033,6,0,159.279,CONSOLIDATION_LOW,0.036,0.233,163.91,163.229,163.743,157.958,159.642,159.279,1785438000000,NEUTRAL,0,0.0866,0.3754,159.848,158.516,1785436200000,NEUTRAL,0,0.743,0.4975,159.848,158.516,1785434400000,BEARISH,-1,0.722,0.5821,163.743,157.958
21293,1785439800000,2026-07-30T19:30:00Z,2026-07-30T20:30:00+01:00,true,USDJPY,5,NEW_YORK_SESSION,NEW_YORK_SESSION,159.314,159.398,159.303,159.397,1902,BULLISH,0.095,0.083,0.8736842105,0.001,0.011,0.0105263158,0.1157894737,0.9894736842,0.1503,0.5522288756,0.6320691949,0.19,0.298,0.419,1.2641383899,1.9827012641,2.7877578177,1,1,0.504211793,0.033,0.3473684211,7,0,159.279,CONSOLIDATION_LOW,0.118,0.7852,163.91,163.229,163.743,157.958,159.642,159.279,1785438900000,NEUTRAL,0,0.0268,0.36,159.848,158.516,1785438000000,NEUTRAL,0,0.6239,0.494,159.848,158.516,1785434400000,BEARISH,-1,0.722,0.5821,163.743,157.958
21294,1785440100000,2026-07-30T19:35:00Z,2026-07-30T20:35:00+01:00,true,USDJPY,5,NEW_YORK_SESSION,NEW_YORK_SESSION,159.395,159.436,159.379,159.423,2034,BULLISH,0.057,0.028,0.4912280702,0.013,0.016,0.2280701754,0.2807017544,0.7719298246,0.1436,0.1949860724,0.3969359331,0.204,0.283,0.329,1.4206128134,1.9707520891,2.291086351,1,1,0.4439946019,0.019,0.3333333333,8,0,159.279,CONSOLIDATION_LOW,0.144,1.0026,163.91,163.229,163.743,157.958,159.642,159.279,1785438900000,NEUTRAL,0,0.0268,0.36,159.848,158.516,1785438000000,NEUTRAL,0,0.6239,0.494,159.848,158.516,1785434400000,BEARISH,-1,0.722,0.5821,163.743,157.958
21295,1785440400000,2026-07-30T19:40:00Z,2026-07-30T20:40:00+01:00,true,USDJPY,5,NEW_YORK_SESSION,NEW_YORK_SESSION,159.422,159.43,159.376,159.395,1535,BEARISH,0.054,0.027,0.5,0.008,0.019,0.1481481481,0.3518518519,0.3518518519,0.1372,0.1967930029,0.3935860058,0.08,0.217,0.369,0.583090379,1.5816326531,2.6895043732,0.5882352941,0.7948717949,0.5263908702,0.051,0.9444444444,0,1,159.279,CONSOLIDATION_LOW,0.116,0.8453,163.91,163.229,163.743,157.958,159.642,159.279,1785438900000,NEUTRAL,0,0.0268,0.36,159.848,158.516,1785438000000,NEUTRAL,0,0.6239,0.494,159.848,158.516,1785434400000,BEARISH,-1,0.722,0.5821,163.743,157.958
21296,1785440700000,2026-07-30T19:45:00Z,2026-07-30T20:45:00+01:00,true,USDJPY,5,NEW_YORK_SESSION,NEW_YORK_SESSION,159.394,159.394,159.312,159.325,1803,BEARISH,0.082,0.069,0.8414634146,0,0.013,0,0.1585365854,0.1585365854,0.1333,0.5176294074,0.6151537884,-0.072,0.118,0.312,-0.5401350338,0.8852213053,2.3405851463,0.5806451613,0.3757961783,0.4116094987,0.018,0.3333333333,0,2,159.279,CONSOLIDATION_LOW,0.046,0.345,163.91,163.229,163.743,157.958,159.642,159.279,1785439800000,NEUTRAL,0,0.0157,0.3438,159.848,158.516,1785438000000,NEUTRAL,0,0.6239,0.494,159.848,158.516,1785434400000,BEARISH,-1,0.722,0.5821,163.743,157.958
21297,1785441000000,2026-07-30T19:50:00Z,2026-07-30T20:50:00+01:00,true,USDJPY,5,NEW_YORK_SESSION,NEW_YORK_SESSION,159.324,159.431,159.305,159.382,1246,BULLISH,0.126,0.058,0.4603174603,0.049,0.019,0.3888888889,0.1507936508,0.6111111111,0.1328,0.436746988,0.9487951807,-0.041,0.163,0.37,-0.3087349398,1.2274096386,2.7861445783,0.264516129,0.4540389972,0.4545454545,0.082,1,1,0,159.436,CONFIRMED_SWING_HIGH,0.054,0.4066,163.91,163.229,163.743,157.958,159.642,159.279,1785439800000,NEUTRAL,0,0.0157,0.3438,159.848,158.516,1785438000000,NEUTRAL,0,0.6239,0.494,159.848,158.516,1785434400000,BEARISH,-1,0.722,0.5821,163.743,157.958
21298,1785441300000,2026-07-30T19:55:00Z,2026-07-30T20:55:00+01:00,true,USDJPY,5,NEW_YORK_SESSION,NEW_YORK_SESSION,159.379,159.381,159.281,159.351,1830,BEARISH,0.1,0.028,0.28,0.002,0.07,0.02,0.7,0.7,0.1306,0.2143950995,0.7656967841,-0.044,0.036,0.463,-0.336906585,0.2756508423,3.5451761103,0.2784810127,0.1224489796,0.6421636616,0.076,0.76,0,1,159.279,CONSOLIDATION_LOW,0.072,0.5515,163.91,163.229,163.743,157.958,159.642,159.279,1785439800000,NEUTRAL,0,0.0157,0.3438,159.848,158.516,1785438000000,NEUTRAL,0,0.6239,0.494,159.848,158.516,1785434400000,BEARISH,-1,0.722,0.5821,163.743,157.958
21299,1785441600000,2026-07-30T20:00:00Z,2026-07-30T21:00:00+01:00,true,USDJPY,5,OUT_OF_DEFINED_SESSIONS,OUT_OF_DEFINED_SESSIONS,159.349,159.393,159.335,159.36,1029,BULLISH,0.058,0.011,0.1896551724,0.033,0.014,0.5689655172,0.2413793103,0.4310344828,0.1254,0.0877192982,0.4625199362,0.035,-0.037,0.261,0.2791068581,-0.2950558214,2.0813397129,0.3608247423,0.1674208145,0.5028901734,0.046,0.7931034483,1,0,159.436,CONFIRMED_SWING_HIGH,0.076,0.6062,163.91,163.229,163.743,157.958,159.642,159.279,1785440700000,NEUTRAL,0,0.0222,0.33,159.848,158.516,1785439800000,NEUTRAL,0,0.6058,0.4697,159.848,158.516,1785438000000,BEARISH,-1,0.5981,0.5797,163.743,157.958
21300,1785441900000,2026-07-30T20:05:00Z,2026-07-30T21:05:00+01:00,true,USDJPY,5,OUT_OF_DEFINED_SESSIONS,OUT_OF_DEFINED_SESSIONS,159.361,159.401,159.358,159.363,929,BULLISH,0.043,0.002,0.0465116279,0.038,0.003,0.8837209302,0.0697674419,0.1162790698,0.1195,0.0167364017,0.359832636,-0.019,-0.06,0.223,-0.1589958159,-0.5020920502,1.8661087866,0.4418604651,0.303030303,0.4636174636,0.035,0.8139534884,2,0,159.436,CONFIRMED_SWING_HIGH,0.073,0.611,163.91,163.229,163.743,157.958,159.642,159.279,1785440700000,NEUTRAL,0,0.0222,0.33,159.848,158.516,1785439800000,NEUTRAL,0,0.6058,0.4697,159.848,158.516,1785438000000,BEARISH,-1,0.5981,0.5797,163.743,157.958
21301,1785442200000,2026-07-30T20:10:00Z,2026-07-30T21:10:00+01:00,true,USDJPY,5,OUT_OF_DEFINED_SESSIONS,OUT_OF_DEFINED_SESSIONS,159.364,159.398,159.354,159.393,484,BULLISH,0.044,0.029,0.6590909091,0.005,0.01,0.1136363636,0.2272727273,0.8863636364,0.1141,0.2541630149,0.3856266433,0.042,-0.002,0.215,0.3680981595,-0.0175284838,1.884312007,1,0.01,0.4545454545,0.04,0.9302325581,3,0,159.436,CONFIRMED_SWING_HIGH,0.043,0.3769,163.91,163.229,163.743,157.958,159.642,159.279,1785440700000,NEUTRAL,0,0.0222,0.33,159.848,158.516,1785439800000,NEUTRAL,0,0.6058,0.4697,159.848,158.516,1785438000000,BEARISH,-1,0.5981,0.5797,163.743,157.958
21302,1785442500000,2026-07-30T20:15:00Z,2026-07-30T21:15:00+01:00,true,USDJPY,5,OUT_OF_DEFINED_SESSIONS,OUT_OF_DEFINED_SESSIONS,159.394,159.47,159.382,159.46,1052,BULLISH,0.088,0.066,0.75,0.01,0.012,0.1136363636,0.1363636364,0.8863636364,0.1122,0.5882352941,0.7843137255,0.1,0.135,0.253,0.8912655971,1.2032085561,2.2549019608,1,0.6852791878,0.4951076321,0.016,0.3636363636,4,0,159.436,CONFIRMED_SWING_HIGH,0.024,0.2138,163.91,163.229,163.743,157.958,159.642,159.279,1785441600000,NEUTRAL,0,0.0108,0.3111,159.848,158.516,1785439800000,NEUTRAL,0,0.6058,0.4697,159.848,158.516,1785438000000,BEARISH,-1,0.5981,0.5797,163.743,157.958
21303,1785442800000,2026-07-30T20:20:00Z,2026-07-30T21:20:00+01:00,true,USDJPY,5,OUT_OF_DEFINED_SESSIONS,OUT_OF_DEFINED_SESSIONS,159.462,159.522,159.454,159.509,940,BULLISH,0.068,0.047,0.6911764706,0.013,0.008,0.1911764706,0.1176470588,0.8088235294,0.1091,0.4307974335,0.6232813932,0.146,0.127,0.29,1.3382218148,1.1640696609,2.658111824,1,0.671957672,0.5291970803,0.016,0.2352941176,5,0,159.436,CONFIRMED_SWING_HIGH,0.073,0.6693,163.91,163.229,163.743,157.958,159.642,159.279,1785441600000,NEUTRAL,0,0.0108,0.3111,159.848,158.516,1785439800000,NEUTRAL,0,0.6058,0.4697,159.848,158.516,1785438000000,BEARISH,-1,0.5981,0.5797,163.743,157.958
21304,1785443100000,2026-07-30T20:25:00Z,2026-07-30T21:25:00+01:00,true,USDJPY,5,OUT_OF_DEFINED_SESSIONS,OUT_OF_DEFINED_SESSIONS,159.509,159.518,159.473,159.498,842,BEARISH,0.045,0.011,0.2444444444,0.009,0.025,0.2,0.5555555556,0.5555555556,0.1045,0.1052631579,0.4306220096,0.105,0.147,0.183,1.004784689,1.4066985646,1.7511961722,0.8267716535,0.8698224852,0.3952483801,0.045,1,0,1,159.436,CONFIRMED_SWING_HIGH,0.062,0.5933,163.91,163.229,163.743,157.958,159.642,159.279,1785441600000,NEUTRAL,0,0.0108,0.3111,159.848,158.516,1785439800000,NEUTRAL,0,0.6058,0.4697,159.848,158.516,1785438000000,BEARISH,-1,0.5981,0.5797,163.743,157.958
21305,1785443400000,2026-07-30T20:30:00Z,2026-07-30T21:30:00+01:00,true,USDJPY,5,OUT_OF_DEFINED_SESSIONS,OUT_OF_DEFINED_SESSIONS,159.497,159.516,159.344,159.5,1238,BULLISH,0.172,0.003,0.0174418605,0.016,0.153,0.0930232558,0.8895348837,0.9069767442,0.1093,0.0274473925,1.5736505032,0.04,0.14,0.103,0.3659652333,1.2808783166,0.9423604758,0.6451612903,0.8641975309,0.2689295039,0.043,0.9555555556,1,0,159.436,CONFIRMED_SWING_HIGH,0.064,0.5855,163.91,163.229,163.743,157.958,159.642,159.279,1785442500000,NEUTRAL,0,0.0158,0.2989,159.848,158.516,1785441600000,NEUTRAL,0,0.5405,0.4495,159.848,158.516,1785438000000,BEARISH,-1,0.5981,0.5797,163.743,157.958
21306,1785443700000,2026-07-30T20:35:00Z,2026-07-30T21:35:00+01:00,true,USDJPY,5,OUT_OF_DEFINED_SESSIONS,OUT_OF_DEFINED_SESSIONS,159.502,159.547,159.479,159.496,704,BEARISH,0.068,0.006,0.0882352941,0.045,0.017,0.6617647059,0.25,0.25,0.1064,0.0563909774,0.6390977444,-0.013,0.133,0.073,-0.1221804511,1.25,0.6860902256,0.7647058824,0.8159509202,0.2022160665,0.037,0.5441176471,0,1,159.436,CONFIRMED_SWING_HIGH,0.06,0.5641,163.91,163.229,163.743,157.958,159.642,159.279,1785442500000,NEUTRAL,0,0.0158,0.2989,159.848,158.516,1785441600000,NEUTRAL,0,0.5405,0.4495,159.848,158.516,1785438000000,BEARISH,-1,0.5981,0.5797,163.743,157.958
21307,1785444000000,2026-07-30T20:40:00Z,2026-07-30T21:40:00+01:00,true,USDJPY,5,OUT_OF_DEFINED_SESSIONS,OUT_OF_DEFINED_SESSIONS,159.497,159.542,159.478,159.541,657,BULLISH,0.064,0.044,0.6875,0.001,0.019,0.015625,0.296875,0.984375,0.1033,0.4259438529,0.6195546951,0.043,0.148,0.146,0.4162633107,1.4327202323,1.4133591481,0.8431372549,0.8314606742,0.3862433862,0.063,0.984375,1,0,159.642,CONSOLIDATION_HIGH,0.101,0.9774,163.91,163.229,163.743,157.958,159.642,159.279,1785442500000,NEUTRAL,0,0.0158,0.2989,159.848,158.516,1785441600000,NEUTRAL,0,0.5405,0.4495,159.848,158.516,1785438000000,BEARISH,-1,0.5981,0.5797,163.743,157.958
21308,1785444300000,2026-07-30T20:45:00Z,2026-07-30T21:45:00+01:00,true,USDJPY,5,OUT_OF_DEFINED_SESSIONS,OUT_OF_DEFINED_SESSIONS,159.542,159.607,159.522,159.602,1726,BULLISH,0.085,0.06,0.7058823529,0.005,0.02,0.0588235294,0.2352941176,0.9411764706,0.102,0.5882352941,0.8333333333,0.102,0.142,0.277,1,1.3921568627,2.7156862745,0.9272727273,0.8255813953,0.7506775068,0.02,0.3125,2,0,159.642,CONSOLIDATION_HIGH,0.04,0.392,163.91,163.229,163.743,157.958,159.642,159.279,1785443400000,NEUTRAL,0,0.0781,0.292,159.848,158.516,1785441600000,NEUTRAL,0,0.5405,0.4495,159.848,158.516,1785438000000,BEARISH,-1,0.5981,0.5797,163.743,157.958
21309,1785444600000,2026-07-30T20:50:00Z,2026-07-30T21:50:00+01:00,true,USDJPY,5,OUT_OF_DEFINED_SESSIONS,OUT_OF_DEFINED_SESSIONS,159.601,159.602,159.558,159.59,1176,BEARISH,0.044,0.011,0.25,0.001,0.032,0.0227272727,0.7272727273,0.7272727273,0.0979,0.1123595506,0.4494382022,0.094,0.081,0.208,0.9601634321,0.8273748723,2.1246169561,0.7966101695,0.6,0.6419753086,0.044,1,0,1,159.642,CONSOLIDATION_HIGH,0.052,0.5312,163.91,163.229,163.743,157.958,159.642,159.279,1785443400000,NEUTRAL,0,0.0781,0.292,159.848,158.516,1785441600000,NEUTRAL,0,0.5405,0.4495,159.848,158.516,1785438000000,BEARISH,-1,0.5981,0.5797,163.743,157.958
21310,1785444900000,2026-07-30T20:55:00Z,2026-07-30T21:55:00+01:00,true,USDJPY,5,OUT_OF_DEFINED_SESSIONS,OUT_OF_DEFINED_SESSIONS,159.589,159.591,159.457,159.508,1250,BEARISH,0.134,0.081,0.6044776119,0.002,0.051,0.0149253731,0.3805970149,0.3805970149,0.1005,0.8059701493,1.3333333333,-0.033,0.01,0.157,-0.328358209,0.0995024876,1.5621890547,0.2129032258,0.0485436893,0.4186666667,0.033,0.75,0,2,159.436,CONFIRMED_SWING_HIGH,0.072,0.7167,163.91,163.229,163.743,157.958,159.642,159.279,1785443400000,NEUTRAL,0,0.0781,0.292,159.848,158.516,1785441600000,NEUTRAL,0,0.5405,0.4495,159.848,158.516,1785438000000,BEARISH,-1,0.5981,0.5797,163.743,157.958
21311,1785445200000,2026-07-30T21:00:00Z,2026-07-30T22:00:00+01:00,true,USDJPY,5,ASIAN_OVERNIGHT,ASIAN_OVERNIGHT,159.493,159.493,159.395,159.404,91,BEARISH,0.098,0.089,0.9081632653,0,0.009,0,0.0918367347,0.0918367347,0.1014,0.8777120316,0.966469428,-0.198,-0.096,0.044,-1.9526627219,-0.9467455621,0.4339250493,1,0.3116883117,0.0936170213,0.036,0.3673469388,0,3,159.344,CONFIRMED_SWING_LOW,0.06,0.592,163.743,157.958,163.048,157.958,159.642,159.279,1785444300000,NEUTRAL,0,0.0128,0.2819,159.848,158.516,1785443400000,NEUTRAL,0,0.5345,0.4362,159.848,158.516,1785441600000,BEARISH,-1,0.6057,0.5577,163.743,157.958
21312,1785445500000,2026-07-30T21:05:00Z,2026-07-30T22:05:00+01:00,true,USDJPY,5,ASIAN_OVERNIGHT,ASIAN_OVERNIGHT,159.404,159.477,159.404,159.412,253,BULLISH,0.073,0.008,0.1095890411,0.065,0,0.8904109589,0,0.1095890411,0.0993,0.0805639476,0.7351460222,-0.178,-0.084,0.049,-1.7925478348,-0.8459214502,0.4934541793,0.9175257732,0.2692307692,0.1031578947,0.073,1,1,0,159.344,CONFIRMED_SWING_LOW,0.068,0.6846,163.743,157.958,163.048,157.958,159.642,159.279,1785444300000,NEUTRAL,0,0.0128,0.2819,159.848,158.516,1785443400000,NEUTRAL,0,0.5345,0.4362,159.848,158.516,1785441600000,BEARISH,-1,0.6057,0.5577,163.743,157.958
21313,1785445800000,2026-07-30T21:10:00Z,2026-07-30T22:10:00+01:00,true,USDJPY,5,ASIAN_OVERNIGHT,ASIAN_OVERNIGHT,159.412,159.474,159.396,159.474,186,BULLISH,0.078,0.062,0.7948717949,0,0.016,0,0.2051282051,1,0.0978,0.6339468303,0.7975460123,-0.034,-0.067,0.081,-0.3476482618,-0.6850715746,0.8282208589,0.1954022989,0.2036474164,0.1597633136,0.07,0.9589041096,2,0,159.344,CONFIRMED_SWING_LOW,0.13,1.3291,163.743,157.958,163.048,157.958,159.642,159.279,1785444300000,NEUTRAL,0,0.0128,0.2819,159.848,158.516,1785443400000,NEUTRAL,0,0.5345,0.4362,159.848,158.516,1785441600000,BEARISH,-1,0.6057,0.5577,163.743,157.958
21314,1785446100000,2026-07-30T21:15:00Z,2026-07-30T22:15:00+01:00,true,USDJPY,5,ASIAN_OVERNIGHT,ASIAN_OVERNIGHT,159.474,159.493,159.472,159.491,157,BULLISH,0.021,0.017,0.8095238095,0.002,0.002,0.0952380952,0.0952380952,0.9047619048,0.0923,0.1841820152,0.2275189599,0.087,-0.111,0.031,0.9425785482,-1.2026002167,0.3358613218,1,0.3894736842,0.067833698,0.002,0.0952380952,3,0,159.395,CONFIRMED_SWING_LOW,0.096,1.0398,163.743,157.958,163.048,157.958,159.642,159.279,1785445200000,NEUTRAL,0,0.0092,0.2698,159.848,158.516,1785443400000,NEUTRAL,0,0.5345,0.4362,159.848,158.516,1785441600000,BEARISH,-1,0.6057,0.5577,163.743,157.958
21315,1785446400000,2026-07-30T21:20:00Z,2026-07-30T22:20:00+01:00,true,USDJPY,5,ASIAN_OVERNIGHT,ASIAN_OVERNIGHT,159.492,159.493,159.483,159.488,81,BEARISH,0.01,0.004,0.4,0.001,0.005,0.1,0.5,0.5,0.0864,0.0462962963,0.1157407407,0.076,-0.102,-0.021,0.8796296296,-1.1805555556,-0.2430555556,0.9268292683,0.3695652174,0.0510948905,0.01,1,0,1,159.395,CONFIRMED_SWING_LOW,0.093,1.0759,163.743,157.958,163.048,157.958,159.642,159.279,1785445200000,NEUTRAL,0,0.0092,0.2698,159.848,158.516,1785443400000,NEUTRAL,0,0.5345,0.4362,159.848,158.516,1785441600000,BEARISH,-1,0.6057,0.5577,163.743,157.958
21316,1785446700000,2026-07-30T21:25:00Z,2026-07-30T22:25:00+01:00,true,USDJPY,5,ASIAN_OVERNIGHT,ASIAN_OVERNIGHT,159.489,159.523,159.478,159.522,118,BULLISH,0.045,0.033,0.7333333333,0.001,0.011,0.0222222222,0.2444444444,0.9777777778,0.0835,0.3952095808,0.5389221557,0.048,0.014,0.024,0.5748502994,0.1676646707,0.2874251497,0.8888888889,0.0614035088,0.0552995392,0.01,1,1,0,159.607,CONFIRMED_SWING_HIGH,0.085,1.0182,163.743,157.958,163.048,157.958,159.642,159.279,1785445200000,NEUTRAL,0,0.0092,0.2698,159.848,158.516,1785443400000,NEUTRAL,0,0.5345,0.4362,159.848,158.516,1785441600000,BEARISH,-1,0.6057,0.5577,163.743,157.958
21317,1785447000000,2026-07-30T21:30:00Z,2026-07-30T22:30:00+01:00,true,USDJPY,5,ASIAN_OVERNIGHT,ASIAN_OVERNIGHT,159.514,159.542,159.508,159.539,153,BULLISH,0.034,0.025,0.7352941176,0.003,0.006,0.0882352941,0.1764705882,0.9117647059,0.0799,0.3128911139,0.4255319149,0.048,0.135,0.039,0.6007509387,1.689612015,0.4881101377,0.8888888889,0.9574468085,0.0868596882,0.015,0.4411764706,2,0,159.607,CONFIRMED_SWING_HIGH,0.068,0.8506,163.743,157.958,163.048,157.958,159.642,159.279,1785446100000,NEUTRAL,0,0.0297,0.2542,159.607,158.516,1785445200000,NEUTRAL,0,0.5655,0.4142,159.848,158.516,1785441600000,BEARISH,-1,0.6057,0.5577,163.743,157.958
21318,1785447300000,2026-07-30T21:35:00Z,2026-07-30T22:35:00+01:00,true,USDJPY,5,ASIAN_OVERNIGHT,ASIAN_OVERNIGHT,159.539,159.554,159.515,159.552,152,BULLISH,0.039,0.013,0.3333333333,0.002,0.024,0.0512820513,0.6153846154,0.9487179487,0.077,0.1688311688,0.5064935065,0.064,0.14,0.056,0.8311688312,1.8181818182,0.7272727273,1,0.9589041096,0.1222707424,0.027,0.7941176471,3,0,159.607,CONFIRMED_SWING_HIGH,0.055,0.7141,163.743,157.958,163.048,157.958,159.642,159.279,1785446100000,NEUTRAL,0,0.0297,0.2542,159.607,158.516,1785445200000,NEUTRAL,0,0.5655,0.4142,159.848,158.516,1785441600000,BEARISH,-1,0.6057,0.5577,163.743,157.958
21319,1785447600000,2026-07-30T21:40:00Z,2026-07-30T22:40:00+01:00,true,USDJPY,5,ASIAN_OVERNIGHT,ASIAN_OVERNIGHT,159.551,159.602,159.549,159.589,164,BULLISH,0.053,0.038,0.7169811321,0.013,0.002,0.2452830189,0.0377358491,0.7547169811,0.0753,0.5046480744,0.7038512616,0.067,0.115,0.048,0.8897742364,1.5272244356,0.6374501992,1,0.9504132231,0.1066666667,0.005,0.1282051282,4,0,159.607,CONFIRMED_SWING_HIGH,0.018,0.239,163.743,157.958,163.048,157.958,159.642,159.279,1785446100000,NEUTRAL,0,0.0297,0.2542,159.607,158.516,1785445200000,NEUTRAL,0,0.5655,0.4142,159.848,158.516,1785441600000,BEARISH,-1,0.6057,0.5577,163.743,157.958
21320,1785447900000,2026-07-30T21:45:00Z,2026-07-30T22:45:00+01:00,true,USDJPY,5,ASIAN_OVERNIGHT,ASIAN_OVERNIGHT,159.588,159.597,159.567,159.573,197,BEARISH,0.03,0.015,0.5,0.009,0.006,0.3,0.2,0.2,0.0721,0.2080443828,0.4160887656,0.034,0.082,-0.029,0.4715672677,1.1373092926,-0.4022191401,0.5151515152,0.6833333333,0.0716049383,0.03,1,0,1,159.607,CONFIRMED_SWING_HIGH,0.034,0.4718,163.743,157.958,163.048,157.958,159.642,159.279,1785447000000,NEUTRAL,0,0.0033,0.2428,159.607,158.516,1785445200000,NEUTRAL,0,0.5655,0.4142,159.848,158.516,1785441600000,BEARISH,-1,0.6057,0.5577,163.743,157.958
21321,1785448200000,2026-07-30T21:50:00Z,2026-07-30T22:50:00+01:00,true,USDJPY,5,ASIAN_OVERNIGHT,ASIAN_OVERNIGHT,159.571,159.632,159.562,159.621,406,BULLISH,0.07,0.05,0.7142857143,0.011,0.009,0.1571428571,0.1285714286,0.8428571429,0.0719,0.6954102921,0.9735744089,0.069,0.133,0.031,0.9596662031,1.8497913769,0.4311543811,0.6831683168,0.8060606061,0.0702947846,0.03,1,1,0,159.607,CONFIRMED_SWING_HIGH,0.014,0.1947,163.743,157.958,163.048,157.958,159.642,159.279,1785447000000,NEUTRAL,0,0.0033,0.2428,159.607,158.516,1785445200000,NEUTRAL,0,0.5655,0.4142,159.848,158.516,1785441600000,BEARISH,-1,0.6057,0.5577,163.743,157.958
21322,1785448500000,2026-07-30T21:55:00Z,2026-07-30T22:55:00+01:00,true,USDJPY,5,ASIAN_OVERNIGHT,ASIAN_OVERNIGHT,159.619,159.646,159.588,159.639,352,BULLISH,0.058,0.02,0.3448275862,0.007,0.031,0.1206896552,0.5344827586,0.8793103448,0.0709,0.2820874471,0.8180535966,0.05,0.117,0.131,0.7052186178,1.6502115656,1.8476727786,0.6097560976,0.7852348993,0.3474801061,0.044,0.7586206897,2,0,159.642,CONSOLIDATION_HIGH,0.003,0.0423,163.743,157.958,163.048,157.958,159.642,159.279,1785447000000,NEUTRAL,0,0.0033,0.2428,159.607,158.516,1785445200000,NEUTRAL,0,0.5655,0.4142,159.848,158.516,1785441600000,BEARISH,-1,0.6057,0.5577,163.743,157.958
21323,1785448800000,2026-07-30T22:00:00Z,2026-07-30T23:00:00+01:00,true,USDJPY,5,ASIAN_OVERNIGHT,ASIAN_OVERNIGHT,159.653,159.653,159.502,159.505,2347,BEARISH,0.151,0.148,0.9801324503,0,0.003,0,0.0198675497,0.0198675497,0.0766,1.9321148825,1.9712793734,-0.068,-0.034,0.101,-0.8877284595,-0.4438642298,1.318537859,0.34,0.1278195489,0.2481572482,0.058,1,0,1,159.607,CONFIRMED_SWING_HIGH,0.102,1.3308,163.743,157.958,163.048,157.958,159.642,159.279,1785447900000,NEUTRAL,0,0.0266,0.2314,159.607,158.516,1785447000000,NEUTRAL,0,0.5308,0.3945,159.848,158.516,1785445200000,BEARISH,-1,0.576,0.5358,163.743,157.958
21324,1785449100000,2026-07-30T22:05:00Z,2026-07-30T23:05:00+01:00,true,USDJPY,5,ASIAN_OVERNIGHT,ASIAN_OVERNIGHT,159.503,159.631,159.495,159.615,1271,BULLISH,0.136,0.112,0.8235294118,0.016,0.008,0.1176470588,0.0588235294,0.8823529412,0.0809,1.3844252163,1.6810877627,-0.006,0.063,0.203,-0.0741656366,0.7787391842,2.5092707046,0.0229007634,0.173553719,0.3988212181,0.129,0.9485294118,1,0,159.607,CONFIRMED_SWING_HIGH,0.008,0.0989,163.743,157.958,163.048,157.958,159.642,159.279,1785447900000,NEUTRAL,0,0.0266,0.2314,159.607,158.516,1785447000000,NEUTRAL,0,0.5308,0.3945,159.848,158.516,1785445200000,BEARISH,-1,0.576,0.5358,163.743,157.958
21325,1785449400000,2026-07-30T22:10:00Z,2026-07-30T23:10:00+01:00,true,USDJPY,5,ASIAN_OVERNIGHT,ASIAN_OVERNIGHT,159.612,159.707,159.606,159.677,872,BULLISH,0.101,0.065,0.6435643564,0.03,0.006,0.297029703,0.0594059406,0.702970297,0.0823,0.7897934386,1.227217497,0.038,0.088,0.203,0.4617253949,1.0692588092,2.4665856622,0.1241830065,0.2268041237,0.3988212181,0.025,0.2475247525,2,0,159.642,CONSOLIDATION_HIGH,0.035,0.4251,163.743,157.958,163.048,157.958,159.642,159.279,1785447900000,NEUTRAL,0,0.0266,0.2314,159.607,158.516,1785447000000,NEUTRAL,0,0.5308,0.3945,159.848,158.516,1785445200000,BEARISH,-1,0.576,0.5358,163.743,157.958
21326,1785449700000,2026-07-30T22:15:00Z,2026-07-30T23:15:00+01:00,true,USDJPY,5,ASIAN_OVERNIGHT,ASIAN_OVERNIGHT,159.679,159.771,159.66,159.723,1204,BULLISH,0.111,0.044,0.3963963964,0.048,0.019,0.4324324324,0.1711711712,0.5675675676,0.0844,0.5213270142,1.3151658768,0.218,0.15,0.232,2.5829383886,1.7772511848,2.7488151659,1,0.3588516746,0.4312267658,0.047,0.4653465347,3,0,159.642,CONSOLIDATION_HIGH,0.081,0.96,163.743,157.958,163.048,157.958,159.642,159.279,1785448800000,NEUTRAL,0,0.004,0.23,159.607,158.516,1785447000000,NEUTRAL,0,0.5308,0.3945,159.848,158.516,1785445200000,BEARISH,-1,0.576,0.5358,163.743,157.958
21327,1785450000000,2026-07-30T22:20:00Z,2026-07-30T23:20:00+01:00,true,USDJPY,5,ASIAN_OVERNIGHT,ASIAN_OVERNIGHT,159.722,159.789,159.718,159.756,1302,BULLISH,0.071,0.034,0.4788732394,0.033,0.004,0.4647887324,0.0563380282,0.5352112676,0.0834,0.4076738609,0.8513189448,0.141,0.135,0.268,1.690647482,1.618705036,3.2134292566,1,0.3349875931,0.4718309859,0.053,0.7464788732,4,0,159.642,CONSOLIDATION_HIGH,0.114,1.3666,163.743,157.958,163.048,157.958,159.642,159.279,1785448800000,NEUTRAL,0,0.004,0.23,159.607,158.516,1785447000000,NEUTRAL,0,0.5308,0.3945,159.848,158.516,1785445200000,BEARISH,-1,0.576,0.5358,163.743,157.958
21328,1785450300000,2026-07-30T22:25:00Z,2026-07-30T23:25:00+01:00,true,USDJPY,5,ASIAN_OVERNIGHT,ASIAN_OVERNIGHT,159.757,159.784,159.723,159.724,917,BEARISH,0.061,0.033,0.5409836066,0.027,0.001,0.4426229508,0.0163934426,0.0163934426,0.0818,0.4034229829,0.7457212714,0.047,0.085,0.202,0.5745721271,1.0391198044,2.4694376528,0.4234234234,0.2038369305,0.3568904594,0.061,1,0,1,159.642,CONSOLIDATION_HIGH,0.082,1.0022,163.743,157.958,163.048,157.958,159.642,159.279,1785448800000,NEUTRAL,0,0.004,0.23,159.607,158.516,1785447000000,NEUTRAL,0,0.5308,0.3945,159.848,158.516,1785445200000,BEARISH,-1,0.576,0.5358,163.743,157.958
21329,1785450600000,2026-07-30T22:30:00Z,2026-07-30T23:30:00+01:00,true,USDJPY,5,ASIAN_OVERNIGHT,ASIAN_OVERNIGHT,159.728,159.76,159.711,159.714,978,BEARISH,0.049,0.014,0.2857142857,0.032,0.003,0.6530612245,0.0612244898,0.0612244898,0.0795,0.1761006289,0.6163522013,-0.009,0.209,0.175,-0.1132075472,2.6289308176,2.2012578616,0.12,0.7133105802,0.313059034,0.037,0.7551020408,0,2,159.642,CONSOLIDATION_HIGH,0.072,0.906,163.743,157.958,163.048,157.958,159.642,159.279,1785449700000,NEUTRAL,0,0.0246,0.2228,159.607,158.516,1785448800000,NEUTRAL,0,0.5101,0.3873,159.848,158.516,1785445200000,BEARISH,-1,0.576,0.5358,163.743,157.958
21330,1785450900000,2026-07-30T22:35:00Z,2026-07-30T23:35:00+01:00,true,USDJPY,5,ASIAN_OVERNIGHT,ASIAN_OVERNIGHT,159.715,159.735,159.358,159.484,2410,BEARISH,0.377,0.231,0.6127320955,0.02,0.126,0.0530503979,0.3342175066,0.3342175066,0.1007,2.2939424032,3.7437934459,-0.272,-0.131,-0.068,-2.7010923535,-1.3008937438,-0.6752730884,1,0.3171912833,0.087628866,0.024,0.4897959184,0,3,159.495,CONFIRMED_SWING_LOW,0.011,0.1092,163.743,157.958,163.048,157.958,159.642,159.279,1785449700000,NEUTRAL,0,0.0246,0.2228,159.607,158.516,1785448800000,NEUTRAL,0,0.5101,0.3873,159.848,158.516,1785445200000,BEARISH,-1,0.576,0.5358,163.743,157.958
21331,1785451200000,2026-07-30T22:40:00Z,2026-07-30T23:40:00+01:00,true,USDJPY,5,ASIAN_OVERNIGHT,ASIAN_OVERNIGHT,159.483,159.652,159.47,159.589,3094,BULLISH,0.182,0.106,0.5824175824,0.063,0.013,0.3461538462,0.0714285714,0.6538461538,0.1065,0.9953051643,1.7089201878,-0.135,-0.088,0,-1.2676056338,-0.8262910798,0,0.3913043478,0.1929824561,0,0.182,1,1,0,159.642,CONSOLIDATION_HIGH,0.053,0.4975,163.743,157.958,163.048,157.958,159.642,159.279,1785449700000,NEUTRAL,0,0.0246,0.2228,159.607,158.516,1785448800000,NEUTRAL,0,0.5101,0.3873,159.848,158.516,1785445200000,BEARISH,-1,0.576,0.5358,163.743,157.958
21332,1785451500000,2026-07-30T22:45:00Z,2026-07-30T23:45:00+01:00,true,USDJPY,5,ASIAN_OVERNIGHT,ASIAN_OVERNIGHT,159.588,159.623,159.553,159.614,1877,BULLISH,0.07,0.026,0.3714285714,0.009,0.035,0.1285714286,0.5,0.8714285714,0.1039,0.250240616,0.6737247353,-0.1,-0.109,0.041,-0.9624639076,-1.0490856593,0.3946102021,0.2777777778,0.2505747126,0.0480656506,0.07,1,2,0,159.642,CONSOLIDATION_HIGH,0.028,0.2694,163.743,157.958,163.048,157.958,159.642,159.279,1785450600000,NEUTRAL,0,0.4408,0.2356,159.607,158.516,1785448800000,NEUTRAL,0,0.5101,0.3873,159.848,158.516,1785445200000,BEARISH,-1,0.576,0.5358,163.743,157.958
21333,1785451800000,2026-07-30T22:50:00Z,2026-07-30T23:50:00+01:00,true,USDJPY,5,ASIAN_OVERNIGHT,ASIAN_OVERNIGHT,159.615,159.718,159.606,159.69,1552,BULLISH,0.112,0.075,0.6696428571,0.028,0.009,0.25,0.0803571429,0.75,0.1045,0.7177033493,1.0717703349,0.206,-0.066,0.069,1.971291866,-0.6315789474,0.6602870813,1,0.1380753138,0.0783200908,0.017,0.2428571429,3,0,159.642,CONSOLIDATION_HIGH,0.048,0.4593,163.743,157.958,163.048,157.958,159.642,159.279,1785450600000,NEUTRAL,0,0.4408,0.2356,159.607,158.516,1785448800000,NEUTRAL,0,0.5101,0.3873,159.848,158.516,1785445200000,BEARISH,-1,0.576,0.5358,163.743,157.958
