timestamp_utc,open,high,low,close,tick_volume,spread_points,real_volume
2023-01-03 00:00:00,130.71100000000001,131.40299999999999,129.81299999999999,130.154,23339,0,3531172000
2023-01-03 04:00:00,130.154,130.30799999999999,129.50800000000001,129.81800000000001,25776,0,3976356000
2023-01-03 08:00:00,129.81700000000001,130.96199999999999,129.61699999999999,130.41800000000001,43028,0,7605394000
2023-01-03 12:00:00,130.416,131.19300000000001,130.36199999999999,130.65600000000001,37689,0,7238894000
2023-01-03 16:00:00,130.65600000000001,131.10599999999999,130.05500000000001,130.797,41242,0,7872144000
2023-01-03 20:00:00,130.79300000000001,131.03399999999999,130.57499999999999,130.982,16024,0,3318472000
2023-01-04 00:00:00,130.98400000000001,131.46899999999999,130.583,130.648,27230,0,4246614000
2023-01-04 04:00:00,130.649,130.99600000000001,130.61799999999999,130.852,18546,0,2742378000
2023-01-04 08:00:00,130.851,130.87899999999999,129.92599999999999,130.423,39080,0,6342510000
2023-01-04 12:00:00,130.422,130.97800000000001,130.279,130.709,31654,0,5822782000
2023-01-04 16:00:00,130.71000000000001,132.714,130.69800000000001,132.55600000000001,47614,0,9236476000
2023-01-04 20:00:00,132.55099999999999,132.71799999999999,132.387,132.59299999999999,26771,0,4631444000
2023-01-05 00:00:00,132.59299999999999,132.59299999999999,131.68100000000001,131.97300000000001,22797,0,3454626000
2023-01-05 04:00:00,131.97399999999999,132.626,131.92500000000001,132.482,25404,0,3772830000
2023-01-05 08:00:00,132.482,132.904,132.244,132.53399999999999,33944,0,5619952000
2023-01-05 12:00:00,132.52600000000001,133.72499999999999,132.327,133.685,39653,0,8329574000
2023-01-05 16:00:00,133.68600000000001,134.05500000000001,133.071,133.24799999999999,43389,0,11114430000
2023-01-05 20:00:00,133.24700000000001,133.43899999999999,132.95400000000001,133.32900000000001,22966,0,6007234000
2023-01-06 00:00:00,133.34899999999999,133.81100000000001,133.268,133.80099999999999,21971,0,5547018000
2023-01-06 04:00:00,133.80199999999999,134.37100000000001,133.58199999999999,134.15899999999999,20165,0,5149338000
2023-01-06 08:00:00,134.16499999999999,134.596,133.70400000000001,134.41,32034,0,8158340000
2023-01-06 12:00:00,134.411,134.774,133.23699999999999,133.37,38086,0,9633448000
2023-01-06 16:00:00,133.374,134.09899999999999,132.08000000000001,132.10900000000001,53258,0,13468260000
2023-01-06 20:00:00,132.10300000000001,132.21199999999999,131.995,132.095,14452,0,3699480000
2023-01-09 00:00:00,131.917,132.291,131.59100000000001,131.744,20466,0,5168468000
2023-01-09 04:00:00,131.74199999999999,131.91300000000001,131.304,131.84399999999999,18922,0,4806914000
2023-01-09 08:00:00,131.845,132.57300000000001,131.61600000000001,132.44300000000001,34546,0,8727908000
2023-01-09 12:00:00,132.44399999999999,132.65700000000001,131.727,131.78100000000001,33469,0,8541606000
2023-01-09 16:00:00,131.78200000000001,132.06899999999999,131.553,131.761,35388,0,9035664000
2023-01-09 20:00:00,131.75899999999999,131.89099999999999,131.53200000000001,131.84899999999999,16559,0,4219840000
2023-01-10 00:00:00,131.75200000000001,132.221,131.38499999999999,131.52000000000001,24657,0,6194558000
2023-01-10 04:00:00,131.51900000000001,132.03399999999999,131.488,131.76900000000001,22418,0,5844680000
2023-01-10 08:00:00,131.77099999999999,132.292,131.69,131.822,35342,0,9189776000
2023-01-10 12:00:00,131.821,132.477,131.816,132.28899999999999,31761,0,8219564000
2023-01-10 16:00:00,132.28999999999999,132.34200000000001,131.727,132.20699999999999,46113,0,11875240000
2023-01-10 20:00:00,132.21000000000001,132.304,132.149,132.215,16068,0,3924494000
2023-01-11 00:00:00,132.21600000000001,132.52699999999999,132.065,132.39599999999999,19375,0,3290588000
2023-01-11 04:00:00,132.39599999999999,132.583,132.13399999999999,132.262,14340,0,1861338000
2023-01-11 08:00:00,132.262,132.74700000000001,132.16200000000001,132.482,23970,0,3523102000
2023-01-11 12:00:00,132.482,132.87299999999999,132.316,132.697,26076,0,4134020000
2023-01-11 16:00:00,132.696,132.75,132.37899999999999,132.48500000000001,30539,0,6750580000
2023-01-11 20:00:00,132.48599999999999,132.70400000000001,132.286,132.42699999999999,20705,0,4371016000
2023-01-12 00:00:00,132.42599999999999,132.48099999999999,131.53800000000001,131.66800000000001,26332,0,3951234000
2023-01-12 04:00:00,131.66999999999999,131.81200000000001,131.364,131.63900000000001,16136,0,2177398000
2023-01-12 08:00:00,131.637,131.90199999999999,130.85499999999999,130.96000000000001,29660,0,4283962000
2023-01-12 12:00:00,130.96000000000001,131.215,129.499,129.65199999999999,39465,0,5900264000
2023-01-12 16:00:00,129.65000000000001,130.785,129.17500000000001,129.196,56549,0,8609104000
2023-01-12 20:00:00,129.19499999999999,129.44499999999999,128.86199999999999,129.24100000000001,23308,0,3494880000
2023-01-13 00:00:00,129.203,129.42400000000001,128.64599999999999,128.935,28702,0,4032104000
2023-01-13 04:00:00,128.935,129.30199999999999,128.92500000000001,129.166,20456,0,2513344000
2023-01-13 08:00:00,129.167,129.17099999999999,128.10900000000001,128.52600000000001,36341,0,4594508000
2023-01-13 12:00:00,128.524,128.83199999999999,128.16900000000001,128.24299999999999,29985,0,3943130000
2023-01-13 16:00:00,128.24100000000001,128.32900000000001,127.459,127.70699999999999,39281,0,6411809000
2023-01-13 20:00:00,127.70399999999999,127.944,127.66800000000001,127.84699999999999,12388,0,1876754000
2023-01-16 00:00:00,127.791,128.20099999999999,127.53700000000001,127.68000000000001,22752,0,2747955000
2023-01-16 04:00:00,127.68000000000001,127.78400000000001,127.22199999999999,127.607,21393,0,2452284000
2023-01-16 08:00:00,127.608,128.86500000000001,127.581,128.37299999999999,33983,0,4779794000
2023-01-16 12:00:00,128.37299999999999,128.565,128.11500000000001,128.428,20728,0,2614600000
2023-01-16 16:00:00,128.43000000000001,128.75999999999999,128.37,128.71000000000001,12860,0,1517876000
2023-01-16 20:00:00,128.71100000000001,128.72,128.42500000000001,128.53899999999999,5410,0,883220000
2023-01-17 00:00:00,128.53800000000001,128.95699999999999,128.21299999999999,128.81,20191,0,2809742000
2023-01-17 04:00:00,128.81200000000001,129.15700000000001,128.577,128.649,17122,0,2060192000
2023-01-17 08:00:00,128.649,129.02600000000001,128.38300000000001,128.786,26884,0,3483084000
2023-01-17 12:00:00,128.786,129.12200000000001,128.32400000000001,128.71299999999999,30137,0,4354740000
2023-01-17 16:00:00,128.71299999999999,128.71899999999999,127.992,128.245,36689,0,6064497000
2023-01-17 20:00:00,128.245,128.44499999999999,128.08600000000001,128.09299999999999,11482,0,1910390000
2023-01-18 00:00:00,128.125,129.04900000000001,128.083,128.56299999999999,15860,0,2132752000
2023-01-18 04:00:00,128.56399999999999,131.577,128.369,130.81299999999999,42720,0,5309664000
2023-01-18 08:00:00,130.81399999999999,131.232,129.202,129.39400000000001,47888,0,5484058000
2023-01-18 12:00:00,129.38999999999999,129.589,128.00399999999999,128.126,40161,0,4920482000
2023-01-18 16:00:00,128.12799999999999,128.95400000000001,127.566,128.816,42384,0,6647726000
2023-01-18 20:00:00,128.80000000000001,128.91999999999999,128.607,128.851,14220,0,2042658000
2023-01-19 00:00:00,128.85300000000001,128.88800000000001,128.28100000000001,128.57599999999999,21708,0,2947600000
2023-01-19 04:00:00,128.57300000000001,128.63499999999999,127.761,127.98,16818,0,1996240000
2023-01-19 08:00:00,127.982,128.40299999999999,127.765,128.327,24863,0,2896804000
2023-01-19 12:00:00,128.322,128.815,128.309,128.38800000000001,27588,0,3299938000
2023-01-19 16:00:00,128.386,128.624,128.233,128.56700000000001,25576,0,3228750000
2023-01-19 20:00:00,128.56399999999999,128.63,128.29900000000001,128.387,13953,0,2104884000
2023-01-20 00:00:00,128.36799999999999,128.88900000000001,128.34999999999999,128.839,19416,0,3325100000
2023-01-20 04:00:00,128.839,129.29499999999999,128.70400000000001,129.17400000000001,14110,0,1724940000
2023-01-20 08:00:00,129.17400000000001,129.494,128.727,129.46899999999999,23352,0,3210840000
2023-01-20 12:00:00,129.46899999999999,130.61000000000001,129.173,130.60499999999999,28304,0,3553094000
2023-01-20 16:00:00,130.60499999999999,130.613,129.625,129.733,26148,0,3713498000
2023-01-20 20:00:00,129.73500000000001,129.773,129.447,129.55600000000001,10725,0,1599764000
2023-01-23 00:00:00,129.50399999999999,129.649,129.06800000000001,129.20400000000001,13428,0,1925832000
2023-01-23 04:00:00,129.20500000000001,129.88999999999999,129.04400000000001,129.86000000000001,12433,0,1517658000
2023-01-23 08:00:00,129.85900000000001,130.31700000000001,129.61699999999999,129.833,24629,0,3732396000
2023-01-23 12:00:00,129.833,130.637,129.714,130.49700000000001,21993,0,3336378000
2023-01-23 16:00:00,130.499,130.88999999999999,130.43299999999999,130.64500000000001,26317,0,4315760000
2023-01-23 20:00:00,130.64500000000001,130.71600000000001,130.55799999999999,130.655,11440,0,1820920000
2023-01-24 00:00:00,130.62,130.72999999999999,130.24700000000001,130.25999999999999,9806,0,1208954000
2023-01-24 04:00:00,130.25899999999999,130.44999999999999,130.06700000000001,130.14400000000001,8919,0,1036678000
2023-01-24 08:00:00,130.148,130.38999999999999,129.727,130.11099999999999,20669,0,2714032000
2023-01-24 12:00:00,130.12200000000001,130.49000000000001,130.04900000000001,130.43000000000001,17900,0,2402912000
2023-01-24 16:00:00,130.43100000000001,131.11799999999999,129.87,130.01900000000001,32379,0,5137944000
2023-01-24 20:00:00,130.018,130.19900000000001,129.976,130.13,10983,0,1931368000
2023-01-25 00:00:00,130.113,130.465,130.03399999999999,130.26900000000001,15338,0,2439702000
2023-01-25 04:00:00,130.267,130.584,130.108,130.441,11193,0,1348088000
2023-01-25 08:00:00,130.44300000000001,130.494,129.80500000000001,129.852,20831,0,3017518000
2023-01-25 12:00:00,129.852,130.10400000000001,129.56,129.959,21254,0,2992568000
2023-01-25 16:00:00,129.96000000000001,130.00299999999999,129.267,129.613,30452,0,4801436000
2023-01-25 20:00:00,129.613,129.67699999999999,129.41800000000001,129.55500000000001,12359,0,2147044000
2023-01-26 00:00:00,129.517,129.59999999999999,129.09800000000001,129.215,17026,0,2768434000
2023-01-26 04:00:00,129.214,129.59,129.023,129.33000000000001,9861,0,1118660000
2023-01-26 08:00:00,129.327,129.99299999999999,129.19900000000001,129.95699999999999,20804,0,2513620000
2023-01-26 12:00:00,129.959,130.31,129.62700000000001,129.87200000000001,22369,0,2842774000
2023-01-26 16:00:00,129.87100000000001,130.619,129.70400000000001,130.33699999999999,31108,0,4503362000
2023-01-26 20:00:00,130.33500000000001,130.33500000000001,130.05099999999999,130.17699999999999,10713,0,1751486000
2023-01-27 00:00:00,130.148,130.221,129.49799999999999,129.68899999999999,26720,0,4882628000
2023-01-27 04:00:00,129.69300000000001,130.15799999999999,129.60900000000001,129.98400000000001,11467,0,1504165000
2023-01-27 08:00:00,129.97900000000001,130.26900000000001,129.71700000000001,129.84999999999999,15348,0,1935262000
2023-01-27 12:00:00,129.85300000000001,129.999,129.559,129.73699999999999,19655,0,2843666000
2023-01-27 16:00:00,129.72800000000001,130.06899999999999,129.64099999999999,129.91399999999999,26996,0,4445290000
2023-01-27 20:00:00,129.91399999999999,129.95099999999999,129.792,129.821,8256,0,1369070000
2023-01-30 00:00:00,129.63399999999999,130.29300000000001,129.63200000000001,130.226,14859,0,1852962000
2023-01-30 04:00:00,130.22900000000001,130.267,129.20699999999999,129.63999999999999,22333,0,2676768000
2023-01-30 08:00:00,129.63999999999999,130.18299999999999,129.41399999999999,129.97,22940,0,3090004000
2023-01-30 12:00:00,129.96700000000001,130.25800000000001,129.852,130.13900000000001,18771,0,2463164000
2023-01-30 16:00:00,130.13999999999999,130.47,130.095,130.41499999999999,22390,0,3467782000
2023-01-30 20:00:00,130.416,130.56999999999999,130.34700000000001,130.398,9564,0,1610760000
2023-01-31 00:00:00,130.398,130.53100000000001,130.11199999999999,130.13399999999999,15874,0,2419194000
2023-01-31 04:00:00,130.12899999999999,130.405,130.06299999999999,130.18799999999999,11179,0,1421206000
2023-01-31 08:00:00,130.18700000000001,130.435,130.04300000000001,130.393,19660,0,2637334000
2023-01-31 12:00:00,130.393,130.49700000000001,129.80699999999999,129.89400000000001,22590,0,3120874000
2023-01-31 16:00:00,129.89099999999999,130.35599999999999,129.745,130.196,29306,0,4458800000
2023-01-31 20:00:00,130.19499999999999,130.232,130.065,130.065,11301,0,1875986000
2023-02-01 00:00:00,130.02500000000001,130.20400000000001,129.86199999999999,130.02099999999999,7821,0,907086000
2023-02-01 04:00:00,130.02099999999999,130.32300000000001,129.98099999999999,130.298,8970,0,1131898000
2023-02-01 08:00:00,130.29599999999999,130.411,129.80199999999999,129.88200000000001,21262,0,3425630000
2023-02-01 12:00:00,129.86699999999999,129.96600000000001,129.31200000000001,129.37799999999999,23648,0,3820832000
2023-02-01 16:00:00,129.37799999999999,129.68199999999999,129.185,129.23500000000001,29171,0,4855214000
2023-02-01 20:00:00,129.232,129.87200000000001,128.542,128.87799999999999,40876,0,6274948000
2023-02-02 00:00:00,128.89699999999999,128.93899999999999,128.17699999999999,128.60400000000001,16920,0,2129752000
2023-02-02 04:00:00,128.60499999999999,128.642,128.399,128.60300000000001,11395,0,1350282000
2023-02-02 08:00:00,128.60400000000001,129.131,128.53999999999999,128.922,23937,0,3664784000
2023-02-02 12:00:00,128.923,129.00999999999999,128.08000000000001,128.422,36215,0,6086080000
2023-02-02 16:00:00,128.422,128.91499999999999,128.08500000000001,128.488,40646,0,6822822000
2023-02-02 20:00:00,128.489,128.76499999999999,128.41999999999999,128.61799999999999,17424,0,3120236000
2023-02-03 00:00:00,128.589,128.828,128.53700000000001,128.70699999999999,12504,0,1768230000
2023-02-03 04:00:00,128.70599999999999,128.71000000000001,128.447,128.61000000000001,13790,0,1948192000
2023-02-03 08:00:00,128.61000000000001,128.72399999999999,128.476,128.56,20189,0,3215528000
2023-02-03 12:00:00,128.56,130.203,128.32900000000001,129.952,26079,0,4390752000
2023-02-03 16:00:00,129.94800000000001,131.19800000000001,129.85300000000001,131.05099999999999,46462,0,8412376000
2023-02-03 20:00:00,131.04900000000001,131.203,130.96600000000001,131.18000000000001,13640,0,2930226000
2023-02-06 00:00:00,132.374,132.44999999999999,131.50899999999999,132.27799999999999,18158,0,2197576000
2023-02-06 04:00:00,132.28,132.374,131.583,131.732,18054,0,2159090000
2023-02-06 08:00:00,131.72999999999999,132.096,131.58699999999999,131.94399999999999,27760,0,4672940000
2023-02-06 12:00:00,131.94399999999999,132.608,131.91499999999999,132.55099999999999,26726,0,3953214000
2023-02-06 16:00:00,132.55199999999999,132.904,132.38399999999999,132.774,35745,0,7501424000
2023-02-06 20:00:00,132.773,132.792,132.44499999999999,132.56700000000001,13329,0,2400768000
2023-02-07 00:00:00,132.60599999999999,132.709,132.23599999999999,132.297,12971,0,2034340000
2023-02-07 04:00:00,132.29900000000001,132.40700000000001,132.143,132.256,11191,0,1318100000
2023-02-07 08:00:00,132.25399999999999,132.32300000000001,131.69200000000001,131.80799999999999,30107,0,5187574000
2023-02-07 12:00:00,131.80799999999999,132.24700000000001,131.76900000000001,131.892,27045,0,3993046000
2023-02-07 16:00:00,131.89400000000001,132.071,130.47399999999999,130.56800000000001,40555,0,6389562000
2023-02-07 20:00:00,130.566,131.482,130.49199999999999,130.98099999999999,38209,0,7239432000
2023-02-08 00:00:00,131.023,131.238,130.72499999999999,131.202,20389,0,3461806000
2023-02-08 04:00:00,131.202,131.38200000000001,131.03399999999999,131.096,12857,0,1647926000
2023-02-08 08:00:00,131.096,131.375,130.596,130.673,30402,0,5095130000
2023-02-08 12:00:00,130.672,131.32900000000001,130.64699999999999,131.25299999999999,20337,0,2962854000
2023-02-08 16:00:00,131.25399999999999,131.53899999999999,131.08600000000001,131.262,29357,0,4511420000
2023-02-08 20:00:00,131.261,131.46299999999999,131.08699999999999,131.34200000000001,16843,0,2982926000
2023-02-09 00:00:00,131.32499999999999,131.827,131.23699999999999,131.53200000000001,15851,0,2549890000
2023-02-09 04:00:00,131.529,131.73400000000001,130.77000000000001,131.38,11478,0,1540466000
2023-02-09 08:00:00,131.37700000000001,131.435,130.809,130.84100000000001,26422,0,3872076000
2023-02-09 12:00:00,130.83799999999999,131.114,130.34,130.405,23365,0,3238341000
2023-02-09 16:00:00,130.404,131.31700000000001,130.404,131.15100000000001,34801,0,5974288000
2023-02-09 20:00:00,131.15199999999999,131.65000000000001,131.13900000000001,131.53800000000001,20746,0,3858450000
2023-02-10 00:00:00,131.541,131.88900000000001,131.34800000000001,131.626,24390,0,4346139000
2023-02-10 04:00:00,131.62700000000001,131.81100000000001,131.47999999999999,131.553,17013,0,2293266000
2023-02-10 08:00:00,131.55199999999999,131.63499999999999,129.80699999999999,130.941,43695,0,5782468000
2023-02-10 12:00:00,130.941,131.18100000000001,130.58000000000001,130.71799999999999,23659,0,3168794000
2023-02-10 16:00:00,130.71700000000001,131.57599999999999,130.63200000000001,131.495,35737,0,6453432000
2023-02-10 20:00:00,131.49799999999999,131.601,131.357,131.423,13910,0,2387084000
2023-02-13 00:00:00,131.226,131.93700000000001,131.226,131.68199999999999,12509,0,1602764000
2023-02-13 04:00:00,131.68299999999999,132.21600000000001,131.655,132.18700000000001,14490,0,2239443000
2023-02-13 08:00:00,132.18899999999999,132.768,132.01400000000001,132.68199999999999,27414,0,5446912000
2023-02-13 12:00:00,132.68199999999999,132.81800000000001,132.357,132.71299999999999,23052,0,4332036000
2023-02-13 16:00:00,132.71199999999999,132.911,132.47999999999999,132.57599999999999,29127,0,5610823000
2023-02-13 20:00:00,132.578,132.59700000000001,132.256,132.374,12725,0,2637548000
2023-02-14 00:00:00,132.34299999999999,132.458,131.999,132.053,12835,0,2352854000
2023-02-14 04:00:00,132.053,132.202,131.786,131.87,13450,0,2083376000
2023-02-14 08:00:00,131.87,132.142,131.833,132.02099999999999,29548,0,5987106000
2023-02-14 12:00:00,132.01900000000001,132.89699999999999,131.505,132.26599999999999,40446,0,6990379000
2023-02-14 16:00:00,132.27199999999999,133.31700000000001,132.107,133.08199999999999,51878,0,8845945000
2023-02-14 20:00:00,133.08199999999999,133.227,132.84200000000001,133.03999999999999,20586,0,3783966000
2023-02-15 00:00:00,133.02099999999999,133.12,132.547,132.625,12803,0,1952039000
2023-02-15 04:00:00,132.626,133.17699999999999,132.62299999999999,133.089,12565,0,1678576000
2023-02-15 08:00:00,133.09399999999999,133.489,132.965,133.36500000000001,25966,0,4055788000
2023-02-15 12:00:00,133.36500000000001,134.137,133.20699999999999,133.90100000000001,27880,0,4304060000
2023-02-15 16:00:00,133.90299999999999,134.35900000000001,133.86099999999999,134.28899999999999,35546,0,5867423000
2023-02-15 20:00:00,134.28800000000001,134.35599999999999,134.08500000000001,134.12,14903,0,3051372000
2023-02-16 00:00:00,134.066,134.16499999999999,133.779,133.863,17693,0,2522934000
2023-02-16 04:00:00,133.85900000000001,133.98599999999999,133.63800000000001,133.89500000000001,12660,0,1504252000
2023-02-16 08:00:00,133.89099999999999,134.01300000000001,133.60400000000001,133.87200000000001,22034,0,2846842000
2023-02-16 12:00:00,133.87299999999999,134.34800000000001,133.76900000000001,134.262,21674,0,2890436000
2023-02-16 16:00:00,134.25999999999999,134.46299999999999,133.79900000000001,133.91399999999999,34550,0,5375976000
2023-02-16 20:00:00,133.91399999999999,134.03,133.696,133.869,19551,0,2990038000
2023-02-17 00:00:00,133.86699999999999,134.672,133.86600000000001,134.636,13028,0,1921394000
2023-02-17 04:00:00,134.636,134.809,134.512,134.74299999999999,10521,0,1205992000
2023-02-17 08:00:00,134.739,135.03299999999999,134.637,134.83000000000001,19220,0,2619504000
2023-02-17 12:00:00,134.833,135.11000000000001,134.53700000000001,134.63999999999999,23781,0,3314064000
2023-02-17 16:00:00,134.63999999999999,134.685,134.06999999999999,134.26599999999999,32498,0,4723082000
2023-02-17 20:00:00,134.26300000000001,134.29499999999999,134.05500000000001,134.14500000000001,10901,0,1647356000
2023-02-20 00:00:00,134.20599999999999,134.53700000000001,134.137,134.47300000000001,13310,0,1703880000
2023-02-20 04:00:00,134.47800000000001,134.535,133.952,134.09399999999999,12996,0,1515256000
2023-02-20 08:00:00,134.095,134.36799999999999,133.994,134.19,22090,0,2985194000
2023-02-20 12:00:00,134.18799999999999,134.26300000000001,133.923,134.06100000000001,16482,0,2064230000
2023-02-20 16:00:00,134.06100000000001,134.24000000000001,133.93199999999999,134.23599999999999,11530,0,1584878000
2023-02-20 20:00:00,134.239,134.291,134.18600000000001,134.18600000000001,2064,0,324100000
2023-02-21 00:00:00,134.185,134.47800000000001,134.15199999999999,134.309,9945,0,1322578000
2023-02-21 04:00:00,134.30000000000001,134.49600000000001,134.15799999999999,134.31399999999999,9038,0,974628000
2023-02-21 08:00:00,134.31299999999999,134.84800000000001,134.31299999999999,134.58600000000001,23908,0,3185168000
2023-02-21 12:00:00,134.58600000000001,134.89599999999999,134.512,134.86099999999999,22117,0,3029286000
2023-02-21 16:00:00,134.863,135.227,134.67500000000001,134.83099999999999,33602,0,4652082000
2023-02-21 20:00:00,134.833,135.03899999999999,134.792,134.958,11971,0,1823316000
2023-02-22 00:00:00,134.95599999999999,135.06,134.553,134.70599999999999,12327,0,1610638000
2023-02-22 04:00:00,134.70500000000001,134.96600000000001,134.67099999999999,134.76900000000001,8707,0,981986000
2023-02-22 08:00:00,134.768,134.994,134.595,134.88499999999999,19802,0,2441190000
2023-02-22 12:00:00,134.88300000000001,134.96199999999999,134.36600000000001,134.548,26292,0,3844598000
2023-02-22 16:00:00,134.55500000000001,134.80199999999999,134.39500000000001,134.738,28809,0,4348990000
2023-02-22 20:00:00,134.73699999999999,134.98699999999999,134.613,134.87899999999999,24370,0,3941672000
2023-02-23 00:00:00,134.87899999999999,134.96299999999999,134.74000000000001,134.798,13302,0,2391167000
2023-02-23 04:00:00,134.797,134.88999999999999,134.70599999999999,134.83799999999999,5649,0,597794000
2023-02-23 08:00:00,134.833,134.92699999999999,134.714,134.86600000000001,15214,0,2026286000
2023-02-23 12:00:00,134.86500000000001,135.369,134.82900000000001,135.27199999999999,21572,0,2855457000
2023-02-23 16:00:00,135.27000000000001,135.304,134.626,134.80799999999999,30205,0,4214672000
2023-02-23 20:00:00,134.80799999999999,134.876,134.48699999999999,134.636,12474,0,2003416000
2023-02-24 00:00:00,134.63,134.91999999999999,134.06,134.78299999999999,25452,0,3329549000
2023-02-24 04:00:00,134.78399999999999,134.82599999999999,134.57599999999999,134.59999999999999,13282,0,1499068000
2023-02-24 08:00:00,134.602,135.25299999999999,134.50800000000001,135.14500000000001,20305,0,2566036000
2023-02-24 12:00:00,135.14599999999999,135.988,135.07300000000001,135.87899999999999,25983,0,3411014000
2023-02-24 16:00:00,135.87799999999999,136.47800000000001,135.87799999999999,136.453,34572,0,5144305000
2023-02-24 20:00:00,136.452,136.52000000000001,136.346,136.48699999999999,13040,0,2013038000
2023-02-27 00:00:00,136.38,136.55699999999999,136.09100000000001,136.13499999999999,11269,0,1319034000
2023-02-27 04:00:00,136.161,136.44900000000001,136.00399999999999,136.352,10016,0,1127730000
2023-02-27 08:00:00,136.34999999999999,136.441,136.001,136.387,22364,0,2977786000
2023-02-27 12:00:00,136.38900000000001,136.44300000000001,135.93100000000001,136.06800000000001,20463,0,2899996000
2023-02-27 16:00:00,136.06700000000001,136.30199999999999,135.91499999999999,136.18100000000001,24670,0,3595406000
2023-02-27 20:00:00,136.18100000000001,136.268,136.077,136.18899999999999,9449,0,1468464000
2023-02-28 00:00:00,136.18700000000001,136.35400000000001,136.113,136.208,11767,0,1337144000
2023-02-28 04:00:00,136.20699999999999,136.37299999999999,136.15299999999999,136.31,9434,0,1265748000
2023-02-28 08:00:00,136.31,136.84800000000001,136.21700000000001,136.738,17359,0,1925376000
2023-02-28 12:00:00,136.732,136.90700000000001,136.60400000000001,136.70599999999999,15564,0,1865137000
2023-02-28 16:00:00,136.70699999999999,136.91900000000001,135.738,135.80699999999999,28300,0,3841208000
2023-02-28 20:00:00,135.80799999999999,136.25,135.78399999999999,136.142,10404,0,1531760000
2023-03-01 00:00:00,136.09100000000001,136.47200000000001,136.09100000000001,136.29300000000001,12532,0,1512038000
2023-03-01 04:00:00,136.29400000000001,136.43600000000001,136.28,136.42400000000001,7958,0,848180000
2023-03-01 08:00:00,136.423,136.44300000000001,135.614,135.84299999999999,22685,0,2611560000
2023-03-01 12:00:00,135.84399999999999,135.92500000000001,135.25800000000001,135.74700000000001,22126,0,2671400000
2023-03-01 16:00:00,135.74700000000001,136.321,135.696,135.94300000000001,27059,0,3375838000
2023-03-01 20:00:00,135.94200000000001,136.26400000000001,135.94200000000001,136.08500000000001,8110,0,1130525000
2023-03-02 00:00:00,136.14699999999999,136.447,136.01900000000001,136.32499999999999,13102,0,1575296000
2023-03-02 04:00:00,136.321,136.679,136.196,136.63300000000001,9904,0,1143692000
2023-03-02 08:00:00,136.62799999999999,136.874,136.238,136.46799999999999,22343,0,2631016000
2023-03-02 12:00:00,136.46899999999999,137.09899999999999,136.43700000000001,137.05099999999999,22827,0,2816058000
2023-03-02 16:00:00,137.05199999999999,137.06299999999999,136.55199999999999,136.94399999999999,23938,0,3145430000
2023-03-02 20:00:00,136.94399999999999,136.982,136.59399999999999,136.691,14291,0,2170268000
2023-03-03 00:00:00,136.69,136.77000000000001,136.5,136.62700000000001,12441,0,1646186000
2023-03-03 04:00:00,136.624,136.71799999999999,136.501,136.66,8186,0,945976000
2023-03-03 08:00:00,136.66,136.66,136.119,136.15799999999999,19470,0,2436722000
2023-03-03 12:00:00,136.15199999999999,136.33699999999999,135.82400000000001,135.91399999999999,18922,0,2384384000
2023-03-03 16:00:00,135.91499999999999,136.41999999999999,135.80699999999999,136.11000000000001,26276,0,3243266000
2023-03-03 20:00:00,136.10900000000001,136.13800000000001,135.74700000000001,135.815,10068,0,1518478000
2023-03-06 00:00:00,135.958,136.053,135.625,135.774,20247,0,2504608000
2023-03-06 04:00:00,135.77500000000001,135.88999999999999,135.36699999999999,135.785,10237,0,1121132000
2023-03-06 08:00:00,135.78399999999999,136.12700000000001,135.53,136.096,20190,0,2406612000
2023-03-06 12:00:00,136.09399999999999,136.19200000000001,135.72499999999999,135.874,18747,0,2173746000
2023-03-06 16:00:00,135.874,135.99600000000001,135.63300000000001,135.92500000000001,19336,0,2570668000
2023-03-06 20:00:00,135.92599999999999,136.09399999999999,135.87799999999999,135.88499999999999,7300,0,1080580000
2023-03-07 00:00:00,135.88800000000001,136.179,135.84100000000001,136.018,8780,0,1094536000
2023-03-07 04:00:00,136.01900000000001,136.06700000000001,135.83099999999999,135.99100000000001,8090,0,879838000
2023-03-07 08:00:00,135.99000000000001,135.995,135.542,135.86199999999999,18531,0,2313476000
2023-03-07 12:00:00,135.86099999999999,136.261,135.84100000000001,136.14599999999999,15267,0,1751332000
2023-03-07 16:00:00,136.14599999999999,136.952,136.11699999999999,136.85499999999999,37562,0,4815682000
2023-03-07 20:00:00,136.85400000000001,137.196,136.76400000000001,137.12,11545,0,1750054000
2023-03-08 00:00:00,137.12,137.49700000000001,137.04400000000001,137.31800000000001,13002,0,1980540000
2023-03-08 04:00:00,137.31899999999999,137.91200000000001,137.30799999999999,137.71600000000001,9782,0,1183806000
2023-03-08 08:00:00,137.71299999999999,137.738,137.44200000000001,137.55799999999999,15938,0,1966164000
2023-03-08 12:00:00,137.559,137.68000000000001,137.035,137.066,18498,0,2315312000
2023-03-08 16:00:00,137.065,137.221,136.47999999999999,137.19999999999999,31049,0,4488300000
2023-03-08 20:00:00,137.20099999999999,137.43299999999999,137.142,137.322,9869,0,1648686000
2023-03-09 00:00:00,137.315,137.34200000000001,136.797,137.126,8623,0,986748000
2023-03-09 04:00:00,137.125,137.13499999999999,136.73400000000001,136.827,5609,0,628568000
2023-03-09 08:00:00,136.82300000000001,136.89400000000001,136.107,136.19399999999999,15309,0,1900626000
2023-03-09 12:00:00,136.19399999999999,136.40000000000001,135.94300000000001,136.08500000000001,19284,0,2436254000
2023-03-09 16:00:00,136.08799999999999,136.483,136,136.22900000000001,22549,0,3249982000
2023-03-09 20:00:00,136.227,136.24700000000001,135.989,136.113,15379,0,2269460000
2023-03-10 00:00:00,136.06899999999999,136.42500000000001,135.81200000000001,135.95400000000001,16631,0,2065054000
2023-03-10 04:00:00,135.95599999999999,136.97300000000001,135.87,136.642,24517,0,2892393000
2023-03-10 08:00:00,136.63900000000001,136.85900000000001,136.09100000000001,136.78200000000001,23845,0,2677334000
2023-03-10 12:00:00,136.78200000000001,136.995,135.84800000000001,136.26400000000001,26260,0,3192648000
2023-03-10 16:00:00,136.26499999999999,136.36500000000001,134.114,134.739,48057,0,6621620000
2023-03-10 20:00:00,134.74000000000001,135.137,134.67400000000001,135.03399999999999,14892,0,1990734000
2023-03-13 00:00:00,134.30500000000001,135.048,133.548,134.38200000000001,28642,0,3461084000
2023-03-13 04:00:00,134.37899999999999,134.834,133.68600000000001,134.15299999999999,29863,0,3412616000
2023-03-13 08:00:00,134.15299999999999,134.69399999999999,133.761,133.81100000000001,27261,0,3039328000
2023-03-13 12:00:00,133.80799999999999,133.959,132.286,132.54300000000001,59181,0,7219152000
2023-03-13 16:00:00,132.53700000000001,133.41200000000001,132.41800000000001,133.05600000000001,45431,0,5452250000
2023-03-13 20:00:00,133.05699999999999,133.619,132.94999999999999,133.12200000000001,21418,0,2949324000
2023-03-14 00:00:00,133.10900000000001,133.36199999999999,133.024,133.244,19544,0,3344629000
2023-03-14 04:00:00,133.239,134.03399999999999,133.227,133.86199999999999,19164,0,2104688000
2023-03-14 08:00:00,133.863,134.334,133.18700000000001,134.09,31049,0,3424594000
2023-03-14 12:00:00,134.09100000000001,134.649,133.84299999999999,134.059,32439,0,3713218000
2023-03-14 16:00:00,134.05799999999999,134.90100000000001,133.98099999999999,134.40799999999999,35066,0,4407712000
2023-03-14 20:00:00,134.40100000000001,134.41499999999999,133.98400000000001,134.15899999999999,18867,0,2297416000
2023-03-15 00:00:00,134.14599999999999,134.59899999999999,134.14599999999999,134.434,19266,0,3347510000
2023-03-15 04:00:00,134.435,134.54400000000001,134.029,134.523,13955,0,1533622000
2023-03-15 08:00:00,134.52199999999999,135.114,134.46799999999999,134.66999999999999,22394,0,2412510000
2023-03-15 12:00:00,134.66999999999999,134.72200000000001,132.52699999999999,132.65299999999999,56143,0,6652484000
2023-03-15 16:00:00,132.65899999999999,133.31100000000001,132.21700000000001,132.71000000000001,50233,0,5746628000
2023-03-15 20:00:00,132.71100000000001,133.77699999999999,132.60599999999999,133.34,37060,0,4810410000
2023-03-16 00:00:00,133.339,133.42400000000001,132.501,133.334,21681,0,3181250000
2023-03-16 04:00:00,133.33699999999999,133.49799999999999,132.56399999999999,132.774,27988,0,3201838000
2023-03-16 08:00:00,132.77600000000001,133.227,132.56700000000001,132.90299999999999,30209,0,3286054000
2023-03-16 12:00:00,132.90000000000001,133.08799999999999,132.167,132.321,29476,0,3258186000
2023-03-16 16:00:00,132.31399999999999,133.47399999999999,131.71799999999999,133.44499999999999,54057,0,6325718000
2023-03-16 20:00:00,133.44399999999999,133.82599999999999,133.38300000000001,133.696,21179,0,2793582000
2023-03-17 00:00:00,133.71899999999999,133.72200000000001,133.333,133.38900000000001,10973,0,1748090000
2023-03-17 04:00:00,133.38999999999999,133.46899999999999,133.02799999999999,133.05600000000001,14500,0,1553586000
2023-03-17 08:00:00,133.05500000000001,133.35400000000001,132.74700000000001,133.24100000000001,22479,0,2390880000
2023-03-17 12:00:00,133.24100000000001,133.28,132.023,132.27500000000001,29060,0,3199746000
2023-03-17 16:00:00,132.27600000000001,132.488,131.81700000000001,132.20699999999999,37249,0,4218837000
2023-03-17 20:00:00,132.208,132.31399999999999,131.55500000000001,131.803,19275,0,2656766000
2023-03-20 00:00:00,131.72399999999999,132.63200000000001,131.65199999999999,132.61600000000001,22508,0,3823314000
2023-03-20 04:00:00,132.61500000000001,132.65100000000001,131.751,131.816,17289,0,1884616000
2023-03-20 08:00:00,131.81700000000001,131.98599999999999,130.53999999999999,130.88900000000001,38936,0,4389796000
2023-03-20 12:00:00,130.88900000000001,131.62200000000001,130.81700000000001,131.53,35740,0,3942222000
2023-03-20 16:00:00,131.52500000000001,131.84800000000001,131.255,131.62200000000001,33456,0,3823028000
2023-03-20 20:00:00,131.62200000000001,131.74199999999999,131.268,131.292,14690,0,2160888000
2023-03-21 00:00:00,131.27799999999999,131.60400000000001,131.095,131.17099999999999,12468,0,1903580000
2023-03-21 04:00:00,131.16900000000001,131.41499999999999,131.03299999999999,131.25800000000001,11610,0,1259090000
2023-03-21 08:00:00,131.25800000000001,132.262,131.18100000000001,132.185,19611,0,2064294000
2023-03-21 12:00:00,132.184,132.45500000000001,132.01499999999999,132.23099999999999,15935,0,1708268000
2023-03-21 16:00:00,132.238,132.47499999999999,131.78999999999999,132.41499999999999,24143,0,2765540000
2023-03-21 20:00:00,132.41399999999999,132.62799999999999,132.37,132.42699999999999,10595,0,1539388000
2023-03-22 00:00:00,132.376,132.70099999999999,132.25399999999999,132.53,19080,0,3906806000
2023-03-22 04:00:00,132.53100000000001,132.77699999999999,132.25399999999999,132.47900000000001,12735,0,1408724000
2023-03-22 08:00:00,132.48099999999999,132.63900000000001,132.29599999999999,132.49100000000001,15172,0,1677958000
2023-03-22 12:00:00,132.49199999999999,133.00200000000001,132.34399999999999,132.78700000000001,14024,0,1743496000
2023-03-22 16:00:00,132.78399999999999,132.84,132.423,132.58199999999999,15073,0,1802230000
2023-03-22 20:00:00,132.584,132.66900000000001,130.999,131.33099999999999,38570,0,5438350000
2023-03-23 00:00:00,131.40700000000001,131.48400000000001,130.84,130.90100000000001,18876,0,3150693000
2023-03-23 04:00:00,130.898,130.977,130.42099999999999,130.732,18293,0,1979546000
2023-03-23 08:00:00,130.73099999999999,131.24700000000001,130.553,131.19900000000001,21499,0,2277782000
2023-03-23 12:00:00,131.20099999999999,131.66300000000001,131.07400000000001,131.483,19807,0,2364734000
2023-03-23 16:00:00,131.48599999999999,131.48699999999999,130.654,130.76599999999999,24283,0,3156166000
2023-03-23 20:00:00,130.767,131.036,130.32400000000001,130.81999999999999,26773,0,3958744000
2023-03-24 00:00:00,130.751,130.94300000000001,130.524,130.524,12406,0,1968292000
2023-03-24 04:00:00,130.524,130.684,130.072,130.101,16975,0,1894890000
2023-03-24 08:00:00,130.101,130.47800000000001,129.929,130.078,20441,0,2198222000
2023-03-24 12:00:00,130.078,130.255,129.64099999999999,130.16499999999999,31468,0,3634864000
2023-03-24 16:00:00,130.16499999999999,130.89599999999999,130.04900000000001,130.77099999999999,31543,0,3807162000
2023-03-24 20:00:00,130.77000000000001,130.86199999999999,130.648,130.71299999999999,10635,0,1566718000
2023-03-27 00:00:00,130.58600000000001,130.96600000000001,130.49199999999999,130.78200000000001,12253,0,1960668000
2023-03-27 04:00:00,130.78299999999999,131.054,130.49799999999999,130.71000000000001,11823,0,1276002000
2023-03-27 08:00:00,130.708,131.36600000000001,130.703,131.07599999999999,19766,0,2191028000
2023-03-27 12:00:00,131.07400000000001,131.74700000000001,131.06,131.708,16852,0,1858036000
2023-03-27 16:00:00,131.709,131.72499999999999,131.32900000000001,131.59999999999999,16116,0,1916496000
2023-03-27 20:00:00,131.59800000000001,131.761,131.47300000000001,131.47499999999999,8332,0,1278362000
2023-03-28 00:00:00,131.46799999999999,131.553,130.626,130.79400000000001,13183,0,2232636000
2023-03-28 04:00:00,130.79300000000001,130.89099999999999,130.53200000000001,130.62,13129,0,1413214000
2023-03-28 08:00:00,130.62,131.29499999999999,130.50399999999999,131.05099999999999,18863,0,2171622000
2023-03-28 12:00:00,131.04900000000001,131.18600000000001,130.40700000000001,130.654,16596,0,1954408000
2023-03-28 16:00:00,130.65199999999999,131.184,130.65199999999999,130.96100000000001,16305,0,1919872000
2023-03-28 20:00:00,130.96100000000001,130.96100000000001,130.56999999999999,130.78200000000001,7883,0,1151080000
2023-03-29 00:00:00,130.82900000000001,131.358,130.75200000000001,131.31,11516,0,1986022000
2023-03-29 04:00:00,131.31,131.79599999999999,131.28200000000001,131.71000000000001,12358,0,1337336000
2023-03-29 08:00:00,131.709,132.09399999999999,131.66200000000001,131.988,16011,0,1773102000
2023-03-29 12:00:00,131.989,132.589,131.59899999999999,132.529,17170,0,1942784000
2023-03-29 16:00:00,132.52099999999999,132.71799999999999,132.18799999999999,132.648,19950,0,2617878000
2023-03-29 20:00:00,132.64400000000001,132.886,132.55199999999999,132.815,7925,0,1237464000
2023-03-30 00:00:00,132.756,132.80799999999999,132.46000000000001,132.64699999999999,11732,0,2108204000
2023-03-30 04:00:00,132.64599999999999,132.81399999999999,132.53800000000001,132.572,9313,0,1034706000
2023-03-30 08:00:00,132.572,132.637,132.202,132.53700000000001,19209,0,2036234000
2023-03-30 12:00:00,132.541,132.89099999999999,132.40600000000001,132.76900000000001,17502,0,2013616000
2023-03-30 16:00:00,132.76900000000001,132.96799999999999,132.364,132.387,15753,0,1870816000
2023-03-30 20:00:00,132.38399999999999,132.71299999999999,132.31899999999999,132.58000000000001,7812,0,1335664000
2023-03-31 00:00:00,132.66,133.50899999999999,132.58099999999999,133.24299999999999,15021,0,2576830000
2023-03-31 04:00:00,133.24299999999999,133.28899999999999,132.68799999999999,132.75399999999999,11618,0,1334052000
2023-03-31 08:00:00,132.75399999999999,133.59399999999999,132.749,133.48699999999999,18697,0,2127048000
2023-03-31 12:00:00,133.488,133.488,132.75200000000001,133.08199999999999,17780,0,2076268000
2023-03-31 16:00:00,133.083,133.316,132.71100000000001,132.76599999999999,21407,0,2849640000
2023-03-31 20:00:00,132.762,132.96199999999999,132.62200000000001,132.78800000000001,7382,0,1197006000
2023-04-03 00:00:00,133.31399999999999,133.38300000000001,132.92400000000001,133.03700000000001,18222,0,3220874000
2023-04-03 04:00:00,133.03399999999999,133.49600000000001,132.81999999999999,133.46899999999999,11074,0,1224898000
2023-04-03 08:00:00,133.46899999999999,133.75700000000001,133.339,133.44300000000001,14261,0,1581836000
2023-04-03 12:00:00,133.44,133.535,132.84299999999999,133.102,15586,0,1897680000
2023-04-03 16:00:00,133.10300000000001,133.142,132.203,132.45400000000001,22860,0,3079212000
2023-04-03 20:00:00,132.45400000000001,132.572,132.279,132.35300000000001,6996,0,1063324000
2023-04-04 00:00:00,132.398,132.60300000000001,132.172,132.55799999999999,9450,0,1555196000
2023-04-04 04:00:00,132.55600000000001,132.94499999999999,132.548,132.74199999999999,9631,0,1151080000
2023-04-04 08:00:00,132.745,132.98099999999999,132.50399999999999,132.904,13935,0,1609626000
2023-04-04 12:00:00,132.904,133.16900000000001,132.78299999999999,132.90600000000001,13411,0,1503310000
2023-04-04 16:00:00,132.905,132.95699999999999,131.52199999999999,131.62200000000001,27829,0,3779964000
2023-04-04 20:00:00,131.62200000000001,131.76900000000001,131.58600000000001,131.68000000000001,6215,0,992080000
2023-04-05 00:00:00,131.62,131.72399999999999,131.304,131.56,10558,0,1775540000
2023-04-05 04:00:00,131.55799999999999,131.845,131.387,131.69900000000001,9673,0,1094570000
2023-04-05 08:00:00,131.69800000000001,131.739,131.233,131.47300000000001,15373,0,1714748000
2023-04-05 12:00:00,131.46600000000001,131.78200000000001,130.91900000000001,131.02000000000001,17751,0,2113420000
2023-04-05 16:00:00,131.017,131.24199999999999,130.62799999999999,131.185,24952,0,3279917000
2023-04-05 20:00:00,131.18600000000001,131.40700000000001,131.08500000000001,131.24000000000001,7532,0,1306462000
2023-04-06 00:00:00,131.239,131.32300000000001,130.779,131.16300000000001,9337,0,1654804000
2023-04-06 04:00:00,131.161,131.29599999999999,131.00299999999999,131.16399999999999,7629,0,877520000
2023-04-06 08:00:00,131.16200000000001,131.495,131.15000000000001,131.41300000000001,12622,0,1512582000
2023-04-06 12:00:00,131.41300000000001,131.667,130.95500000000001,131.59800000000001,15873,0,2034664000
2023-04-06 16:00:00,131.602,131.905,131.53899999999999,131.60900000000001,16313,0,2124248000
2023-04-06 20:00:00,131.61000000000001,131.851,131.57400000000001,131.69900000000001,4841,0,686898000
2023-04-07 00:00:00,131.74199999999999,131.92599999999999,131.60499999999999,131.74299999999999,5704,0,912862000
2023-04-07 04:00:00,131.74700000000001,131.83000000000001,131.56899999999999,131.702,5061,0,533360000
2023-04-07 08:00:00,131.703,131.94900000000001,131.64699999999999,131.804,5550,0,618448000
2023-04-07 12:00:00,131.804,132.37799999999999,131.50999999999999,132.12299999999999,10105,0,1167590000
2023-04-07 16:00:00,132.125,132.285,132.00399999999999,132.142,13732,0,1472486000
2023-04-07 20:00:00,132.142,132.25399999999999,132.077,132.126,16718,1,1688280000
2023-04-10 00:00:00,132.09200000000001,132.67599999999999,131.82300000000001,132.602,9410,0,1467676000
2023-04-10 04:00:00,132.60300000000001,132.80000000000001,132.47399999999999,132.66,8518,0,903276000
2023-04-10 08:00:00,132.661,132.74100000000001,131.995,132.07900000000001,9617,0,1037073000
2023-04-10 12:00:00,132.08000000000001,133.34299999999999,132.03700000000001,133.328,16443,0,1782324000
2023-04-10 16:00:00,133.32499999999999,133.87100000000001,133.26900000000001,133.696,14432,0,1679303000
2023-04-10 20:00:00,133.697,133.697,133.55199999999999,133.57400000000001,6597,0,1027486000
2023-04-11 00:00:00,133.56899999999999,133.625,133.24100000000001,133.40299999999999,9198,0,1658974000
2023-04-11 04:00:00,133.404,133.69200000000001,133.29599999999999,133.40299999999999,9499,0,1116310000
2023-04-11 08:00:00,133.39699999999999,133.559,133.00200000000001,133.10300000000001,13886,0,1613690000
2023-04-11 12:00:00,133.10400000000001,133.34299999999999,132.97399999999999,133.10900000000001,13392,0,1593014000
2023-04-11 16:00:00,133.10499999999999,133.73599999999999,133.084,133.72399999999999,14157,0,1788810000
2023-04-11 20:00:00,133.72499999999999,133.80600000000001,133.61500000000001,133.679,5547,0,916636000
2023-04-12 00:00:00,133.62899999999999,133.77199999999999,133.554,133.68100000000001,12515,0,2472140000
2023-04-12 04:00:00,133.68100000000001,134.047,133.59100000000001,133.762,9226,0,1030050000
2023-04-12 08:00:00,133.762,133.97,133.55799999999999,133.821,12470,0,1397734000
2023-04-12 12:00:00,133.822,133.90799999999999,132.73599999999999,133.041,17735,0,2240854000
2023-04-12 16:00:00,133.036,133.34399999999999,132.798,133.18700000000001,22477,0,2642152000
2023-04-12 20:00:00,133.19300000000001,133.40199999999999,133.05000000000001,133.13200000000001,10108,0,1420980000
2023-04-13 00:00:00,133.08000000000001,133.27600000000001,132.94300000000001,133.166,9554,0,1676066000
2023-04-13 04:00:00,133.16,133.309,133.042,133.27500000000001,8994,0,990836000
2023-04-13 08:00:00,133.274,133.375,132.90100000000001,133.16399999999999,11965,0,1431134000
2023-04-13 12:00:00,133.16499999999999,133.392,132.50200000000001,132.50999999999999,15098,0,1859344000
2023-04-13 16:00:00,132.511,132.53899999999999,132.02099999999999,132.37899999999999,21235,0,2776934000
2023-04-13 20:00:00,132.37700000000001,132.80000000000001,132.37100000000001,132.541,7835,0,1263694000
2023-04-14 00:00:00,132.53999999999999,132.63999999999999,132.44300000000001,132.589,10701,0,2053228000
2023-04-14 04:00:00,132.589,132.619,132.27000000000001,132.476,10781,0,1360772000
2023-04-14 08:00:00,132.47499999999999,132.59299999999999,132.16999999999999,132.49700000000001,11972,0,1443592000
2023-04-14 12:00:00,132.49700000000001,133.19,132.191,133.01300000000001,17941,0,2172386000
2023-04-14 16:00:00,133.01400000000001,133.83799999999999,132.94999999999999,133.78200000000001,22409,0,2764880000
2023-04-14 20:00:00,133.78100000000001,133.815,133.63,133.744,6145,0,980740000
2023-04-17 00:00:00,133.73099999999999,134.00200000000001,133.71199999999999,133.84800000000001,7919,0,1482504000
2023-04-17 04:00:00,133.846,134.13,133.80099999999999,134.06100000000001,8277,0,965078000
2023-04-17 08:00:00,134.06200000000001,134.21600000000001,133.839,133.97200000000001,12843,0,1454982000
2023-04-17 12:00:00,133.97300000000001,134.178,133.74600000000001,134.06800000000001,13701,0,1595422000
2023-04-17 16:00:00,134.06899999999999,134.57300000000001,134.02799999999999,134.45599999999999,15455,0,1784516000
2023-04-17 20:00:00,134.45500000000001,134.501,134.38499999999999,134.45400000000001,4409,0,702142000
2023-04-18 00:00:00,134.40899999999999,134.49100000000001,134.27500000000001,134.38800000000001,16282,0,3566696000
2023-04-18 04:00:00,134.386,134.708,134.363,134.44499999999999,9441,0,1065248000
2023-04-18 08:00:00,134.44200000000001,134.477,134.13900000000001,134.149,11537,0,1326058000
2023-04-18 12:00:00,134.149,134.21600000000001,133.863,134.18799999999999,13541,0,1573668000
2023-04-18 16:00:00,134.18799999999999,134.32599999999999,133.91399999999999,134.08799999999999,14377,0,1763384000
2023-04-18 20:00:00,134.08799999999999,134.11799999999999,134.01599999999999,134.02799999999999,5021,0,800370000
2023-04-19 00:00:00,134.02500000000001,134.13200000000001,133.95400000000001,134.011,11791,0,2477620000
2023-04-19 04:00:00,134.00800000000001,134.39099999999999,133.95599999999999,134.32400000000001,7507,0,817580000
2023-04-19 08:00:00,134.322,134.92400000000001,134.31399999999999,134.88999999999999,14734,0,1733616000
2023-04-19 12:00:00,134.89099999999999,135.13399999999999,134.37200000000001,134.38399999999999,15400,0,1773602000
2023-04-19 16:00:00,134.381,134.85400000000001,134.292,134.66,13283,0,1557970000
2023-04-19 20:00:00,134.65799999999999,134.821,134.649,134.66300000000001,6084,0,904536000
2023-04-20 00:00:00,134.626,134.846,134.57900000000001,134.84100000000001,14177,0,2867006000
2023-04-20 04:00:00,134.84,134.97399999999999,134.67599999999999,134.78200000000001,8077,0,884018000
2023-04-20 08:00:00,134.785,134.83600000000001,134.38900000000001,134.67400000000001,12367,0,1476434000
2023-04-20 12:00:00,134.66999999999999,134.86199999999999,134.173,134.27600000000001,16197,0,1956678000
2023-04-20 16:00:00,134.274,134.35599999999999,134.01300000000001,134.155,14873,0,1855202000
2023-04-20 20:00:00,134.154,134.35499999999999,134.15100000000001,134.178,5517,0,873378000
2023-04-21 00:00:00,134.178,134.28899999999999,133.953,134.14400000000001,15667,0,3261942000
2023-04-21 04:00:00,134.14400000000001,134.161,133.75700000000001,133.87899999999999,6848,0,763804000
2023-04-21 08:00:00,133.87700000000001,134.11000000000001,133.697,133.773,12753,0,1449630000
2023-04-21 12:00:00,133.77199999999999,133.93799999999999,133.60400000000001,133.64099999999999,11792,0,1472992000
2023-04-21 16:00:00,133.63900000000001,134.49299999999999,133.55099999999999,134.13200000000001,19134,0,2480713000
2023-04-21 20:00:00,134.131,134.21899999999999,134.065,134.11000000000001,5053,0,784528000
2023-04-24 00:00:00,134.00700000000001,134.114,133.89400000000001,133.976,6076,0,1066846000
2023-04-24 04:00:00,133.97499999999999,134.47300000000001,133.93600000000001,134.36099999999999,7748,0,899276000
2023-04-24 08:00:00,134.35900000000001,134.477,134.124,134.291,10689,0,1185352000
2023-04-24 12:00:00,134.28899999999999,134.733,134.24799999999999,134.505,12179,0,1377319000
2023-04-24 16:00:00,134.505,134.67099999999999,134.33600000000001,134.38300000000001,12366,0,1700030000
2023-04-24 20:00:00,134.38300000000001,134.39500000000001,134.196,134.20500000000001,4921,0,787344000
2023-04-25 00:00:00,134.203,134.31700000000001,133.96700000000001,134.298,11730,0,2286284000
2023-04-25 04:00:00,134.30000000000001,134.417,134.16499999999999,134.29300000000001,7528,0,833950000
2023-04-25 08:00:00,134.29400000000001,134.47499999999999,134.02600000000001,134.114,13896,0,1674166000
2023-04-25 12:00:00,134.114,134.25200000000001,133.81700000000001,133.91399999999999,13040,0,1544988000
2023-04-25 16:00:00,133.91499999999999,134.03700000000001,133.732,133.83699999999999,16810,0,2142210000
2023-04-25 20:00:00,133.83699999999999,133.87,133.36799999999999,133.66,9715,0,1437867000
2023-04-26 00:00:00,133.697,133.90799999999999,133.49100000000001,133.69800000000001,9297,0,1536965000
2023-04-26 04:00:00,133.69900000000001,133.74700000000001,133.43899999999999,133.58600000000001,9118,0,1080660000
2023-04-26 08:00:00,133.583,133.78899999999999,133.393,133.53700000000001,14514,0,1830642000
2023-04-26 12:00:00,133.53800000000001,133.93799999999999,133.26400000000001,133.61799999999999,19141,0,2305308000
2023-04-26 16:00:00,133.61799999999999,133.88200000000001,133.017,133.81399999999999,23026,0,3060035000
2023-04-26 20:00:00,133.815,133.863,133.477,133.626,8095,0,1133308000
2023-04-27 00:00:00,133.631,133.69499999999999,133.39699999999999,133.54499999999999,7686,0,1242586000
2023-04-27 04:00:00,133.54499999999999,133.75299999999999,133.46100000000001,133.726,8557,0,976332000
2023-04-27 08:00:00,133.726,133.941,133.61799999999999,133.87299999999999,12566,0,1507038000
2023-04-27 12:00:00,133.874,134.05799999999999,133.19800000000001,133.90700000000001,17047,0,2164362000
2023-04-27 16:00:00,133.90199999999999,134.196,133.83799999999999,133.99700000000001,18634,0,2487502000
2023-04-27 20:00:00,133.99600000000001,134.065,133.822,133.953,7996,0,1269258000
2023-04-28 00:00:00,133.91399999999999,134.077,133.733,134.03899999999999,13302,0,2249040000
2023-04-28 04:00:00,134.03899999999999,134.93700000000001,133.33000000000001,134.77500000000001,27848,0,3099282000
2023-04-28 08:00:00,134.77199999999999,135.85900000000001,134.71199999999999,135.637,28598,0,3432387000
2023-04-28 12:00:00,135.631,136.42500000000001,135.631,136.065,18718,0,2328763000
2023-04-28 16:00:00,136.06800000000001,136.56100000000001,135.83799999999999,136.077,24680,0,3588256000
2023-04-28 20:00:00,136.07599999999999,136.346,136.047,136.304,9202,0,1540308000
2023-05-01 00:00:00,136.191,136.78399999999999,136.108,136.66,10562,0,1702414000
2023-05-01 04:00:00,136.65899999999999,136.947,136.56700000000001,136.852,9950,0,1218070000
2023-05-01 08:00:00,136.852,136.98400000000001,136.684,136.785,9446,0,1080502000
2023-05-01 12:00:00,136.786,136.88999999999999,136.57300000000001,136.75299999999999,11277,0,1266900000
2023-05-01 16:00:00,136.751,137.48500000000001,136.70699999999999,137.47399999999999,17436,0,2376968000
2023-05-01 20:00:00,137.47399999999999,137.53999999999999,137.369,137.44300000000001,8746,0,1418562000
2023-05-02 00:00:00,137.44,137.577,137.29300000000001,137.42500000000001,9599,0,1713540000
2023-05-02 04:00:00,137.42599999999999,137.70400000000001,137.304,137.68100000000001,10593,0,1178450000
2023-05-02 08:00:00,137.68100000000001,137.774,137.35400000000001,137.51300000000001,17846,0,2091360000
2023-05-02 12:00:00,137.51499999999999,137.58000000000001,137.24600000000001,137.56700000000001,14319,0,1740012000
2023-05-02 16:00:00,137.571,137.578,136.316,136.45599999999999,28936,0,4147650000
2023-05-02 20:00:00,136.45099999999999,136.702,136.42099999999999,136.459,11121,0,1781722000
2023-05-03 00:00:00,136.45099999999999,136.595,136.38900000000001,136.40899999999999,6240,0,1058284000
2023-05-03 04:00:00,136.40700000000001,136.45599999999999,135.91999999999999,136.06200000000001,8545,0,1011318000
2023-05-03 08:00:00,136.06200000000001,136.10599999999999,135.52600000000001,135.67099999999999,15215,0,1943296000
2023-05-03 12:00:00,135.673,135.93799999999999,135.32900000000001,135.398,16736,0,1948832000
2023-05-03 16:00:00,135.39400000000001,135.535,135.06700000000001,135.386,18883,0,2448044000
2023-05-03 20:00:00,135.38399999999999,135.70599999999999,134.66800000000001,134.72200000000001,31415,0,4465739000
2023-05-04 00:00:00,134.66900000000001,134.75,134.34700000000001,134.52799999999999,13982,0,2430042000
2023-05-04 04:00:00,134.52799999999999,134.62799999999999,134.40000000000001,134.56800000000001,8831,0,1046903000
2023-05-04 08:00:00,134.571,134.816,134.149,134.60300000000001,18466,0,2134986000
2023-05-04 12:00:00,134.602,134.87,134.31200000000001,134.82400000000001,23705,0,2863746000
2023-05-04 16:00:00,134.82400000000001,134.87799999999999,133.49700000000001,133.755,41635,0,5689142000
2023-05-04 20:00:00,133.75800000000001,134.34700000000001,133.74199999999999,134.24799999999999,17886,0,3136722000
2023-05-05 00:00:00,134.24799999999999,134.309,134.08000000000001,134.13399999999999,5455,0,832656000
2023-05-05 04:00:00,134.13300000000001,134.148,133.91399999999999,133.96899999999999,6869,0,721278000
2023-05-05 08:00:00,133.971,134.215,133.88399999999999,134.15000000000001,15808,0,1869960000
2023-05-05 12:00:00,134.149,135.125,134.09800000000001,134.97499999999999,17847,0,2241562000
2023-05-05 16:00:00,134.97499999999999,135.06999999999999,134.62299999999999,134.66300000000001,20334,0,2521096000
2023-05-05 20:00:00,134.66499999999999,134.876,134.643,134.822,7753,0,1242094000
2023-05-08 00:00:00,134.82400000000001,135.298,134.821,134.89699999999999,8342,0,1343532000
2023-05-08 04:00:00,134.89500000000001,135.01499999999999,134.71799999999999,134.74600000000001,6968,0,835220000
2023-05-08 08:00:00,134.744,135.09200000000001,134.642,134.96799999999999,10990,0,1246354000
2023-05-08 12:00:00,134.96700000000001,135.227,134.934,135.059,12721,0,1650286000
2023-05-08 16:00:00,135.054,135.06100000000001,134.655,134.71100000000001,15109,0,2117600000
2023-05-08 20:00:00,134.71199999999999,135.178,134.68100000000001,135.059,10613,0,1829554000
2023-05-09 00:00:00,135.00899999999999,135.32599999999999,134.96799999999999,135.21199999999999,11722,0,2327144000
2023-05-09 04:00:00,135.21299999999999,135.22399999999999,134.875,135.006,7253,0,807360000
2023-05-09 08:00:00,135.006,135.05799999999999,134.72399999999999,135.04300000000001,15216,0,1885896000
2023-05-09 12:00:00,135.04300000000001,135.19200000000001,134.76400000000001,135.19200000000001,13959,0,1746896000
2023-05-09 16:00:00,135.19200000000001,135.358,134.95699999999999,135.25700000000001,15637,0,1997416000
2023-05-09 20:00:00,135.25800000000001,135.25999999999999,135.10900000000001,135.20099999999999,10700,0,1882702000
2023-05-10 00:00:00,135.173,135.34100000000001,135.101,135.154,13936,0,2904756000
2023-05-10 04:00:00,135.15600000000001,135.28800000000001,135.06399999999999,135.23599999999999,7428,0,843672000
2023-05-10 08:00:00,135.238,135.47,135.12,135.26499999999999,13989,0,1678188000
2023-05-10 12:00:00,135.26499999999999,135.41499999999999,134.34,134.405,17150,0,2185698000
2023-05-10 16:00:00,134.39099999999999,134.721,134.27699999999999,134.34100000000001,24262,0,3329560000
2023-05-10 20:00:00,134.33799999999999,134.399,134.114,134.31,10949,0,1756352000
2023-05-11 00:00:00,134.25899999999999,134.36500000000001,133.893,134.06800000000001,9024,0,1536082000
2023-05-11 04:00:00,134.065,134.30600000000001,134.011,134.24299999999999,8163,0,1006109000
2023-05-11 08:00:00,134.24600000000001,134.845,134.15799999999999,134.79900000000001,16686,0,1945059000
2023-05-11 12:00:00,134.79900000000001,134.84,133.745,133.83699999999999,23268,0,2845052000
2023-05-11 16:00:00,133.84,134.54400000000001,133.78700000000001,134.41499999999999,24892,0,3232862000
2023-05-11 20:00:00,134.41499999999999,134.58799999999999,134.33600000000001,134.52500000000001,10243,0,1710710000
2023-05-12 00:00:00,134.47399999999999,134.57499999999999,134.40299999999999,134.52600000000001,9471,0,1780764000
2023-05-12 04:00:00,134.52500000000001,134.691,134.483,134.57499999999999,7244,0,843728000
2023-05-12 08:00:00,134.572,134.90700000000001,134.572,134.76900000000001,13884,0,1728350000
2023-05-12 12:00:00,134.76900000000001,135.05000000000001,134.63200000000001,134.97900000000001,10901,0,1361820000
2023-05-12 16:00:00,134.977,135.75399999999999,134.721,135.65700000000001,21954,0,3132878000
2023-05-12 20:00:00,135.65700000000001,135.749,135.624,135.74600000000001,7605,0,1220544000
2023-05-15 00:00:00,135.60300000000001,136.02600000000001,135.60300000000001,135.874,9798,0,1472508000
2023-05-15 04:00:00,135.87100000000001,136.24000000000001,135.727,136.083,7381,0,963854000
2023-05-15 08:00:00,136.08199999999999,136.26499999999999,135.82400000000001,136.10900000000001,13643,0,1935800000
2023-05-15 12:00:00,136.108,136.327,135.71100000000001,135.892,14126,0,1781666000
2023-05-15 16:00:00,135.893,136.197,135.88900000000001,136.08000000000001,14653,0,1849750000
2023-05-15 20:00:00,136.08099999999999,136.137,136.012,136.08799999999999,7313,0,1141998000
2023-05-16 00:00:00,136.084,136.10300000000001,135.91,135.93100000000001,13511,0,2965730000
2023-05-16 04:00:00,135.929,136.09999999999999,135.90700000000001,135.977,6322,0,740118000
2023-05-16 08:00:00,135.98099999999999,136.03399999999999,135.72,135.84700000000001,13068,0,1655456000
2023-05-16 12:00:00,135.84700000000001,136.208,135.667,136.102,13706,0,1805550000
2023-05-16 16:00:00,136.102,136.685,136.065,136.59200000000001,19871,0,2685302000
2023-05-16 20:00:00,136.59200000000001,136.60900000000001,136.26900000000001,136.334,8877,0,1582828000
2023-05-17 00:00:00,136.32900000000001,136.47900000000001,136.30500000000001,136.43799999999999,8398,0,1697684000
2023-05-17 04:00:00,136.43600000000001,136.58199999999999,136.36000000000001,136.57900000000001,5289,0,603436000
2023-05-17 08:00:00,136.57900000000001,137.09299999999999,136.56899999999999,137.05000000000001,14936,0,1951220000
2023-05-17 12:00:00,137.05000000000001,137.24000000000001,136.839,137.14699999999999,13875,0,1758824000
2023-05-17 16:00:00,137.149,137.572,136.96100000000001,137.46700000000001,18644,0,2576560000
2023-05-17 20:00:00,137.46600000000001,137.709,137.393,137.654,9820,0,1570970000
2023-05-18 00:00:00,137.654,137.71799999999999,137.441,137.44399999999999,11032,0,2172176000
2023-05-18 04:00:00,137.446,137.63,137.28800000000001,137.60499999999999,8238,0,955460000
2023-05-18 08:00:00,137.60300000000001,137.93799999999999,137.386,137.774,14522,0,1875382000
2023-05-18 12:00:00,137.77600000000001,138.39500000000001,137.69499999999999,138.30099999999999,15069,0,1937690000
2023-05-18 16:00:00,138.297,138.67500000000001,138.13300000000001,138.577,19796,0,2744074000
2023-05-18 20:00:00,138.578,138.74799999999999,138.48599999999999,138.69,9433,0,1485234000
2023-05-19 00:00:00,138.69,138.70400000000001,138.27799999999999,138.41,13095,0,2551858000
2023-05-19 04:00:00,138.40899999999999,138.596,138.333,138.46000000000001,7812,0,951648000
2023-05-19 08:00:00,138.459,138.46600000000001,137.96700000000001,138.178,13719,0,1703612000
2023-05-19 12:00:00,138.178,138.577,137.994,138.55099999999999,13778,0,1925180000
2023-05-19 16:00:00,138.55500000000001,138.65700000000001,137.42500000000001,137.792,26807,0,3507292000
2023-05-19 20:00:00,137.792,138.13900000000001,137.76599999999999,137.93199999999999,9492,0,1516990000
2023-05-22 00:00:00,137.96299999999999,138.00299999999999,137.57599999999999,137.67699999999999,6150,0,1059442000
2023-05-22 04:00:00,137.678,137.80699999999999,137.49299999999999,137.78999999999999,7141,0,863560000
2023-05-22 08:00:00,137.78800000000001,138.04300000000001,137.76400000000001,137.834,13253,0,1776852000
2023-05-22 12:00:00,137.834,138.495,137.798,138.41900000000001,15030,0,2159862000
2023-05-22 16:00:00,138.41999999999999,138.68600000000001,137.99600000000001,138.54900000000001,21283,0,3110142000
2023-05-22 20:00:00,138.55199999999999,138.62799999999999,138.26499999999999,138.584,9975,0,1762672000
2023-05-23 00:00:00,138.56399999999999,138.80199999999999,138.42500000000001,138.53800000000001,11378,0,2151978000
2023-05-23 04:00:00,138.53899999999999,138.87799999999999,138.357,138.41499999999999,9855,0,1353409000
2023-05-23 08:00:00,138.41499999999999,138.685,138.24199999999999,138.33000000000001,15754,0,2104030000
2023-05-23 12:00:00,138.33000000000001,138.911,138.261,138.86000000000001,14969,0,2348990000
2023-05-23 16:00:00,138.85900000000001,138.85900000000001,138.28800000000001,138.643,24705,0,3623196000
2023-05-23 20:00:00,138.643,138.71100000000001,138.39599999999999,138.56399999999999,12229,0,2089322000
2023-05-24 00:00:00,138.54900000000001,138.63800000000001,138.489,138.52099999999999,11086,0,2372268000
2023-05-24 04:00:00,138.52199999999999,138.52199999999999,138.35499999999999,138.42099999999999,6669,0,837572000
2023-05-24 08:00:00,138.42099999999999,138.73400000000001,138.22999999999999,138.57400000000001,17387,0,2501854000
2023-05-24 12:00:00,138.57400000000001,138.774,138.34100000000001,138.691,16391,0,2568084000
2023-05-24 16:00:00,138.69,139.387,138.613,139.30799999999999,22568,0,3679196000
2023-05-24 20:00:00,139.30799999999999,139.47300000000001,138.971,139.452,12910,0,2153294000
2023-05-25 00:00:00,139.31899999999999,139.47399999999999,138.81299999999999,139.398,13490,0,2596258000
2023-05-25 04:00:00,139.399,139.703,139.37299999999999,139.57599999999999,10941,0,1738108000
2023-05-25 08:00:00,139.57599999999999,139.69399999999999,139.28200000000001,139.49199999999999,18630,0,2841996000
2023-05-25 12:00:00,139.49199999999999,139.75800000000001,139.18600000000001,139.72499999999999,17828,0,2366774000
2023-05-25 16:00:00,139.726,139.96299999999999,139.41,139.928,24112,0,3291352000
2023-05-25 20:00:00,139.92699999999999,140.22900000000001,139.85300000000001,140.04400000000001,9692,0,1679819000
2023-05-26 00:00:00,140.023,140.10400000000001,139.79300000000001,139.88900000000001,14265,0,2670538000
2023-05-26 04:00:00,139.887,139.959,139.70599999999999,139.72,7404,0,907822000
2023-05-26 08:00:00,139.71899999999999,139.845,139.495,139.696,14090,0,1775984000
2023-05-26 12:00:00,139.69399999999999,140.31700000000001,139.62200000000001,140.077,14177,0,1880845000
2023-05-26 16:00:00,140.08000000000001,140.71199999999999,140.02199999999999,140.59700000000001,21029,0,2953222000
2023-05-26 20:00:00,140.596,140.726,140.52000000000001,140.58600000000001,5871,0,966424000
2023-05-29 00:00:00,140.55500000000001,140.92099999999999,140.51499999999999,140.75399999999999,19500,0,0
2023-05-29 04:00:00,140.75399999999999,140.77600000000001,140.38800000000001,140.41,11083,0,0
2023-05-29 08:00:00,140.40899999999999,140.53800000000001,140.22900000000001,140.321,11404,0,0
2023-05-29 12:00:00,140.321,140.38800000000001,140.16800000000001,140.208,9217,0,0
2023-05-29 16:00:00,140.20400000000001,140.37100000000001,140.11500000000001,140.345,5390,0,0
2023-05-29 20:00:00,140.34399999999999,140.46299999999999,140.30600000000001,140.435,2082,0,0
2023-05-30 00:00:00,140.34200000000001,140.53299999999999,140.19399999999999,140.21799999999999,9919,0,0
2023-05-30 04:00:00,140.21700000000001,140.36099999999999,139.96299999999999,140.31999999999999,12659,0,0
2023-05-30 08:00:00,140.321,140.93199999999999,140.119,140.166,26512,0,0
2023-05-30 12:00:00,140.166,140.65000000000001,139.58000000000001,139.839,25948,0,0
2023-05-30 16:00:00,139.84200000000001,140.113,139.57300000000001,139.923,21344,0,0
2023-05-30 20:00:00,139.923,139.94900000000001,139.71299999999999,139.78999999999999,11311,0,0
2023-05-31 00:00:00,139.75299999999999,139.92400000000001,139.61600000000001,139.672,9125,0,0
2023-05-31 04:00:00,139.672,139.898,139.61500000000001,139.80199999999999,12160,0,0
2023-05-31 08:00:00,139.80199999999999,139.96700000000001,139.31299999999999,139.95400000000001,22704,0,0
2023-05-31 12:00:00,139.953,140.06100000000001,139.51599999999999,139.803,14731,0,0
2023-05-31 16:00:00,139.803,140.37799999999999,139.55799999999999,139.72800000000001,26016,0,0
2023-05-31 20:00:00,139.72800000000001,139.779,139.23400000000001,139.33600000000001,13365,0,0
2023-06-01 00:00:00,139.321,139.358,138.96199999999999,139.19499999999999,8264,0,0
2023-06-01 04:00:00,139.19399999999999,139.55099999999999,139.119,139.417,11273,0,0
2023-06-01 08:00:00,139.417,139.94999999999999,139.416,139.79900000000001,14581,0,0
2023-06-01 12:00:00,139.79300000000001,139.88900000000001,139.11099999999999,139.119,17642,0,0
2023-06-01 16:00:00,139.10300000000001,139.17699999999999,138.434,138.791,21898,0,0
2023-06-01 20:00:00,138.79900000000001,138.86799999999999,138.71199999999999,138.79300000000001,7110,0,0
2023-06-02 00:00:00,138.755,138.977,138.66300000000001,138.95099999999999,5774,0,0
2023-06-02 04:00:00,138.952,139.05500000000001,138.607,138.911,9904,0,0
2023-06-02 08:00:00,138.911,139.10599999999999,138.78999999999999,138.828,14419,0,0
2023-06-02 12:00:00,138.828,139.44499999999999,138.73400000000001,139.249,15734,0,0
2023-06-02 16:00:00,139.24700000000001,139.90799999999999,138.971,139.892,19990,0,0
2023-06-02 20:00:00,139.892,140.06899999999999,139.86500000000001,139.928,8042,0,0
2023-06-05 00:00:00,139.95400000000001,140.26300000000001,139.94999999999999,140.11099999999999,6570,0,0
2023-06-05 04:00:00,140.10900000000001,140.239,139.99299999999999,140.083,9949,0,0
2023-06-05 08:00:00,140.08500000000001,140.453,139.98699999999999,140.26300000000001,15320,0,0
2023-06-05 12:00:00,140.26300000000001,140.38800000000001,140.12200000000001,140.167,12516,0,0
2023-06-05 16:00:00,140.167,140.209,139.25,139.71299999999999,19219,0,0
2023-06-05 20:00:00,139.71299999999999,139.815,139.47999999999999,139.577,9056,0,0
2023-06-06 00:00:00,139.53399999999999,139.59899999999999,139.32300000000001,139.56800000000001,6686,0,0
2023-06-06 04:00:00,139.56299999999999,139.65899999999999,139.43100000000001,139.44900000000001,8890,0,0
2023-06-06 08:00:00,139.44999999999999,139.52199999999999,139.095,139.21199999999999,18194,0,0
2023-06-06 12:00:00,139.21199999999999,139.898,139.15100000000001,139.77799999999999,13960,0,0
2023-06-06 16:00:00,139.779,139.994,139.57499999999999,139.66399999999999,15932,0,0
2023-06-06 20:00:00,139.66399999999999,139.75700000000001,139.625,139.63,7435,0,0
2023-06-07 00:00:00,139.631,139.654,139.37700000000001,139.37799999999999,5829,0,0
2023-06-07 04:00:00,139.37799999999999,139.38499999999999,139.15299999999999,139.25399999999999,10510,0,0
2023-06-07 08:00:00,139.25299999999999,139.49700000000001,139.12700000000001,139.36600000000001,14092,0,0
2023-06-07 12:00:00,139.36600000000001,139.63,139.24799999999999,139.554,13252,0,0
2023-06-07 16:00:00,139.554,140.202,139.02799999999999,140.19,19992,0,0
2023-06-07 20:00:00,140.19,140.249,140.06,140.155,9980,0,0
2023-06-08 00:00:00,140.08000000000001,140.226,139.84700000000001,139.93000000000001,7410,0,0
2023-06-08 04:00:00,139.929,140.096,139.708,139.72999999999999,10063,0,0
2023-06-08 08:00:00,139.72999999999999,139.96299999999999,139.625,139.73400000000001,15458,0,0
2023-06-08 12:00:00,139.73400000000001,139.84700000000001,139.22,139.422,14737,0,0
2023-06-08 16:00:00,139.422,139.476,138.81,138.91399999999999,20388,0,0
2023-06-08 20:00:00,138.92099999999999,139.00700000000001,138.88,138.92500000000001,9106,0,0
2023-06-09 00:00:00,138.87799999999999,139.08099999999999,138.761,139.03299999999999,6756,0,0
2023-06-09 04:00:00,139.03399999999999,139.32499999999999,139.00299999999999,139.27000000000001,12229,0,0
2023-06-09 08:00:00,139.27199999999999,139.72499999999999,139.238,139.65799999999999,15858,0,0
2023-06-09 12:00:00,139.65799999999999,139.66200000000001,139.03100000000001,139.29499999999999,15400,0,0
2023-06-09 16:00:00,139.29499999999999,139.59800000000001,139.166,139.36199999999999,17443,0,0
2023-06-09 20:00:00,139.36199999999999,139.47900000000001,139.28800000000001,139.35300000000001,6979,0,0
2023-06-12 00:00:00,139.34999999999999,139.489,139.26400000000001,139.40700000000001,6025,0,0
2023-06-12 04:00:00,139.40799999999999,139.64400000000001,139.35300000000001,139.46299999999999,9744,0,0
2023-06-12 08:00:00,139.46299999999999,139.63,139.16200000000001,139.20599999999999,13360,0,0
2023-06-12 12:00:00,139.20599999999999,139.41,139.06399999999999,139.20400000000001,14110,0,0
2023-06-12 16:00:00,139.20400000000001,139.761,139.185,139.71799999999999,15955,0,0
2023-06-12 20:00:00,139.71700000000001,139.77000000000001,139.53299999999999,139.59899999999999,8108,0,0
2023-06-13 00:00:00,139.583,139.666,139.40100000000001,139.64500000000001,5837,0,0
2023-06-13 04:00:00,139.64500000000001,139.66200000000001,139.328,139.49199999999999,10675,0,0
2023-06-13 08:00:00,139.49299999999999,139.64699999999999,139.38300000000001,139.51400000000001,15959,0,0
2023-06-13 12:00:00,139.51400000000001,139.95699999999999,139.03899999999999,139.15799999999999,15318,0,0
2023-06-13 16:00:00,139.154,140.113,139.012,139.89699999999999,21049,0,0
2023-06-13 20:00:00,139.89699999999999,140.30699999999999,139.84200000000001,140.21199999999999,11315,0,0
2023-06-14 00:00:00,140.173,140.27500000000001,140.00700000000001,140.035,5972,0,0
2023-06-14 04:00:00,140.035,140.11000000000001,139.93799999999999,140.10400000000001,8572,0,0
2023-06-14 08:00:00,140.10599999999999,140.20500000000001,139.87899999999999,139.977,14332,0,0
2023-06-14 12:00:00,139.97499999999999,140.05699999999999,139.626,139.69499999999999,13818,0,0
2023-06-14 16:00:00,139.69399999999999,139.75700000000001,139.28399999999999,139.35900000000001,15490,0,0
2023-06-14 20:00:00,139.357,140.17400000000001,139.33500000000001,140.09299999999999,22544,0,0
2023-06-15 00:00:00,140.03700000000001,140.38499999999999,139.94200000000001,140.363,7605,0,0
2023-06-15 04:00:00,140.364,141.32900000000001,140.357,141.27099999999999,17299,0,0
2023-06-15 08:00:00,141.27099999999999,141.50200000000001,141.12700000000001,141.26900000000001,19872,0,0
2023-06-15 12:00:00,141.27099999999999,141.30199999999999,140.65700000000001,140.70599999999999,19708,0,0
2023-06-15 16:00:00,140.71000000000001,140.751,140.154,140.31800000000001,21943,0,0
2023-06-15 20:00:00,140.31800000000001,140.37799999999999,140.227,140.25800000000001,8759,0,0
2023-06-16 00:00:00,140.28999999999999,140.28999999999999,140.00200000000001,140.15600000000001,6554,0,0
2023-06-16 04:00:00,140.15600000000001,140.77600000000001,139.85300000000001,140.62799999999999,14148,0,0
2023-06-16 08:00:00,140.62799999999999,141.405,140.619,141.036,20868,0,0
2023-06-16 12:00:00,141.03299999999999,141.316,140.791,141.292,17630,0,0
2023-06-16 16:00:00,141.292,141.87799999999999,140.90799999999999,141.85300000000001,22901,0,0
2023-06-16 20:00:00,141.85300000000001,141.91300000000001,141.667,141.80699999999999,8977,0,0
2023-06-19 00:00:00,141.69,141.97200000000001,141.67400000000001,141.952,8044,0,0
2023-06-19 04:00:00,141.952,141.95599999999999,141.441,141.49600000000001,11635,0,0
2023-06-19 08:00:00,141.49600000000001,141.95099999999999,141.46299999999999,141.86600000000001,13202,0,0
2023-06-19 12:00:00,141.86600000000001,142.00200000000001,141.77600000000001,141.87100000000001,10871,0,0
2023-06-19 16:00:00,141.87,141.958,141.66200000000001,141.93100000000001,8463,0,0
2023-06-19 20:00:00,141.929,141.99199999999999,141.90700000000001,141.97,1713,0,0
2023-06-20 00:00:00,141.93899999999999,142.203,141.84,142.101,7589,0,0
2023-06-20 04:00:00,142.101,142.255,141.58099999999999,142.06100000000001,14833,0,0
2023-06-20 08:00:00,142.06100000000001,142.143,141.459,141.54300000000001,17681,0,0
2023-06-20 12:00:00,141.54300000000001,141.66499999999999,141.285,141.47,14707,0,0
2023-06-20 16:00:00,141.483,141.74799999999999,141.24299999999999,141.273,18555,0,0
2023-06-20 20:00:00,141.273,141.47499999999999,141.214,141.43299999999999,7287,0,0
2023-06-21 00:00:00,141.416,141.703,141.28200000000001,141.69800000000001,7946,0,0
2023-06-21 04:00:00,141.69900000000001,141.786,141.517,141.785,11253,0,0
2023-06-21 08:00:00,141.785,142.16900000000001,141.70599999999999,141.99000000000001,17470,0,0
2023-06-21 12:00:00,141.99000000000001,142.03999999999999,141.70500000000001,141.87700000000001,15724,0,0
2023-06-21 16:00:00,141.88499999999999,142.36799999999999,141.87799999999999,141.93700000000001,20533,0,0
2023-06-21 20:00:00,141.93600000000001,141.96799999999999,141.68299999999999,141.869,10633,0,0
2023-06-22 00:00:00,141.77500000000001,141.89599999999999,141.65799999999999,141.886,7161,0,0
2023-06-22 04:00:00,141.88,141.886,141.61000000000001,141.77799999999999,9034,0,0
2023-06-22 08:00:00,141.77600000000001,142.001,141.69999999999999,141.977,15075,0,0
2023-06-22 12:00:00,141.977,142.24299999999999,141.77000000000001,142.24100000000001,16700,0,0
2023-06-22 16:00:00,142.24299999999999,142.99000000000001,142.14699999999999,142.98699999999999,19923,0,0
2023-06-22 20:00:00,142.98699999999999,143.22999999999999,142.93000000000001,143.11199999999999,10226,0,0
2023-06-23 00:00:00,143.02000000000001,143.18000000000001,142.953,143.08699999999999,8539,0,0
2023-06-23 04:00:00,143.08699999999999,143.142,142.81100000000001,143.08199999999999,20004,0,0
2023-06-23 08:00:00,143.083,143.453,142.77099999999999,143.06100000000001,33314,0,0
2023-06-23 12:00:00,143.06100000000001,143.321,142.79499999999999,142.87100000000001,23507,0,0
2023-06-23 16:00:00,142.87,143.874,142.65000000000001,143.86600000000001,32564,0,0
2023-06-23 20:00:00,143.86600000000001,143.86600000000001,143.672,143.71799999999999,10690,0,0
2023-06-26 00:00:00,143.488,143.71899999999999,143.23400000000001,143.44,14792,0,0
2023-06-26 04:00:00,143.44999999999999,143.661,143.334,143.386,18237,0,0
2023-06-26 08:00:00,143.38900000000001,143.56700000000001,142.935,143.15100000000001,25538,0,0
2023-06-26 12:00:00,143.15299999999999,143.30500000000001,142.99000000000001,143.10599999999999,18289,0,0
2023-06-26 16:00:00,143.10499999999999,143.71199999999999,143.10499999999999,143.57400000000001,28974,0,0
2023-06-26 20:00:00,143.57400000000001,143.59899999999999,143.43700000000001,143.49000000000001,10877,0,0
2023-06-27 00:00:00,143.46100000000001,143.571,143.36000000000001,143.49700000000001,8606,0,0
2023-06-27 04:00:00,143.49600000000001,143.52500000000001,143.285,143.495,16635,0,0
2023-06-27 08:00:00,143.49600000000001,143.77500000000001,143.399,143.71000000000001,21637,0,0
2023-06-27 12:00:00,143.71000000000001,143.946,143.37200000000001,143.54900000000001,22374,0,0
2023-06-27 16:00:00,143.54300000000001,144.17400000000001,143.30000000000001,143.97499999999999,31425,0,0
2023-06-27 20:00:00,143.97499999999999,144.08799999999999,143.95599999999999,144.06,9822,0,0
2023-06-28 00:00:00,144.05600000000001,144.095,143.73099999999999,143.80000000000001,11288,0,0
2023-06-28 04:00:00,143.80000000000001,144.04900000000001,143.77500000000001,143.989,15762,0,0
2023-06-28 08:00:00,143.988,144.255,143.863,144.072,22835,0,0
2023-06-28 12:00:00,144.06999999999999,144.446,143.82300000000001,144.40000000000001,23185,0,0
2023-06-28 16:00:00,144.40000000000001,144.61699999999999,144.09399999999999,144.184,34559,0,0
2023-06-28 20:00:00,144.184,144.535,144.125,144.48400000000001,11961,0,0
2023-06-29 00:00:00,144.43799999999999,144.47300000000001,144.24199999999999,144.25299999999999,11739,0,0
2023-06-29 04:00:00,144.25299999999999,144.59899999999999,144.13499999999999,144.58199999999999,16169,0,0
2023-06-29 08:00:00,144.58199999999999,144.69900000000001,144.15600000000001,144.25299999999999,26093,0,0
2023-06-29 12:00:00,144.25299999999999,144.809,144.15199999999999,144.786,26594,0,0
2023-06-29 16:00:00,144.78399999999999,144.90000000000001,144.524,144.845,33654,0,0
2023-06-29 20:00:00,144.846,144.89400000000001,144.768,144.774,9735,0,0
2023-06-30 00:00:00,144.71799999999999,144.92500000000001,144.68000000000001,144.88200000000001,10608,0,0
2023-06-30 04:00:00,144.88300000000001,145.07400000000001,144.65299999999999,144.72200000000001,18771,0,0
2023-06-30 08:00:00,144.72399999999999,144.90700000000001,144.441,144.637,21048,0,0
2023-06-30 12:00:00,144.637,144.75399999999999,144.345,144.46000000000001,22285,0,0
2023-06-30 16:00:00,144.465,144.62700000000001,144.20599999999999,144.32900000000001,34164,0,0
2023-06-30 20:00:00,144.328,144.364,144.23400000000001,144.274,14880,0,0
2023-07-03 00:00:00,144.35499999999999,144.47900000000001,144.22399999999999,144.44300000000001,9368,0,0
2023-07-03 04:00:00,144.44300000000001,144.69399999999999,144.40899999999999,144.43899999999999,15823,0,0
2023-07-03 08:00:00,144.43899999999999,144.88200000000001,144.36699999999999,144.715,21247,0,0
2023-07-03 12:00:00,144.71700000000001,144.91300000000001,144.53399999999999,144.59,18838,0,0
2023-07-03 16:00:00,144.59,144.702,143.98500000000001,144.684,26776,0,0
2023-07-03 20:00:00,144.68299999999999,144.756,144.625,144.65700000000001,5800,0,0
2023-07-04 00:00:00,144.66800000000001,144.70099999999999,144.42699999999999,144.46199999999999,7625,0,0
2023-07-04 04:00:00,144.46199999999999,144.67599999999999,144.435,144.65299999999999,11001,0,0
2023-07-04 08:00:00,144.65299999999999,144.667,144.33699999999999,144.386,14004,0,0
2023-07-04 12:00:00,144.38499999999999,144.465,144.304,144.328,10144,0,0
2023-07-04 16:00:00,144.32900000000001,144.54400000000001,144.20699999999999,144.51300000000001,11582,0,0
2023-07-04 20:00:00,144.51300000000001,144.53999999999999,144.41,144.446,3806,0,0
2023-07-05 00:00:00,144.39400000000001,144.559,144.381,144.459,7523,0,0
2023-07-05 04:00:00,144.45400000000001,144.642,144.43799999999999,144.52600000000001,10511,0,0
2023-07-05 08:00:00,144.52699999999999,144.73500000000001,144.25200000000001,144.35900000000001,21041,0,0
2023-07-05 12:00:00,144.358,144.59700000000001,144.20699999999999,144.40199999999999,20155,0,0
2023-07-05 16:00:00,144.404,144.65299999999999,144.08000000000001,144.63800000000001,23064,0,0
2023-07-05 20:00:00,144.63800000000001,144.69900000000001,144.5,144.643,9787,0,0
2023-07-06 00:00:00,144.58000000000001,144.62799999999999,144.19300000000001,144.23099999999999,9894,0,0
2023-07-06 04:00:00,144.23099999999999,144.44800000000001,143.92400000000001,143.96799999999999,15415,0,0
2023-07-06 08:00:00,143.96799999999999,144.065,143.55500000000001,144.00299999999999,28120,0,0
2023-07-06 12:00:00,144.00399999999999,144.345,143.63499999999999,144.19900000000001,27973,0,0
2023-07-06 16:00:00,144.19900000000001,144.654,143.96000000000001,144.107,35897,0,0
2023-07-06 20:00:00,144.10599999999999,144.23099999999999,144.042,144.05000000000001,10343,0,0
2023-07-07 00:00:00,144.01599999999999,144.20099999999999,143.798,144.07499999999999,9236,0,0
2023-07-07 04:00:00,144.07499999999999,144.108,143.81299999999999,143.83699999999999,12720,0,0
2023-07-07 08:00:00,143.83799999999999,143.85900000000001,142.94300000000001,142.96299999999999,25318,0,0
2023-07-07 12:00:00,142.96299999999999,143.37899999999999,142.57900000000001,143.23699999999999,28827,0,0
2023-07-07 16:00:00,143.238,143.42099999999999,142.083,142.108,36678,0,0
2023-07-07 20:00:00,142.108,142.19499999999999,142.072,142.09200000000001,9284,0,0
2023-07-10 00:00:00,142.14400000000001,142.54300000000001,142.11099999999999,142.49199999999999,12675,0,0
2023-07-10 04:00:00,142.49199999999999,143.006,142.429,142.98599999999999,19319,0,0
2023-07-10 08:00:00,142.98599999999999,142.98599999999999,142.24100000000001,142.31700000000001,21471,0,0
2023-07-10 12:00:00,142.31700000000001,142.59999999999999,142.07300000000001,142.41900000000001,18842,0,0
2023-07-10 16:00:00,142.417,142.41800000000001,141.41900000000001,141.47999999999999,27214,0,0
2023-07-10 20:00:00,141.47999999999999,141.49299999999999,141.27699999999999,141.29499999999999,8950,0,0
2023-07-11 00:00:00,141.339,141.46199999999999,141.155,141.34899999999999,9963,0,0
2023-07-11 04:00:00,141.34800000000001,141.35300000000001,140.59999999999999,140.75700000000001,17067,0,0
2023-07-11 08:00:00,140.75700000000001,140.94999999999999,140.423,140.55199999999999,21567,0,0
2023-07-11 12:00:00,140.55199999999999,140.642,140.15899999999999,140.48099999999999,17758,0,0
2023-07-11 16:00:00,140.48099999999999,140.95599999999999,140.32300000000001,140.333,17442,0,0
2023-07-11 20:00:00,140.333,140.483,140.29900000000001,140.357,7202,0,0
2023-07-12 00:00:00,140.357,140.36699999999999,139.60900000000001,139.739,11110,0,0
2023-07-12 04:00:00,139.739,139.749,139.36699999999999,139.5,17871,0,0
2023-07-12 08:00:00,139.5,139.75700000000001,139.31299999999999,139.60400000000001,19650,0,0
2023-07-12 12:00:00,139.60400000000001,139.726,138.77500000000001,139.27600000000001,21039,0,0
2023-07-12 16:00:00,139.27500000000001,139.363,138.15700000000001,138.40100000000001,30432,0,0
2023-07-12 20:00:00,138.40199999999999,138.553,138.26499999999999,138.49700000000001,9603,0,0
2023-07-13 00:00:00,138.41399999999999,138.57900000000001,138.072,138.54599999999999,11517,0,0
2023-07-13 04:00:00,138.548,138.673,138.387,138.523,17507,0,0
2023-07-13 08:00:00,138.523,138.833,138.233,138.37899999999999,22485,0,0
2023-07-13 12:00:00,138.381,138.95500000000001,138.23599999999999,138.63900000000001,22570,0,0
2023-07-13 16:00:00,138.63200000000001,138.66999999999999,138.02699999999999,138.06999999999999,24796,0,0
2023-07-13 20:00:00,138.072,138.18799999999999,137.922,138.03800000000001,9452,0,0
2023-07-14 00:00:00,138.03800000000001,138.11500000000001,137.643,137.684,11104,0,0
2023-07-14 04:00:00,137.684,137.74299999999999,137.24000000000001,137.69900000000001,19079,0,0
2023-07-14 08:00:00,137.69900000000001,138.46899999999999,137.589,138.31800000000001,21707,0,0
2023-07-14 12:00:00,138.31700000000001,138.91800000000001,138.202,138.80000000000001,21052,0,0
2023-07-14 16:00:00,138.804,139.15600000000001,138.40100000000001,138.66800000000001,28606,0,0
2023-07-14 20:00:00,138.66800000000001,138.90299999999999,138.62299999999999,138.744,6917,0,0
2023-07-17 00:00:00,138.69800000000001,138.83099999999999,138.36600000000001,138.38200000000001,7190,0,0
2023-07-17 04:00:00,138.38200000000001,138.697,138.37700000000001,138.626,10085,0,0
2023-07-17 08:00:00,138.626,138.75700000000001,138.31399999999999,138.404,17683,0,0
2023-07-17 12:00:00,138.405,139.096,137.999,138.92500000000001,19742,0,0
2023-07-17 16:00:00,138.92400000000001,139.41,138.78899999999999,138.81100000000001,21477,0,0
2023-07-17 20:00:00,138.81100000000001,138.893,138.60400000000001,138.71100000000001,7506,0,0
2023-07-18 00:00:00,138.708,138.92599999999999,138.60300000000001,138.827,8374,0,0
2023-07-18 04:00:00,138.82599999999999,138.89500000000001,138.387,138.46199999999999,15500,0,0
2023-07-18 08:00:00,138.46299999999999,138.54599999999999,138.09,138.26499999999999,21814,0,0
2023-07-18 12:00:00,138.26599999999999,138.62700000000001,137.67599999999999,138.10499999999999,22356,0,0
2023-07-18 16:00:00,138.10400000000001,139.13,137.81299999999999,139.107,32474,0,0
2023-07-18 20:00:00,139.10599999999999,139.13800000000001,138.762,138.828,10511,0,0
2023-07-19 00:00:00,138.786,139.191,138.76300000000001,138.91200000000001,9029,0,0
2023-07-19 04:00:00,138.91200000000001,139.42099999999999,138.84999999999999,139.37200000000001,14638,0,0
2023-07-19 08:00:00,139.374,139.749,139.19999999999999,139.73099999999999,24508,0,0
2023-07-19 12:00:00,139.73099999999999,139.99299999999999,139.38499999999999,139.64500000000001,19446,0,0
2023-07-19 16:00:00,139.64400000000001,139.989,139.458,139.63,25815,0,0
2023-07-19 20:00:00,139.63,139.761,139.51599999999999,139.65899999999999,9354,0,0
2023-07-20 00:00:00,139.55799999999999,139.70099999999999,139.40199999999999,139.441,10098,0,0
2023-07-20 04:00:00,139.441,139.464,139.11099999999999,139.37200000000001,15687,0,0
2023-07-20 08:00:00,139.37299999999999,139.68600000000001,139.24799999999999,139.45500000000001,21448,0,0
2023-07-20 12:00:00,139.45500000000001,139.917,139.339,139.83500000000001,21011,0,0
2023-07-20 16:00:00,139.83500000000001,140.49799999999999,139.74700000000001,140.46199999999999,22473,0,0
2023-07-20 20:00:00,140.46199999999999,140.46199999999999,140.04900000000001,140.072,8800,0,0
2023-07-21 00:00:00,140.07400000000001,140.083,139.74799999999999,139.97999999999999,9919,0,0
2023-07-21 04:00:00,139.97999999999999,140.30500000000001,139.898,140.12799999999999,12696,0,0
2023-07-21 08:00:00,140.12799999999999,141.95400000000001,140.08699999999999,141.91300000000001,25424,0,0
2023-07-21 12:00:00,141.91300000000001,141.91800000000001,141.21700000000001,141.374,24218,0,0
2023-07-21 16:00:00,141.37299999999999,141.87200000000001,141.27000000000001,141.673,21635,0,0
2023-07-21 20:00:00,141.673,141.84999999999999,141.63499999999999,141.81700000000001,7674,0,0
2023-07-24 00:00:00,141.55600000000001,141.81399999999999,141.55600000000001,141.696,9108,0,0
2023-07-24 04:00:00,141.696,141.744,141.345,141.458,13653,0,0
2023-07-24 08:00:00,141.458,141.63399999999999,141.22999999999999,141.44800000000001,21299,0,0
2023-07-24 12:00:00,141.44800000000001,141.459,140.845,140.98599999999999,18397,0,0
2023-07-24 16:00:00,140.98599999999999,141.42400000000001,140.74199999999999,141.29599999999999,24351,0,0
2023-07-24 20:00:00,141.297,141.547,141.25399999999999,141.47999999999999,8199,0,0
2023-07-25 00:00:00,141.42599999999999,141.62299999999999,141.37200000000001,141.48599999999999,7677,0,0
2023-07-25 04:00:00,141.48599999999999,141.48599999999999,141.20400000000001,141.45099999999999,12627,0,0
2023-07-25 08:00:00,141.44900000000001,141.577,141.22399999999999,141.345,18074,0,0
2023-07-25 12:00:00,141.345,141.73599999999999,141.19300000000001,141.233,14855,0,0
2023-07-25 16:00:00,141.233,141.59800000000001,140.85599999999999,141.054,17726,0,0
2023-07-25 20:00:00,141.054,141.197,140.85300000000001,140.893,8982,0,0
2023-07-26 00:00:00,140.87,141.102,140.83699999999999,141.089,9021,0,0
2023-07-26 04:00:00,141.095,141.18600000000001,140.971,141.042,11261,0,0
2023-07-26 08:00:00,141.042,141.08500000000001,140.27199999999999,140.339,20603,0,0
2023-07-26 12:00:00,140.339,140.453,140.16,140.24600000000001,18394,0,0
2023-07-26 16:00:00,140.251,140.65100000000001,140.23500000000001,140.61799999999999,19138,0,0
2023-07-26 20:00:00,140.61799999999999,140.697,139.92699999999999,140.233,24230,0,0
2023-07-27 00:00:00,140.15000000000001,140.48699999999999,140.15000000000001,140.34899999999999,9717,0,0
2023-07-27 04:00:00,140.351,140.36699999999999,139.38,139.99799999999999,19070,0,0
2023-07-27 08:00:00,139.99799999999999,140.25899999999999,139.81299999999999,139.965,23746,0,0
2023-07-27 12:00:00,139.964,140.779,139.88900000000001,140.71899999999999,25135,0,0
2023-07-27 16:00:00,140.72,141.322,140.58600000000001,141.08699999999999,30670,0,0
2023-07-27 20:00:00,141.07900000000001,141.09800000000001,138.76900000000001,139.458,31719,0,0
2023-07-28 00:00:00,139.41300000000001,139.511,138.70699999999999,139.47399999999999,19821,0,0
2023-07-28 04:00:00,139.47300000000001,141.07900000000001,138.06200000000001,138.76599999999999,39201,0,0
2023-07-28 08:00:00,138.76400000000001,140.071,138.55199999999999,139.69200000000001,41843,0,0
2023-07-28 12:00:00,139.69200000000001,140.09,138.851,139.94399999999999,30710,0,0
2023-07-28 16:00:00,139.94499999999999,140.90600000000001,139.94499999999999,140.863,29765,0,0
2023-07-28 20:00:00,140.863,141.178,140.75399999999999,141.15899999999999,13118,0,0
2023-07-31 00:00:00,140.90100000000001,141.14500000000001,140.69200000000001,140.898,14781,0,0
2023-07-31 04:00:00,140.899,141.95400000000001,140.82900000000001,141.88300000000001,25330,0,0
2023-07-31 08:00:00,141.88300000000001,142.499,141.57599999999999,142.41499999999999,25546,0,0
2023-07-31 12:00:00,142.41300000000001,142.46700000000001,142.07300000000001,142.26499999999999,20064,0,0
2023-07-31 16:00:00,142.26300000000001,142.691,142.00700000000001,142.11699999999999,26612,0,0
2023-07-31 20:00:00,142.113,142.30699999999999,142.05000000000001,142.26499999999999,9709,0,0
2023-08-01 00:00:00,142.24199999999999,142.50399999999999,142.20699999999999,142.499,8666,0,0
2023-08-01 04:00:00,142.5,142.84399999999999,142.43700000000001,142.72399999999999,19150,0,0
2023-08-01 08:00:00,142.72300000000001,142.815,142.52799999999999,142.691,21638,0,0
2023-08-01 12:00:00,142.69300000000001,143.29300000000001,142.61600000000001,143.268,18310,0,0
2023-08-01 16:00:00,143.268,143.46899999999999,142.87299999999999,143.39099999999999,24957,0,0
2023-08-01 20:00:00,143.39099999999999,143.54599999999999,143.31100000000001,143.333,9388,0,0
2023-08-02 00:00:00,143.31999999999999,143.32400000000001,142.702,143.08500000000001,15491,0,0
2023-08-02 04:00:00,143.08799999999999,143.34899999999999,142.93700000000001,142.99299999999999,17470,0,0
2023-08-02 08:00:00,142.99299999999999,142.99299999999999,142.23400000000001,142.34100000000001,28207,0,0
2023-08-02 12:00:00,142.34200000000001,143.196,142.309,143.18000000000001,25212,0,0
2023-08-02 16:00:00,143.18100000000001,143.477,143.03,143.16,25006,0,0
2023-08-02 20:00:00,143.16,143.422,143.06,143.32300000000001,9561,0,0
2023-08-03 00:00:00,143.321,143.411,143.191,143.352,9569,0,0
2023-08-03 04:00:00,143.351,143.73599999999999,143.16300000000001,143.69399999999999,20027,0,0
2023-08-03 08:00:00,143.68799999999999,143.88900000000001,142.797,142.84299999999999,31127,0,0
2023-08-03 12:00:00,142.84399999999999,143.05699999999999,142.50200000000001,142.708,28274,0,0
2023-08-03 16:00:00,142.714,142.85900000000001,142.065,142.51400000000001,31208,0,0
2023-08-03 20:00:00,142.512,142.75,142.48400000000001,142.523,12631,0,0
2023-08-04 00:00:00,142.51499999999999,142.88300000000001,142.452,142.73400000000001,9110,0,0
2023-08-04 04:00:00,142.733,142.745,142.316,142.48599999999999,18431,0,0
2023-08-04 08:00:00,142.48699999999999,142.72399999999999,142.34899999999999,142.661,19181,0,0
2023-08-04 12:00:00,142.66,142.84200000000001,142.142,142.24600000000001,22907,0,0
2023-08-04 16:00:00,142.24799999999999,142.25999999999999,141.55199999999999,141.83799999999999,28507,0,0
2023-08-04 20:00:00,141.839,141.88499999999999,141.70599999999999,141.733,10293,0,0
2023-08-07 00:00:00,141.65000000000001,141.94200000000001,141.511,141.59399999999999,10952,0,0
2023-08-07 04:00:00,141.59299999999999,142.29900000000001,141.57300000000001,142.12299999999999,13752,0,0
2023-08-07 08:00:00,142.12,142.40700000000001,142.05500000000001,142.303,14598,0,0
2023-08-07 12:00:00,142.30500000000001,142.44900000000001,142.005,142.01300000000001,12721,0,0
2023-08-07 16:00:00,142.012,142.58199999999999,141.798,142.51499999999999,17391,0,0
2023-08-07 20:00:00,142.51499999999999,142.55199999999999,142.41399999999999,142.47499999999999,8190,0,0
2023-08-08 00:00:00,142.46799999999999,143.048,142.40000000000001,143.01499999999999,7788,0,0
2023-08-08 04:00:00,143.01499999999999,143.43700000000001,142.93899999999999,143.22800000000001,14420,0,0
2023-08-08 08:00:00,143.22900000000001,143.40000000000001,142.83699999999999,143.09200000000001,20118,0,0
2023-08-08 12:00:00,143.09299999999999,143.27600000000001,142.86199999999999,143.149,21106,0,0
2023-08-08 16:00:00,143.16200000000001,143.34100000000001,142.96299999999999,143.31,25208,0,0
2023-08-08 20:00:00,143.31,143.49299999999999,143.22,143.375,11605,0,0
2023-08-09 00:00:00,143.36500000000001,143.386,143.09200000000001,143.345,7906,0,0
2023-08-09 04:00:00,143.345,143.40000000000001,143.14500000000001,143.20599999999999,9957,0,0
2023-08-09 08:00:00,143.20599999999999,143.34299999999999,143,143.285,13602,0,0
2023-08-09 12:00:00,143.285,143.53399999999999,143.23500000000001,143.393,16891,0,0
2023-08-09 16:00:00,143.393,143.732,143.24299999999999,143.63800000000001,22553,0,0
2023-08-09 20:00:00,143.63800000000001,143.74799999999999,143.50700000000001,143.71600000000001,9991,0,0
2023-08-10 00:00:00,143.67099999999999,143.88800000000001,143.62899999999999,143.809,6442,0,0
2023-08-10 04:00:00,143.81100000000001,144.08600000000001,143.73599999999999,144.035,10592,0,0
2023-08-10 08:00:00,144.035,144.10599999999999,143.71600000000001,143.809,14172,0,0
2023-08-10 12:00:00,143.80799999999999,144.03299999999999,143.27199999999999,143.81999999999999,17536,0,0
2023-08-10 16:00:00,143.82400000000001,144.489,143.75999999999999,144.44999999999999,25557,0,0
2023-08-10 20:00:00,144.44999999999999,144.81700000000001,144.428,144.74199999999999,12082,0,0
2023-08-11 00:00:00,144.68799999999999,144.893,144.66900000000001,144.81800000000001,4746,0,0
2023-08-11 04:00:00,144.82400000000001,144.828,144.631,144.68700000000001,8194,0,0
2023-08-11 08:00:00,144.68700000000001,144.79400000000001,144.55199999999999,144.58799999999999,11793,0,0
2023-08-11 12:00:00,144.58799999999999,144.84999999999999,144.42099999999999,144.798,12953,0,0
2023-08-11 16:00:00,144.798,144.96899999999999,144.37899999999999,144.929,21171,0,0
2023-08-11 20:00:00,144.929,145.00399999999999,144.88200000000001,144.952,9623,0,0
2023-08-14 00:00:00,144.93799999999999,145.22200000000001,144.786,144.994,8346,0,0
2023-08-14 04:00:00,144.994,144.999,144.65299999999999,144.91,11549,0,0
2023-08-14 08:00:00,144.91,144.97499999999999,144.745,144.94399999999999,12605,0,0
2023-08-14 12:00:00,144.94399999999999,145.40100000000001,144.857,145.34800000000001,13719,0,0
2023-08-14 16:00:00,145.34899999999999,145.578,145.184,145.28299999999999,18612,0,0
2023-08-14 20:00:00,145.28299999999999,145.56100000000001,145.24799999999999,145.55600000000001,8318,0,0
2023-08-15 00:00:00,145.541,145.596,145.37,145.43899999999999,5451,0,0
2023-08-15 04:00:00,145.44300000000001,145.554,145.32499999999999,145.517,11718,0,0
2023-08-15 08:00:00,145.517,145.86600000000001,145.328,145.648,16307,0,0
2023-08-15 12:00:00,145.64699999999999,145.822,145.46000000000001,145.595,18206,0,0
2023-08-15 16:00:00,145.59399999999999,145.61199999999999,145.107,145.56,24776,0,0
2023-08-15 20:00:00,145.56,145.66900000000001,145.482,145.566,7997,0,0
2023-08-16 00:00:00,145.536,145.68100000000001,145.50700000000001,145.59100000000001,6526,0,0
2023-08-16 04:00:00,145.59100000000001,145.69200000000001,145.44300000000001,145.45400000000001,11408,0,0
2023-08-16 08:00:00,145.45500000000001,145.55600000000001,145.30600000000001,145.52099999999999,15105,0,0
2023-08-16 12:00:00,145.52099999999999,145.88499999999999,145.47999999999999,145.86600000000001,14951,0,0
2023-08-16 16:00:00,145.87,145.94,145.654,145.91499999999999,18897,0,0
2023-08-16 20:00:00,145.91499999999999,146.40600000000001,145.91499999999999,146.346,14467,0,0
2023-08-17 00:00:00,146.27199999999999,146.559,146.16300000000001,146.393,6943,0,0
2023-08-17 04:00:00,146.393,146.49700000000001,146.34999999999999,146.41200000000001,9493,0,0
2023-08-17 08:00:00,146.41200000000001,146.428,146.09800000000001,146.238,11220,0,0
2023-08-17 12:00:00,146.239,146.298,145.66399999999999,145.78899999999999,16483,0,0
2023-08-17 16:00:00,145.79400000000001,146.20099999999999,145.61799999999999,146.131,17130,0,0
2023-08-17 20:00:00,146.13,146.30000000000001,145.63900000000001,145.81800000000001,9533,0,0
2023-08-18 00:00:00,145.82599999999999,145.86799999999999,145.529,145.54499999999999,6984,0,0
2023-08-18 04:00:00,145.548,145.57300000000001,145.32300000000001,145.471,10689,0,0
2023-08-18 08:00:00,145.471,145.63399999999999,145.154,145.577,15198,0,0
2023-08-18 12:00:00,145.577,145.76499999999999,145.298,145.642,15768,0,0
2023-08-18 16:00:00,145.64099999999999,145.739,145.06100000000001,145.06700000000001,19529,0,0
2023-08-18 20:00:00,145.06700000000001,145.40199999999999,144.928,145.38499999999999,9537,0,0
2023-08-21 00:00:00,145.292,145.488,145.14699999999999,145.18199999999999,6124,0,0
2023-08-21 04:00:00,145.18199999999999,145.62899999999999,145.14599999999999,145.37299999999999,10597,0,0
2023-08-21 08:00:00,145.37299999999999,145.69900000000001,145.33699999999999,145.67599999999999,13010,0,0
2023-08-21 12:00:00,145.67599999999999,146.16900000000001,145.62700000000001,146.09399999999999,14842,0,0
2023-08-21 16:00:00,146.09,146.40299999999999,146.00999999999999,146.18600000000001,19613,0,0
2023-08-21 20:00:00,146.18600000000001,146.28399999999999,146.06700000000001,146.21700000000001,7930,0,0
2023-08-22 00:00:00,146.172,146.399,146.14099999999999,146.21100000000001,5023,0,0
2023-08-22 04:00:00,146.21100000000001,146.22900000000001,145.84299999999999,146.00899999999999,10904,0,0
2023-08-22 08:00:00,146.00899999999999,146.107,145.59100000000001,145.619,12801,0,0
2023-08-22 12:00:00,145.619,146.01599999999999,145.49600000000001,145.95699999999999,13045,0,0
2023-08-22 16:00:00,145.95500000000001,146.13300000000001,145.71100000000001,145.84299999999999,18805,0,0
2023-08-22 20:00:00,145.84299999999999,145.93199999999999,145.709,145.881,10135,0,0
2023-08-23 00:00:00,145.81899999999999,145.87799999999999,145.64599999999999,145.65700000000001,5032,0,0
2023-08-23 04:00:00,145.65700000000001,145.739,145.57599999999999,145.643,9028,0,0
2023-08-23 08:00:00,145.63999999999999,145.75800000000001,145.261,145.36600000000001,17878,0,0
2023-08-23 12:00:00,145.36600000000001,145.595,145.245,145.48099999999999,15356,0,0
2023-08-23 16:00:00,145.47999999999999,145.501,144.58000000000001,144.62299999999999,26165,0,0
2023-08-23 20:00:00,144.62299999999999,144.91800000000001,144.541,144.845,10577,0,0
2023-08-24 00:00:00,144.792,144.84200000000001,144.601,144.791,6502,0,0
2023-08-24 04:00:00,144.79400000000001,145.203,144.78399999999999,145.17099999999999,13176,0,0
2023-08-24 08:00:00,145.17099999999999,145.357,144.941,145.30600000000001,15166,0,0
2023-08-24 12:00:00,145.30600000000001,145.95699999999999,145.27600000000001,145.90000000000001,14481,0,0
2023-08-24 16:00:00,145.89599999999999,145.959,145.43299999999999,145.90199999999999,22583,0,0
2023-08-24 20:00:00,145.904,145.93700000000001,145.755,145.82300000000001,9140,0,0
2023-08-25 00:00:00,145.83000000000001,146.11099999999999,145.75200000000001,146.03899999999999,8121,0,0
2023-08-25 04:00:00,146.03999999999999,146.21199999999999,145.911,146.048,10266,0,0
2023-08-25 08:00:00,146.04900000000001,146.25700000000001,145.905,146.023,15037,0,0
2023-08-25 12:00:00,146.02500000000001,146.15299999999999,145.87200000000001,145.947,12901,0,0
2023-08-25 16:00:00,145.946,146.63300000000001,145.726,146.35300000000001,28633,0,0
2023-08-25 20:00:00,146.35300000000001,146.465,146.203,146.40199999999999,9104,0,0
2023-08-28 00:00:00,146.40100000000001,146.61500000000001,146.392,146.512,6511,0,0
2023-08-28 04:00:00,146.512,146.55699999999999,146.39699999999999,146.465,9851,0,0
2023-08-28 08:00:00,146.46899999999999,146.601,146.274,146.53800000000001,10448,0,0
2023-08-28 12:00:00,146.53800000000001,146.59999999999999,146.40700000000001,146.43199999999999,10887,0,0
2023-08-28 16:00:00,146.43199999999999,146.74700000000001,146.363,146.494,15886,0,0
2023-08-28 20:00:00,146.494,146.578,146.429,146.53399999999999,6615,0,0
2023-08-29 00:00:00,146.50899999999999,146.553,146.309,146.45599999999999,6191,0,0
2023-08-29 04:00:00,146.45599999999999,146.499,146.31200000000001,146.48599999999999,8199,0,0
2023-08-29 08:00:00,146.48599999999999,146.56,146.339,146.512,10556,0,0
2023-08-29 12:00:00,146.512,147.37700000000001,146.494,147.24000000000001,15045,0,0
2023-08-29 16:00:00,147.239,147.26499999999999,145.85499999999999,145.91800000000001,28127,0,0
2023-08-29 20:00:00,145.91800000000001,146,145.66900000000001,145.85499999999999,10508,0,0
2023-08-30 00:00:00,145.88,146.10499999999999,145.74100000000001,145.90899999999999,7338,0,0
2023-08-30 04:00:00,145.91,146.25299999999999,145.864,146.22399999999999,11266,0,0
2023-08-30 08:00:00,146.22399999999999,146.53700000000001,146.14699999999999,146.44,16898,0,0
2023-08-30 12:00:00,146.441,146.47900000000001,145.81899999999999,145.874,18173,0,0
2023-08-30 16:00:00,145.875,146.14500000000001,145.55699999999999,146.095,22189,0,0
2023-08-30 20:00:00,146.095,146.29400000000001,145.97900000000001,146.238,8262,0,0
2023-08-31 00:00:00,146.16200000000001,146.18899999999999,145.94999999999999,146.06700000000001,6257,0,0
2023-08-31 04:00:00,146.06899999999999,146.07499999999999,145.75299999999999,145.88300000000001,9368,0,0
2023-08-31 08:00:00,145.88300000000001,146.053,145.721,145.94999999999999,14322,0,0
2023-08-31 12:00:00,145.94999999999999,146.071,145.62700000000001,145.86799999999999,16351,0,0
2023-08-31 16:00:00,145.86699999999999,146.227,145.434,145.50200000000001,24132,0,0
2023-08-31 20:00:00,145.501,145.54499999999999,145.34800000000001,145.535,7806,0,0
2023-09-01 00:00:00,145.47499999999999,145.702,145.44499999999999,145.56700000000001,6202,0,0
2023-09-01 04:00:00,145.56100000000001,145.56800000000001,145.24000000000001,145.49100000000001,10170,0,0
2023-09-01 08:00:00,145.49100000000001,145.62799999999999,145.36500000000001,145.464,12635,0,0
2023-09-01 12:00:00,145.465,145.49799999999999,144.44300000000001,144.733,16293,0,0
2023-09-01 16:00:00,144.733,146.29499999999999,144.69399999999999,146.15000000000001,28898,0,0
2023-09-01 20:00:00,146.14699999999999,146.28299999999999,146.06999999999999,146.18799999999999,6392,0,0
2023-09-04 00:00:00,146.11799999999999,146.245,146.024,146.16200000000001,5085,0,0
2023-09-04 04:00:00,146.16200000000001,146.24700000000001,146.07400000000001,146.16,8861,0,0
2023-09-04 08:00:00,146.16,146.45500000000001,146.13300000000001,146.43100000000001,11267,0,0
2023-09-04 12:00:00,146.43100000000001,146.464,146.31200000000001,146.44800000000001,8053,0,0
2023-09-04 16:00:00,146.44800000000001,146.495,146.38900000000001,146.48699999999999,6311,0,0
2023-09-04 20:00:00,146.488,146.49700000000001,146.458,146.458,2130,0,0
2023-09-05 00:00:00,146.358,146.62,146.358,146.517,4680,0,0
2023-09-05 04:00:00,146.517,146.77699999999999,146.48599999999999,146.66800000000001,7133,0,0
2023-09-05 08:00:00,146.66800000000001,147.084,146.65799999999999,147.00800000000001,14828,0,0
2023-09-05 12:00:00,147.00800000000001,147.50200000000001,146.95500000000001,147.19800000000001,16137,0,0
2023-09-05 16:00:00,147.19800000000001,147.73400000000001,147.137,147.63399999999999,21597,0,0
2023-09-05 20:00:00,147.63399999999999,147.803,147.58199999999999,147.71899999999999,7537,0,0
2023-09-06 00:00:00,147.63900000000001,147.81999999999999,147.36199999999999,147.773,6632,0,0
2023-09-06 04:00:00,147.773,147.77699999999999,147.39500000000001,147.399,9783,0,0
2023-09-06 08:00:00,147.399,147.49600000000001,147.018,147.38999999999999,15603,0,0
2023-09-06 12:00:00,147.38999999999999,147.59399999999999,147.20699999999999,147.273,13693,0,0
2023-09-06 16:00:00,147.27500000000001,147.70599999999999,147.13200000000001,147.59200000000001,21589,0,0
2023-09-06 20:00:00,147.59,147.745,147.489,147.60900000000001,7889,0,0
2023-09-07 00:00:00,147.60900000000001,147.87299999999999,147.518,147.761,6505,0,0
2023-09-07 04:00:00,147.761,147.80600000000001,147.49600000000001,147.565,9207,0,0
2023-09-07 08:00:00,147.565,147.68100000000001,147.36199999999999,147.45500000000001,12600,0,0
2023-09-07 12:00:00,147.45500000000001,147.613,147.22,147.28399999999999,14278,0,0
2023-09-07 16:00:00,147.28399999999999,147.43700000000001,147.04300000000001,147.09,17726,0,0
2023-09-07 20:00:00,147.09,147.30000000000001,147.09,147.291,6794,0,0
2023-09-08 00:00:00,147.23099999999999,147.38399999999999,146.58799999999999,146.91999999999999,8650,0,0
2023-09-08 04:00:00,146.92099999999999,147.339,146.91,147.226,13451,0,0
2023-09-08 08:00:00,147.226,147.45599999999999,147.05199999999999,147.40799999999999,14818,0,0
2023-09-08 12:00:00,147.40799999999999,147.571,147.244,147.55000000000001,12822,0,0
2023-09-08 16:00:00,147.55500000000001,147.78200000000001,147.32400000000001,147.76499999999999,19263,0,0
2023-09-08 20:00:00,147.76599999999999,147.87200000000001,147.703,147.797,7062,0,0
2023-09-11 00:00:00,146.971,147.27199999999999,146.661,146.95599999999999,13443,0,0
2023-09-11 04:00:00,146.95599999999999,147.09399999999999,146.149,146.20099999999999,20345,0,0
2023-09-11 08:00:00,146.20099999999999,146.49299999999999,145.90100000000001,146.34100000000001,22127,0,0
2023-09-11 12:00:00,146.34299999999999,146.98500000000001,146.268,146.495,18747,0,0
2023-09-11 16:00:00,146.495,146.59100000000001,146.19900000000001,146.47499999999999,20203,0,0
2023-09-11 20:00:00,146.471,146.60400000000001,146.429,146.583,10578,0,0
2023-09-12 00:00:00,146.53100000000001,146.804,146.458,146.69200000000001,6804,0,0
2023-09-12 04:00:00,146.69200000000001,146.745,146.435,146.733,12430,0,0
2023-09-12 08:00:00,146.733,146.94399999999999,146.66,146.78999999999999,15899,0,0
2023-09-12 12:00:00,146.78899999999999,147.16,146.75800000000001,147.12100000000001,16370,0,0
2023-09-12 16:00:00,147.125,147.23400000000001,147.059,147.17599999999999,18246,0,0
2023-09-12 20:00:00,147.17599999999999,147.22800000000001,146.98500000000001,147.06899999999999,11649,0,0
2023-09-13 00:00:00,147.05199999999999,147.316,147.01499999999999,147.30199999999999,7641,0,0
2023-09-13 04:00:00,147.30699999999999,147.44900000000001,147.26900000000001,147.392,12040,0,0
2023-09-13 08:00:00,147.392,147.40000000000001,147.209,147.25399999999999,14015,0,0
2023-09-13 12:00:00,147.25399999999999,147.75800000000001,147.10400000000001,147.434,20960,0,0
2023-09-13 16:00:00,147.434,147.60400000000001,147.251,147.345,24135,0,0
2023-09-13 20:00:00,147.345,147.50899999999999,147.167,147.44999999999999,12651,0,0
2023-09-14 00:00:00,147.352,147.40100000000001,147.05199999999999,147.08600000000001,6187,0,0
2023-09-14 04:00:00,147.08699999999999,147.19300000000001,147.01900000000001,147.13900000000001,10055,0,0
2023-09-14 08:00:00,147.137,147.35900000000001,147.07300000000001,147.292,12148,0,0
2023-09-14 12:00:00,147.291,147.56399999999999,147.20599999999999,147.40899999999999,19254,0,0
2023-09-14 16:00:00,147.40799999999999,147.44800000000001,147.018,147.23500000000001,24961,0,0
2023-09-14 20:00:00,147.23500000000001,147.49100000000001,147.179,147.46600000000001,8827,0,0
2023-09-15 00:00:00,147.46600000000001,147.52000000000001,147.33799999999999,147.45599999999999,7789,0,0
2023-09-15 04:00:00,147.458,147.501,147.345,147.41,10435,0,0
2023-09-15 08:00:00,147.41,147.81999999999999,147.369,147.78200000000001,16813,0,0
2023-09-15 12:00:00,147.78100000000001,147.952,147.72,147.94200000000001,13106,0,0
2023-09-15 16:00:00,147.941,147.947,147.601,147.863,21768,0,0
2023-09-15 20:00:00,147.863,147.89099999999999,147.72200000000001,147.83699999999999,8280,0,0
2023-09-18 00:00:00,147.70400000000001,147.87899999999999,147.666,147.715,4118,0,0
2023-09-18 04:00:00,147.71600000000001,147.803,147.67699999999999,147.67699999999999,5685,0,0
2023-09-18 08:00:00,147.67500000000001,147.75399999999999,147.559,147.63499999999999,9169,0,0
2023-09-18 12:00:00,147.63499999999999,147.74799999999999,147.58000000000001,147.732,9676,0,0
2023-09-18 16:00:00,147.732,147.77099999999999,147.59700000000001,147.62899999999999,12635,0,0
2023-09-18 20:00:00,147.63,147.75800000000001,147.577,147.60400000000001,6799,0,0
2023-09-19 00:00:00,147.619,147.73500000000001,147.50800000000001,147.64400000000001,6205,0,0
2023-09-19 04:00:00,147.64400000000001,147.78899999999999,147.63499999999999,147.75299999999999,9159,0,0
2023-09-19 08:00:00,147.75299999999999,147.89400000000001,147.61600000000001,147.71299999999999,12186,0,0
2023-09-19 12:00:00,147.71299999999999,147.809,147.56899999999999,147.78200000000001,13127,0,0
2023-09-19 16:00:00,147.779,147.85900000000001,147.626,147.828,14534,0,0
2023-09-19 20:00:00,147.828,147.92400000000001,147.791,147.84299999999999,7278,0,0
2023-09-20 00:00:00,147.80799999999999,147.85599999999999,147.69200000000001,147.74000000000001,6997,0,0
2023-09-20 04:00:00,147.739,147.84700000000001,147.70500000000001,147.83500000000001,9072,0,0
2023-09-20 08:00:00,147.83500000000001,148.16800000000001,147.81700000000001,148.09100000000001,15243,0,0
2023-09-20 12:00:00,148.09100000000001,148.09399999999999,147.80000000000001,147.863,12182,0,0
2023-09-20 16:00:00,147.86500000000001,147.87299999999999,147.494,147.542,13632,0,0
2023-09-20 20:00:00,147.542,148.36199999999999,147.476,148.33799999999999,22922,0,0
2023-09-21 00:00:00,148.19300000000001,148.464,148.17599999999999,148.40799999999999,9358,0,0
2023-09-21 04:00:00,148.40700000000001,148.45400000000001,148.19,148.34299999999999,11064,0,0
2023-09-21 08:00:00,148.34299999999999,148.39500000000001,148.154,148.18899999999999,13209,0,0
2023-09-21 12:00:00,148.18799999999999,148.25800000000001,147.697,147.95400000000001,18836,0,0
2023-09-21 16:00:00,147.96000000000001,147.98400000000001,147.32300000000001,147.511,20000,0,0
2023-09-21 20:00:00,147.511,147.60300000000001,147.42400000000001,147.571,9159,0,0
2023-09-22 00:00:00,147.51900000000001,147.70099999999999,147.50899999999999,147.61500000000001,6913,0,0
2023-09-22 04:00:00,147.61500000000001,148.255,147.60300000000001,148.02199999999999,16863,0,0
2023-09-22 08:00:00,148.02000000000001,148.41499999999999,147.92500000000001,148.28999999999999,22159,0,0
2023-09-22 12:00:00,148.28999999999999,148.34,148.13300000000001,148.25299999999999,13602,0,0
2023-09-22 16:00:00,148.25299999999999,148.35599999999999,147.96100000000001,148.291,16256,0,0
2023-09-22 20:00:00,148.297,148.416,148.25299999999999,148.374,6942,0,0
2023-09-25 00:00:00,148.255,148.48099999999999,148.21700000000001,148.334,7208,0,0
2023-09-25 04:00:00,148.334,148.44,148.286,148.35300000000001,9481,0,0
2023-09-25 08:00:00,148.351,148.577,148.32300000000001,148.56200000000001,13946,0,0
2023-09-25 12:00:00,148.56200000000001,148.755,148.51599999999999,148.738,12432,0,0
2023-09-25 16:00:00,148.738,148.96299999999999,148.72800000000001,148.84899999999999,16079,0,0
2023-09-25 20:00:00,148.84899999999999,148.898,148.755,148.87100000000001,6580,0,0
2023-09-26 00:00:00,148.84999999999999,148.91,148.70400000000001,148.88499999999999,7444,0,0
2023-09-26 04:00:00,148.88499999999999,148.95500000000001,148.81299999999999,148.88300000000001,10588,0,0
2023-09-26 08:00:00,148.88300000000001,149.18700000000001,148.75899999999999,148.911,17789,0,0
2023-09-26 12:00:00,148.91,148.99199999999999,148.797,148.797,15747,0,0
2023-09-26 16:00:00,148.797,148.989,148.797,148.92599999999999,18330,0,0
2023-09-26 20:00:00,148.92599999999999,149.102,148.86699999999999,149.059,7447,0,0
2023-09-27 00:00:00,149.05500000000001,149.08199999999999,148.96799999999999,149.03299999999999,7361,0,0
2023-09-27 04:00:00,149.036,149.072,148.864,149.02199999999999,13033,0,0
2023-09-27 08:00:00,149.02199999999999,149.15199999999999,148.97399999999999,149.06399999999999,13198,0,0
2023-09-27 12:00:00,149.06399999999999,149.25200000000001,149.06,149.18700000000001,14885,0,0
2023-09-27 16:00:00,149.18700000000001,149.648,149.166,149.62,19267,0,0
2023-09-27 20:00:00,149.62,149.709,149.464,149.63499999999999,14062,0,0
2023-09-28 00:00:00,149.48400000000001,149.571,149.31100000000001,149.45699999999999,8264,0,0
2023-09-28 04:00:00,149.45699999999999,149.55799999999999,149.33000000000001,149.333,11110,0,0
2023-09-28 08:00:00,149.333,149.447,149.20599999999999,149.37899999999999,15885,0,0
2023-09-28 12:00:00,149.37899999999999,149.50200000000001,149.16399999999999,149.45400000000001,17789,0,0
2023-09-28 16:00:00,149.45400000000001,149.46700000000001,149.14699999999999,149.28899999999999,24347,0,0
2023-09-28 20:00:00,149.28899999999999,149.386,149.214,149.30000000000001,11610,0,0
2023-09-29 00:00:00,149.22499999999999,149.453,149.20099999999999,149.38399999999999,5753,0,0
2023-09-29 04:00:00,149.38200000000001,149.50899999999999,149.28,149.36799999999999,9558,0,0
2023-09-29 08:00:00,149.36799999999999,149.38999999999999,148.53,149.07499999999999,18619,0,0
2023-09-29 12:00:00,149.07499999999999,149.279,148.94300000000001,149.191,19000,0,0
2023-09-29 16:00:00,149.191,149.44999999999999,149.084,149.41300000000001,26265,0,0
2023-09-29 20:00:00,149.41300000000001,149.489,149.31100000000001,149.32400000000001,12383,0,0
2023-10-02 00:00:00,149.596,149.726,149.39099999999999,149.68199999999999,10111,0,0
2023-10-02 04:00:00,149.68199999999999,149.82400000000001,149.624,149.73099999999999,8990,0,0
2023-10-02 08:00:00,149.732,149.791,149.55699999999999,149.726,14077,0,0
2023-10-02 12:00:00,149.726,149.81800000000001,149.63399999999999,149.80500000000001,15127,0,0
2023-10-02 16:00:00,149.80500000000001,149.87899999999999,149.673,149.821,20519,0,0
2023-10-02 20:00:00,149.821,149.874,149.71100000000001,149.852,10661,0,0
2023-10-03 00:00:00,149.839,149.88300000000001,149.73099999999999,149.88200000000001,6991,0,0
2023-10-03 04:00:00,149.88,149.89500000000001,149.822,149.88200000000001,8840,0,0
2023-10-03 08:00:00,149.881,149.93600000000001,149.654,149.81800000000001,15206,0,0
2023-10-03 12:00:00,149.81899999999999,149.97800000000001,149.81899999999999,149.92099999999999,13871,0,0
2023-10-03 16:00:00,149.92099999999999,150.15899999999999,147.24000000000001,149.09899999999999,33684,0,0
2023-10-03 20:00:00,149.09899999999999,149.102,148.71000000000001,149.018,12514,0,0
2023-10-04 00:00:00,148.95699999999999,149.24000000000001,148.84899999999999,149.19499999999999,9170,0,0
2023-10-04 04:00:00,149.19499999999999,149.31800000000001,149.14699999999999,149.166,12423,0,0
2023-10-04 08:00:00,149.166,149.27199999999999,148.73500000000001,148.988,18904,0,0
2023-10-04 12:00:00,148.98699999999999,149.21100000000001,148.78200000000001,148.87200000000001,23791,0,0
2023-10-04 16:00:00,148.87100000000001,149.13499999999999,148.76400000000001,148.88300000000001,27169,0,0
2023-10-04 20:00:00,148.886,149.13399999999999,148.88,149.12100000000001,13402,0,0
2023-10-05 00:00:00,149.12100000000001,149.12100000000001,148.48699999999999,148.54599999999999,8198,0,0
2023-10-05 04:00:00,148.547,148.60499999999999,148.261,148.55099999999999,16298,0,0
2023-10-05 08:00:00,148.55500000000001,149.096,148.50700000000001,149.012,16735,0,0
2023-10-05 12:00:00,149.00999999999999,149.11799999999999,148.80500000000001,148.93100000000001,20400,0,0
2023-10-05 16:00:00,148.93100000000001,148.971,148.37799999999999,148.40600000000001,30148,0,0
2023-10-05 20:00:00,148.40700000000001,148.518,148.30500000000001,148.50399999999999,15728,0,0
2023-10-06 00:00:00,148.37799999999999,148.65899999999999,148.36000000000001,148.63999999999999,6763,0,0
2023-10-06 04:00:00,148.64099999999999,148.76900000000001,148.464,148.75700000000001,11497,0,0
2023-10-06 08:00:00,148.75700000000001,148.99000000000001,148.74799999999999,148.91,14414,0,0
2023-10-06 12:00:00,148.91,149.53700000000001,148.858,149.416,21693,0,0
2023-10-06 16:00:00,149.41499999999999,149.46199999999999,149.03899999999999,149.292,34566,0,0
2023-10-06 20:00:00,149.291,149.36099999999999,149.22900000000001,149.24600000000001,11722,0,0
2023-10-09 00:00:00,149.053,149.24299999999999,148.99100000000001,149.10300000000001,10969,0,0
2023-10-09 04:00:00,149.102,149.20599999999999,149.08000000000001,149.19900000000001,10360,0,0
2023-10-09 08:00:00,149.19999999999999,149.226,149.10499999999999,149.14099999999999,14526,0,0
2023-10-09 12:00:00,149.13900000000001,149.184,149.05199999999999,149.065,11337,0,0
2023-10-09 16:00:00,149.066,149.071,148.51900000000001,148.72200000000001,18900,0,0
2023-10-09 20:00:00,148.721,148.74600000000001,148.434,148.50399999999999,11877,0,0
2023-10-10 00:00:00,148.46600000000001,148.667,148.16300000000001,148.518,11225,0,0
2023-10-10 04:00:00,148.518,148.75999999999999,148.30799999999999,148.739,14220,0,0
2023-10-10 08:00:00,148.739,149.06899999999999,148.52000000000001,148.83000000000001,23046,0,0
2023-10-10 12:00:00,148.83000000000001,149.09800000000001,148.822,148.928,18015,0,0
2023-10-10 16:00:00,148.93100000000001,149.083,148.54400000000001,148.55600000000001,23827,0,0
2023-10-10 20:00:00,148.55500000000001,148.77699999999999,148.554,148.71000000000001,12940,0,0
2023-10-11 00:00:00,148.66399999999999,148.70599999999999,148.42400000000001,148.57400000000001,7047,0,0
2023-10-11 04:00:00,148.57400000000001,148.89500000000001,148.54400000000001,148.874,11950,0,0
2023-10-11 08:00:00,148.87100000000001,148.97200000000001,148.58099999999999,148.66399999999999,19222,0,0
2023-10-11 12:00:00,148.66499999999999,149.07400000000001,148.608,148.88,20400,0,0
2023-10-11 16:00:00,148.876,149.18700000000001,148.822,149.15199999999999,25417,0,0
2023-10-11 20:00:00,149.15199999999999,149.32599999999999,149.054,149.16200000000001,15166,0,0
2023-10-12 00:00:00,149.11000000000001,149.16300000000001,148.97999999999999,149.137,7290,0,0
2023-10-12 04:00:00,149.137,149.27500000000001,149.02000000000001,149.13,12855,0,0
2023-10-12 08:00:00,149.131,149.19900000000001,148.95599999999999,149.083,15494,0,0
2023-10-12 12:00:00,149.083,149.48599999999999,149.024,149.44499999999999,19276,0,0
2023-10-12 16:00:00,149.44399999999999,149.798,149.38999999999999,149.73699999999999,26483,0,0
2023-10-12 20:00:00,149.73599999999999,149.82900000000001,149.71199999999999,149.803,12825,0,0
2023-10-13 00:00:00,149.77000000000001,149.828,149.733,149.75299999999999,6791,0,0
2023-10-13 04:00:00,149.75200000000001,149.82599999999999,149.60400000000001,149.64599999999999,10624,0,0
2023-10-13 08:00:00,149.64599999999999,149.761,149.57300000000001,149.69999999999999,15019,0,0
2023-10-13 12:00:00,149.69999999999999,149.77699999999999,149.45500000000001,149.53399999999999,20394,0,0
2023-10-13 16:00:00,149.53399999999999,149.74199999999999,149.45500000000001,149.56999999999999,25165,0,0
2023-10-13 20:00:00,149.56899999999999,149.59999999999999,149.47,149.53999999999999,11001,0,0
2023-10-16 00:00:00,149.34299999999999,149.63200000000001,149.31299999999999,149.49700000000001,10045,0,0
2023-10-16 04:00:00,149.49700000000001,149.52500000000001,149.40700000000001,149.435,8118,0,0
2023-10-16 08:00:00,149.435,149.614,149.375,149.49600000000001,14713,0,0
2023-10-16 12:00:00,149.495,149.58699999999999,149.40899999999999,149.452,13978,0,0
2023-10-16 16:00:00,149.45099999999999,149.76300000000001,149.44,149.583,16877,0,0
2023-10-16 20:00:00,149.583,149.614,149.501,149.50800000000001,7865,0,0
2023-10-17 00:00:00,149.518,149.63200000000001,149.477,149.505,6356,0,0
2023-10-17 04:00:00,149.505,149.57499999999999,149.48599999999999,149.55099999999999,9009,0,0
2023-10-17 08:00:00,149.55099999999999,149.69200000000001,149.53100000000001,149.667,13502,0,0
2023-10-17 12:00:00,149.667,149.79599999999999,148.74199999999999,149.77199999999999,19972,0,0
2023-10-17 16:00:00,149.779,149.79599999999999,149.59700000000001,149.761,21246,0,0
2023-10-17 20:00:00,149.75899999999999,149.851,149.71700000000001,149.79300000000001,9870,0,0
2023-10-18 00:00:00,149.779,149.82599999999999,149.72,149.77099999999999,5136,0,0
2023-10-18 04:00:00,149.77199999999999,149.79400000000001,149.48400000000001,149.67400000000001,11069,0,0
2023-10-18 08:00:00,149.672,149.78200000000001,149.602,149.774,15128,0,0
2023-10-18 12:00:00,149.773,149.786,149.61199999999999,149.73599999999999,14686,0,0
2023-10-18 16:00:00,149.73500000000001,149.886,149.678,149.81999999999999,20028,0,0
2023-10-18 20:00:00,149.81999999999999,149.93799999999999,149.73500000000001,149.91800000000001,9904,0,0
2023-10-19 00:00:00,149.86799999999999,149.88800000000001,149.666,149.75700000000001,8450,0,0
2023-10-19 04:00:00,149.75700000000001,149.84200000000001,149.732,149.80799999999999,9540,0,0
2023-10-19 08:00:00,149.80799999999999,149.85499999999999,149.72300000000001,149.834,14491,0,0
2023-10-19 12:00:00,149.83500000000001,149.88399999999999,149.77799999999999,149.821,14677,0,0
2023-10-19 16:00:00,149.81800000000001,149.965,149.67500000000001,149.738,26799,0,0
2023-10-19 20:00:00,149.738,149.86500000000001,149.69300000000001,149.786,16419,0,0
2023-10-20 00:00:00,149.76400000000001,149.86199999999999,149.69499999999999,149.84899999999999,6765,0,0
2023-10-20 04:00:00,149.84899999999999,149.94300000000001,149.816,149.86000000000001,8655,0,0
2023-10-20 08:00:00,149.86000000000001,149.994,149.62899999999999,149.94800000000001,16332,0,0
2023-10-20 12:00:00,149.94900000000001,149.99000000000001,149.88200000000001,149.965,13396,0,0
2023-10-20 16:00:00,149.96600000000001,149.97999999999999,149.79900000000001,149.851,18863,0,0
2023-10-20 20:00:00,149.852,149.88900000000001,149.779,149.833,9105,0,0
2023-10-23 00:00:00,149.852,149.89599999999999,149.74600000000001,149.86000000000001,5499,0,0
2023-10-23 04:00:00,149.86000000000001,149.94300000000001,149.84700000000001,149.93799999999999,6649,0,0
2023-10-23 08:00:00,149.93799999999999,149.96100000000001,149.86799999999999,149.941,9974,0,0
2023-10-23 12:00:00,149.941,149.99199999999999,149.86500000000001,149.94,12361,0,0
2023-10-23 16:00:00,149.93899999999999,149.953,149.67500000000001,149.678,18889,0,0
2023-10-23 20:00:00,149.67699999999999,149.72999999999999,149.55600000000001,149.69800000000001,9642,0,0
2023-10-24 00:00:00,149.64500000000001,149.78899999999999,149.62899999999999,149.679,5414,0,0
2023-10-24 04:00:00,149.679,149.69999999999999,149.49799999999999,149.65600000000001,9139,0,0
2023-10-24 08:00:00,149.655,149.75399999999999,149.322,149.518,17709,0,0
2023-10-24 12:00:00,149.518,149.845,149.51599999999999,149.80600000000001,13693,0,0
2023-10-24 16:00:00,149.80600000000001,149.929,149.75,149.797,19430,0,0
2023-10-24 20:00:00,149.797,149.91900000000001,149.756,149.898,10594,0,0
2023-10-25 00:00:00,149.85499999999999,149.92400000000001,149.821,149.88399999999999,5589,0,0
2023-10-25 04:00:00,149.88399999999999,149.88999999999999,149.79499999999999,149.845,6607,0,0
2023-10-25 08:00:00,149.84399999999999,149.92400000000001,149.81999999999999,149.911,9848,0,0
2023-10-25 12:00:00,149.911,149.94499999999999,149.89699999999999,149.92099999999999,10742,0,0
2023-10-25 16:00:00,149.92099999999999,149.97999999999999,149.87899999999999,149.96799999999999,17710,0,0
2023-10-25 20:00:00,149.96799999999999,150.31800000000001,149.86199999999999,150.21000000000001,11219,0,0
2023-10-26 00:00:00,150.16800000000001,150.227,150.03999999999999,150.20400000000001,5982,0,0
2023-10-26 04:00:00,150.20400000000001,150.47999999999999,150.17500000000001,150.43100000000001,10297,0,0
2023-10-26 08:00:00,150.43199999999999,150.77699999999999,149.821,150.404,18671,0,0
2023-10-26 12:00:00,150.404,150.524,150.16900000000001,150.19399999999999,18313,0,0
2023-10-26 16:00:00,150.191,150.50399999999999,150.08600000000001,150.42099999999999,25094,0,0
2023-10-26 20:00:00,150.41800000000001,150.43899999999999,150.23400000000001,150.34999999999999,12076,0,0
2023-10-27 00:00:00,150.37200000000001,150.41399999999999,150.28299999999999,150.376,5672,0,0
2023-10-27 04:00:00,150.376,150.39400000000001,150.143,150.17599999999999,7514,0,0
2023-10-27 08:00:00,150.17599999999999,150.28,150.06800000000001,150.078,14523,0,0
2023-10-27 12:00:00,150.07900000000001,150.14400000000001,149.72399999999999,149.875,15804,0,0
2023-10-27 16:00:00,149.87700000000001,149.90199999999999,149.55000000000001,149.63200000000001,20565,0,0
2023-10-27 20:00:00,149.63200000000001,149.73699999999999,149.46100000000001,149.66800000000001,13881,0,0
2023-10-30 00:00:00,149.52799999999999,149.816,149.452,149.804,6674,0,0
2023-10-30 04:00:00,149.80500000000001,149.809,149.53100000000001,149.55799999999999,6678,0,0
2023-10-30 08:00:00,149.55799999999999,149.66399999999999,149.28200000000001,149.58199999999999,13687,0,0
2023-10-30 12:00:00,149.58199999999999,149.85599999999999,149.56,149.76300000000001,13192,0,0
2023-10-30 16:00:00,149.76400000000001,149.80000000000001,148.80500000000001,149.017,22509,0,0
2023-10-30 20:00:00,149.017,149.114,148.95599999999999,149.05799999999999,7573,0,0
2023-10-31 00:00:00,149.04300000000001,149.44999999999999,149.017,149.416,5547,0,0
2023-10-31 04:00:00,149.417,150.18199999999999,149.327,150.14699999999999,18826,0,0
2023-10-31 08:00:00,150.14699999999999,150.441,150.06899999999999,150.40799999999999,17508,0,0
2023-10-31 12:00:00,150.40700000000001,150.94999999999999,150.065,150.93199999999999,20626,0,0
2023-10-31 16:00:00,150.93199999999999,151.70699999999999,150.81399999999999,151.702,25062,0,0
2023-10-31 20:00:00,151.702,151.71600000000001,151.02799999999999,151.66900000000001,15743,0,0
2023-11-01 00:00:00,151.58600000000001,151.673,151.15199999999999,151.36799999999999,9652,0,0
2023-11-01 04:00:00,151.36799999999999,151.434,151.142,151.32300000000001,10651,0,0
2023-11-01 08:00:00,151.32400000000001,151.39699999999999,151.20400000000001,151.21899999999999,11634,0,0
2023-11-01 12:00:00,151.21899999999999,151.29599999999999,151.08500000000001,151.18299999999999,16408,0,0
2023-11-01 16:00:00,151.18299999999999,151.37899999999999,150.816,151.06999999999999,22299,0,0
2023-11-01 20:00:00,151.06999999999999,151.24000000000001,150.66200000000001,150.94800000000001,25159,0,0
2023-11-02 00:00:00,150.94800000000001,150.94800000000001,150.33099999999999,150.345,9179,0,0
2023-11-02 04:00:00,150.34800000000001,150.46600000000001,150.15100000000001,150.435,13774,0,0
2023-11-02 08:00:00,150.43600000000001,150.583,150.16399999999999,150.405,15211,0,0
2023-11-02 12:00:00,150.40600000000001,150.43299999999999,149.953,149.98599999999999,20099,0,0
2023-11-02 16:00:00,149.98599999999999,150.54599999999999,149.84700000000001,150.529,23863,0,0
2023-11-02 20:00:00,150.53,150.541,150.376,150.45599999999999,10582,0,0
2023-11-03 00:00:00,150.422,150.52099999999999,150.316,150.39400000000001,4757,0,0
2023-11-03 04:00:00,150.39400000000001,150.46799999999999,150.273,150.28200000000001,7154,0,0
2023-11-03 08:00:00,150.28200000000001,150.417,150.233,150.40000000000001,8580,0,0
2023-11-03 12:00:00,150.399,150.42699999999999,149.28399999999999,149.40100000000001,17741,0,0
2023-11-03 16:00:00,149.40199999999999,149.75999999999999,149.19399999999999,149.333,34874,0,0
2023-11-03 20:00:00,149.334,149.47900000000001,149.24700000000001,149.34,11643,0,0
2023-11-06 00:00:00,149.31999999999999,149.65100000000001,149.286,149.53399999999999,9527,0,0
2023-11-06 04:00:00,149.53399999999999,149.67500000000001,149.47999999999999,149.54400000000001,10455,0,0
2023-11-06 08:00:00,149.54499999999999,149.73599999999999,149.375,149.67699999999999,17999,0,0
2023-11-06 12:00:00,149.67699999999999,149.83699999999999,149.56100000000001,149.80699999999999,13909,0,0
2023-11-06 16:00:00,149.80699999999999,149.86199999999999,149.679,149.85400000000001,16226,0,0
2023-11-06 20:00:00,149.85400000000001,150.08099999999999,149.82300000000001,150.06899999999999,8504,0,0
2023-11-07 00:00:00,150.02600000000001,150.15600000000001,149.92500000000001,150.08799999999999,8137,0,0
2023-11-07 04:00:00,150.08699999999999,150.31700000000001,150.071,150.28800000000001,8349,0,0
2023-11-07 08:00:00,150.28700000000001,150.495,150.245,150.43000000000001,14215,0,0
2023-11-07 12:00:00,150.43100000000001,150.64400000000001,150.29400000000001,150.577,18158,0,0
2023-11-07 16:00:00,150.57599999999999,150.69399999999999,150.44900000000001,150.54900000000001,18583,0,0
2023-11-07 20:00:00,150.548,150.56299999999999,150.31700000000001,150.32900000000001,9739,0,0
2023-11-08 00:00:00,150.30600000000001,150.61699999999999,150.297,150.55199999999999,9267,0,0
2023-11-08 04:00:00,150.55199999999999,150.64400000000001,150.43000000000001,150.64099999999999,9294,0,0
2023-11-08 08:00:00,150.63999999999999,150.78,150.596,150.75299999999999,15155,0,0
2023-11-08 12:00:00,150.755,150.98599999999999,150.69900000000001,150.904,13919,0,0
2023-11-08 16:00:00,150.904,150.95099999999999,150.72900000000001,150.91,19549,0,0
2023-11-08 20:00:00,150.91,151.059,150.833,150.96899999999999,11349,0,0
2023-11-09 00:00:00,150.85900000000001,151,150.82499999999999,150.88999999999999,9127,0,0
2023-11-09 04:00:00,150.88900000000001,151.03899999999999,150.84399999999999,151.03700000000001,7838,0,0
2023-11-09 08:00:00,151.036,151.09299999999999,150.77000000000001,151.03899999999999,15914,0,0
2023-11-09 12:00:00,151.03899999999999,151.18600000000001,150.93000000000001,150.971,15413,0,0
2023-11-09 16:00:00,150.971,151.096,150.833,151.077,20299,0,0
2023-11-09 20:00:00,151.07599999999999,151.387,151.05699999999999,151.34200000000001,20285,0,0
2023-11-10 00:00:00,151.27699999999999,151.376,151.238,151.24000000000001,8983,0,0
2023-11-10 04:00:00,151.24100000000001,151.40799999999999,151.22200000000001,151.393,8067,0,0
2023-11-10 08:00:00,151.393,151.45699999999999,151.32599999999999,151.44800000000001,14234,0,0
2023-11-10 12:00:00,151.44900000000001,151.49000000000001,151.32300000000001,151.358,13054,0,0
2023-11-10 16:00:00,151.35900000000001,151.58799999999999,151.35400000000001,151.55799999999999,19595,0,0
2023-11-10 20:00:00,151.55799999999999,151.60499999999999,151.483,151.489,7977,0,0
2023-11-13 00:00:00,151.428,151.66200000000001,151.41399999999999,151.565,7389,0,0
2023-11-13 04:00:00,151.565,151.79599999999999,151.55500000000001,151.774,7337,0,0
2023-11-13 08:00:00,151.77500000000001,151.85599999999999,151.673,151.774,12346,0,0
2023-11-13 12:00:00,151.774,151.84,151.69499999999999,151.80600000000001,10866,0,0
2023-11-13 16:00:00,151.80600000000001,151.90799999999999,151.203,151.636,20079,0,0
2023-11-13 20:00:00,151.63499999999999,151.72800000000001,151.58799999999999,151.71799999999999,8016,0,0
2023-11-14 00:00:00,151.703,151.78299999999999,151.613,151.72999999999999,6729,0,0
2023-11-14 04:00:00,151.72999999999999,151.75800000000001,151.649,151.708,6626,0,0
2023-11-14 08:00:00,151.708,151.73400000000001,151.57400000000001,151.70699999999999,10761,0,0
2023-11-14 12:00:00,151.70599999999999,151.791,150.798,151.00399999999999,17584,0,0
2023-11-14 16:00:00,151.00399999999999,151.005,150.59100000000001,150.602,29878,0,0
2023-11-14 20:00:00,150.60300000000001,150.61199999999999,150.155,150.36699999999999,11273,0,0
2023-11-15 00:00:00,150.27600000000001,150.792,150.26300000000001,150.57499999999999,10263,0,0
2023-11-15 04:00:00,150.57599999999999,150.697,150.512,150.661,9805,0,0
2023-11-15 08:00:00,150.66,150.756,150.33099999999999,150.399,18486,0,0
2023-11-15 12:00:00,150.399,150.886,150.042,150.77600000000001,20482,0,0
2023-11-15 16:00:00,150.77500000000001,151.244,150.75200000000001,151.161,23803,0,0
2023-11-15 20:00:00,151.161,151.42099999999999,151.14599999999999,151.37899999999999,9953,0,0
2023-11-16 00:00:00,151.30500000000001,151.33000000000001,151.11799999999999,151.19999999999999,6694,0,0
2023-11-16 04:00:00,151.19900000000001,151.35400000000001,151.16900000000001,151.30600000000001,9423,0,0
2023-11-16 08:00:00,151.30699999999999,151.43100000000001,151.14099999999999,151.28100000000001,13467,0,0
2023-11-16 12:00:00,151.279,151.316,150.65199999999999,150.65299999999999,18459,0,0
2023-11-16 16:00:00,150.65199999999999,150.91999999999999,150.286,150.512,27181,0,0
2023-11-16 20:00:00,150.512,150.773,150.42599999999999,150.72200000000001,8659,0,0
2023-11-17 00:00:00,150.59100000000001,150.77699999999999,150.50299999999999,150.626,8515,0,0
2023-11-17 04:00:00,150.626,150.66300000000001,150.423,150.63499999999999,10498,0,0
2023-11-17 08:00:00,150.636,150.696,149.51300000000001,149.614,21160,0,0
2023-11-17 12:00:00,149.61600000000001,149.733,149.19800000000001,149.636,25114,0,0
2023-11-17 16:00:00,149.63499999999999,149.876,149.48099999999999,149.69999999999999,23912,0,0
2023-11-17 20:00:00,149.69900000000001,149.749,149.584,149.589,8878,0,0
2023-11-20 00:00:00,149.63800000000001,149.988,149.381,149.51400000000001,13557,0,0
2023-11-20 04:00:00,149.51499999999999,149.56700000000001,148.691,149.083,21694,0,0
2023-11-20 08:00:00,149.08199999999999,149.21100000000001,148.196,148.20500000000001,24692,0,0
2023-11-20 12:00:00,148.20500000000001,148.55500000000001,148.101,148.50999999999999,20236,0,0
2023-11-20 16:00:00,148.50999999999999,148.68899999999999,148.18600000000001,148.35400000000001,20333,0,0
2023-11-20 20:00:00,148.35400000000001,148.452,148.137,148.38,12746,0,0
2023-11-21 00:00:00,148.33000000000001,148.417,147.86600000000001,148.01900000000001,13728,0,0
2023-11-21 04:00:00,148.01900000000001,148.09399999999999,147.245,147.78399999999999,19652,0,0
2023-11-21 08:00:00,147.78299999999999,147.833,147.15000000000001,147.77500000000001,23247,0,0
2023-11-21 12:00:00,147.77600000000001,147.79900000000001,147.351,147.625,20315,0,0
2023-11-21 16:00:00,147.625,147.99100000000001,147.43600000000001,147.96199999999999,25066,0,0
2023-11-21 20:00:00,147.96199999999999,148.59800000000001,147.958,148.38800000000001,14472,0,0
2023-11-22 00:00:00,148.31999999999999,148.369,148.01900000000001,148.30099999999999,14551,0,0
2023-11-22 04:00:00,148.30099999999999,148.80699999999999,148.096,148.75700000000001,14088,0,0
2023-11-22 08:00:00,148.756,149.35300000000001,148.73500000000001,149.107,21731,0,0
2023-11-22 12:00:00,149.108,149.24100000000001,148.589,149.23400000000001,24558,0,0
2023-11-22 16:00:00,149.227,149.75,149.19800000000001,149.61600000000001,26355,0,0
2023-11-22 20:00:00,149.61699999999999,149.70099999999999,149.51599999999999,149.535,8614,0,0
2023-11-23 00:00:00,149.535,149.53999999999999,149.16399999999999,149.18000000000001,8121,0,0
2023-11-23 04:00:00,149.18000000000001,149.25399999999999,148.953,148.988,11152,0,0
2023-11-23 08:00:00,148.98699999999999,149.34299999999999,148.88900000000001,149.23699999999999,19119,0,0
2023-11-23 12:00:00,149.239,149.57400000000001,149.166,149.471,12331,0,0
2023-11-23 16:00:00,149.471,149.68899999999999,149.44999999999999,149.62100000000001,10968,0,0
2023-11-23 20:00:00,149.62,149.62,149.53100000000001,149.53999999999999,4185,0,0
2023-11-24 00:00:00,149.49100000000001,149.71100000000001,149.40899999999999,149.52199999999999,10873,0,0
2023-11-24 04:00:00,149.51400000000001,149.596,149.19800000000001,149.25399999999999,10466,0,0
2023-11-24 08:00:00,149.256,149.66300000000001,149.20400000000001,149.63499999999999,16045,0,0
2023-11-24 12:00:00,149.63499999999999,149.672,149.44499999999999,149.59,13924,0,0
2023-11-24 16:00:00,149.59,149.62899999999999,149.44,149.523,16172,0,0
2023-11-24 20:00:00,149.524,149.536,149.398,149.41,5027,0,0
2023-11-27 00:00:00,149.39400000000001,149.67500000000001,149.05500000000001,149.10900000000001,12823,0,0
2023-11-27 04:00:00,149.11000000000001,149.28800000000001,148.887,149.13300000000001,16599,0,0
2023-11-27 08:00:00,149.13300000000001,149.327,148.774,149.29300000000001,19854,0,0
2023-11-27 12:00:00,149.291,149.328,148.65000000000001,148.815,20757,0,0
2023-11-27 16:00:00,148.815,149.08099999999999,148.65899999999999,148.95699999999999,24943,0,0
2023-11-27 20:00:00,148.958,148.976,148.54300000000001,148.685,11524,0,0
2023-11-28 00:00:00,148.62299999999999,148.66499999999999,148.02099999999999,148.202,14006,0,0
2023-11-28 04:00:00,148.202,148.38300000000001,147.971,148.28700000000001,14806,0,0
2023-11-28 08:00:00,148.28399999999999,148.83000000000001,148.15600000000001,148.541,22102,0,0
2023-11-28 12:00:00,148.53999999999999,148.69900000000001,148.29499999999999,148.36500000000001,20768,0,0
2023-11-28 16:00:00,148.36500000000001,148.501,147.322,147.554,35678,0,0
2023-11-28 20:00:00,147.55500000000001,147.715,147.38900000000001,147.459,16043,0,0
2023-11-29 00:00:00,147.459,147.48400000000001,146.66999999999999,146.90799999999999,18934,0,0
2023-11-29 04:00:00,146.90100000000001,147.32400000000001,146.80199999999999,147.14400000000001,17328,0,0
2023-11-29 08:00:00,147.14500000000001,147.654,147.02099999999999,147.56800000000001,27893,0,0
2023-11-29 12:00:00,147.56800000000001,147.822,147.30199999999999,147.72800000000001,28361,0,0
2023-11-29 16:00:00,147.727,147.90700000000001,147.12,147.26499999999999,34050,0,0
2023-11-29 20:00:00,147.26400000000001,147.36699999999999,147.077,147.232,14270,0,0
2023-11-30 00:00:00,147.15000000000001,147.18899999999999,146.84200000000001,147.036,13384,0,0
2023-11-30 04:00:00,147.03700000000001,147.18100000000001,146.929,147.03100000000001,15804,0,0
2023-11-30 08:00:00,147.03,147.464,146.86500000000001,147.417,25450,0,0
2023-11-30 12:00:00,147.41800000000001,147.898,147.208,147.88499999999999,26921,0,0
2023-11-30 16:00:00,147.88399999999999,148.51499999999999,147.72,148.21000000000001,37414,0,0
2023-11-30 20:00:00,148.21000000000001,148.303,148.042,148.17599999999999,14600,0,0
2023-12-01 00:00:00,148.14599999999999,148.191,147.60300000000001,147.71100000000001,15081,0,0
2023-12-01 04:00:00,147.71100000000001,148.18299999999999,147.66399999999999,148.06100000000001,16292,0,0
2023-12-01 08:00:00,148.06200000000001,148.315,147.691,147.857,23603,0,0
2023-12-01 12:00:00,147.85900000000001,148.34700000000001,147.80000000000001,148.18799999999999,21164,0,0
2023-12-01 16:00:00,148.19200000000001,148.25299999999999,146.83099999999999,146.852,40232,0,0
2023-12-01 20:00:00,146.85400000000001,146.92699999999999,146.661,146.78399999999999,16028,0,0
2023-12-04 00:00:00,146.661,146.78999999999999,146.22499999999999,146.64400000000001,24030,0,0
2023-12-04 04:00:00,146.64400000000001,146.887,146.47499999999999,146.81200000000001,18307,0,0
2023-12-04 08:00:00,146.81100000000001,147.114,146.572,146.61500000000001,25582,0,0
2023-12-04 12:00:00,146.61500000000001,146.768,146.46000000000001,146.654,23352,0,0
2023-12-04 16:00:00,146.65600000000001,147.25899999999999,146.46899999999999,147.25200000000001,34685,0,0
2023-12-04 20:00:00,147.25200000000001,147.452,147.17500000000001,147.20599999999999,12577,0,0
2023-12-05 00:00:00,147.12799999999999,147.38200000000001,146.97200000000001,147.15899999999999,15467,0,0
2023-12-05 04:00:00,147.15899999999999,147.27600000000001,147.01900000000001,147.029,13228,0,0
2023-12-05 08:00:00,147.029,147.149,146.679,147.06200000000001,26067,0,0
2023-12-05 12:00:00,147.06100000000001,147.19800000000001,146.77500000000001,146.79400000000001,25319,0,0
2023-12-05 16:00:00,146.79499999999999,147.33699999999999,146.55799999999999,147.12799999999999,36488,0,0
2023-12-05 20:00:00,147.12700000000001,147.392,147.11500000000001,147.14400000000001,12463,0,0
2023-12-06 00:00:00,147.14400000000001,147.30099999999999,147.00999999999999,147.26499999999999,12426,0,0
2023-12-06 04:00:00,147.26499999999999,147.398,147.142,147.17599999999999,13883,0,0
2023-12-06 08:00:00,147.17599999999999,147.37100000000001,146.89599999999999,147.31999999999999,24413,0,0
2023-12-06 12:00:00,147.31899999999999,147.501,146.995,147.08000000000001,23097,0,0
2023-12-06 16:00:00,147.08000000000001,147.37299999999999,147.07499999999999,147.21700000000001,26690,0,0
2023-12-06 20:00:00,147.21799999999999,147.41300000000001,147.20099999999999,147.303,9788,0,0
2023-12-07 00:00:00,147.178,147.298,146.80500000000001,146.88900000000001,13859,0,0
2023-12-07 04:00:00,146.88800000000001,146.98599999999999,146.51300000000001,146.54300000000001,19266,0,0
2023-12-07 08:00:00,146.54300000000001,146.67099999999999,144.81700000000001,144.86099999999999,38931,0,0
2023-12-07 12:00:00,144.85599999999999,145.304,144.542,144.83699999999999,37480,0,0
2023-12-07 16:00:00,144.83500000000001,144.95599999999999,141.607,143.26499999999999,42362,0,0
2023-12-07 20:00:00,143.27799999999999,144.179,143.041,144.13300000000001,23166,0,0
2023-12-08 00:00:00,144.06999999999999,144.322,142.49799999999999,143.381,29579,0,0
2023-12-08 04:00:00,143.37100000000001,144.17699999999999,143.06200000000001,143.93100000000001,27368,0,0
2023-12-08 08:00:00,143.929,144.41,143.72200000000001,144.28700000000001,35433,0,0
2023-12-08 12:00:00,144.28399999999999,145.22200000000001,143.75200000000001,144.19499999999999,34713,0,0
2023-12-08 16:00:00,144.196,144.977,143.85499999999999,144.80699999999999,39990,0,0
2023-12-08 20:00:00,144.80500000000001,144.999,144.761,144.91900000000001,13937,0,0
2023-12-11 00:00:00,144.88200000000001,145.57499999999999,144.81,145.446,20820,0,0
2023-12-11 04:00:00,145.446,145.66900000000001,145.29599999999999,145.56,15986,0,0
2023-12-11 08:00:00,145.56100000000001,146.459,145.327,146.18899999999999,30475,0,0
2023-12-11 12:00:00,146.18700000000001,146.50299999999999,146.09999999999999,146.291,22885,0,0
2023-12-11 16:00:00,146.28800000000001,146.589,146.05199999999999,146.465,30518,0,0
2023-12-11 20:00:00,146.465,146.48099999999999,146.06999999999999,146.14500000000001,17257,0,0
2023-12-12 00:00:00,146.078,146.179,145.53800000000001,145.73699999999999,16071,0,0
2023-12-12 04:00:00,145.73599999999999,145.833,145.33099999999999,145.37799999999999,14318,0,0
2023-12-12 08:00:00,145.37799999999999,145.62799999999999,145.22300000000001,145.41200000000001,22684,0,0
2023-12-12 12:00:00,145.411,145.732,144.73099999999999,145.648,27834,0,0
2023-12-12 16:00:00,145.648,145.85400000000001,145.303,145.66200000000001,32498,0,0
2023-12-12 20:00:00,145.66200000000001,145.678,145.441,145.441,13739,0,0
2023-12-13 00:00:00,145.45099999999999,145.60400000000001,145.18299999999999,145.38300000000001,14450,0,0
2023-12-13 04:00:00,145.38300000000001,145.703,145.315,145.56700000000001,15324,0,0
2023-12-13 08:00:00,145.56100000000001,145.99600000000001,145.535,145.839,24529,0,0
2023-12-13 12:00:00,145.839,145.88300000000001,145.209,145.22999999999999,25381,0,0
2023-12-13 16:00:00,145.23099999999999,145.446,145.029,145.17400000000001,27528,0,0
2023-12-13 20:00:00,145.17400000000001,145.27699999999999,142.63800000000001,142.87200000000001,42858,0,0
2023-12-14 00:00:00,142.78100000000001,142.90700000000001,142.04900000000001,142.31800000000001,26646,0,0
2023-12-14 04:00:00,142.31800000000001,142.41300000000001,140.94900000000001,141.41300000000001,34427,0,0
2023-12-14 08:00:00,141.411,142.17699999999999,141.34999999999999,141.483,42472,0,0
2023-12-14 12:00:00,141.48500000000001,142.28299999999999,141.22900000000001,141.86099999999999,42202,0,0
2023-12-14 16:00:00,141.86199999999999,142.15299999999999,141.399,141.59999999999999,43789,0,0
2023-12-14 20:00:00,141.602,142.01499999999999,141.59999999999999,141.88999999999999,18191,0,0
2023-12-15 00:00:00,141.84100000000001,142.46700000000001,141.80000000000001,142.35300000000001,19131,0,0
2023-12-15 04:00:00,142.34899999999999,142.386,141.566,141.886,22919,0,0
2023-12-15 08:00:00,141.886,142.13399999999999,141.59,141.77699999999999,32865,0,0
2023-12-15 12:00:00,141.77600000000001,142.45099999999999,141.46899999999999,142.315,32512,0,0
2023-12-15 16:00:00,142.31399999999999,142.327,141.428,142.03800000000001,37281,0,0
2023-12-15 20:00:00,142.03800000000001,142.30699999999999,142.00700000000001,142.125,17171,0,0
2023-12-18 00:00:00,142.041,142.45699999999999,142.00999999999999,142.251,14848,0,0
2023-12-18 04:00:00,142.251,142.37799999999999,142.07900000000001,142.20599999999999,14256,0,0
2023-12-18 08:00:00,142.20500000000001,142.54499999999999,142.15299999999999,142.495,24408,0,0
2023-12-18 12:00:00,142.494,142.89599999999999,142.446,142.81700000000001,25640,0,0
2023-12-18 16:00:00,142.816,143.15899999999999,142.798,142.923,24415,0,0
2023-12-18 20:00:00,142.923,143.01599999999999,142.78999999999999,142.79400000000001,12199,0,0
2023-12-19 00:00:00,142.708,142.839,142.24600000000001,142.548,15395,0,0
2023-12-19 04:00:00,142.548,143.78800000000001,142.45400000000001,143.494,22404,0,0
2023-12-19 08:00:00,143.50200000000001,144.69300000000001,142.36500000000001,144.53700000000001,34339,0,0
2023-12-19 12:00:00,144.53700000000001,144.95599999999999,144.15700000000001,144.28899999999999,26529,0,0
2023-12-19 16:00:00,144.28800000000001,144.434,143.53100000000001,143.83199999999999,28051,0,0
2023-12-19 20:00:00,143.833,143.96799999999999,143.762,143.83000000000001,13653,0,0
2023-12-20 00:00:00,143.77000000000001,144.09899999999999,143.71899999999999,143.84,14992,0,0
2023-12-20 04:00:00,143.83500000000001,144.00700000000001,143.36600000000001,143.58600000000001,18095,0,0
2023-12-20 08:00:00,143.58600000000001,143.76900000000001,143.309,143.41399999999999,27671,0,0
2023-12-20 12:00:00,143.416,143.637,143.261,143.34800000000001,21913,0,0
2023-12-20 16:00:00,143.346,143.93899999999999,143.304,143.892,25330,0,0
2023-12-20 20:00:00,143.893,143.91800000000001,143.53700000000001,143.54300000000001,18502,0,0
2023-12-21 00:00:00,143.458,143.56999999999999,142.923,143.029,14964,0,0
2023-12-21 04:00:00,143.029,143.12100000000001,142.80699999999999,142.95699999999999,17265,0,0
2023-12-21 08:00:00,142.959,143.399,142.91900000000001,143.07400000000001,22480,0,0
2023-12-21 12:00:00,143.07400000000001,143.136,142.07400000000001,142.21799999999999,27778,0,0
2023-12-21 16:00:00,142.21799999999999,142.601,142.04400000000001,142.26599999999999,34833,0,0
2023-12-21 20:00:00,142.267,142.43899999999999,142.08799999999999,142.11600000000001,16848,0,0
2023-12-22 00:00:00,142.06399999999999,142.40700000000001,141.863,142.35400000000001,15777,0,0
2023-12-22 04:00:00,142.35400000000001,142.55600000000001,142.279,142.40000000000001,17588,0,0
2023-12-22 08:00:00,142.40100000000001,142.43600000000001,142.05000000000001,142.15600000000001,22311,0,0
2023-12-22 12:00:00,142.15700000000001,142.46600000000001,141.92500000000001,142.042,24287,0,0
2023-12-22 16:00:00,142.03899999999999,142.66300000000001,141.88900000000001,142.50399999999999,26322,0,0
2023-12-22 20:00:00,142.505,142.583,142.40299999999999,142.41300000000001,10345,0,0
2023-12-26 00:00:00,142.27500000000001,142.35499999999999,142.089,142.25999999999999,6818,0,0
2023-12-26 04:00:00,142.25899999999999,142.34200000000001,142.15899999999999,142.26400000000001,7038,0,0
2023-12-26 08:00:00,142.26400000000001,142.524,142.215,142.50299999999999,9988,0,0
2023-12-26 12:00:00,142.50299999999999,142.524,142.239,142.37100000000001,11881,0,0
2023-12-26 16:00:00,142.37,142.636,142.33000000000001,142.47200000000001,11811,0,0
2023-12-26 20:00:00,142.47200000000001,142.52199999999999,142.36099999999999,142.38800000000001,8381,0,0
2023-12-27 00:00:00,142.32400000000001,142.84800000000001,142.286,142.613,10873,0,0
2023-12-27 04:00:00,142.61199999999999,142.72999999999999,142.43600000000001,142.565,12955,0,0
2023-12-27 08:00:00,142.565,142.83600000000001,142.44499999999999,142.583,17740,0,0
2023-12-27 12:00:00,142.583,142.65799999999999,142.50700000000001,142.57599999999999,16218,0,0
2023-12-27 16:00:00,142.57599999999999,142.607,141.82900000000001,142.09999999999999,20560,0,0
2023-12-27 20:00:00,142.09999999999999,142.16999999999999,141.55000000000001,141.83099999999999,14207,0,0
2023-12-28 00:00:00,141.721,141.72999999999999,141.16800000000001,141.398,13958,0,0
2023-12-28 04:00:00,141.399,141.46899999999999,141.10300000000001,141.155,13130,0,0
2023-12-28 08:00:00,141.155,141.245,140.67599999999999,140.733,21382,0,0
2023-12-28 12:00:00,140.733,141.13800000000001,140.65000000000001,141.12,19698,0,0
2023-12-28 16:00:00,141.12,141.42099999999999,140.251,141.22,27501,0,0
2023-12-28 20:00:00,141.21899999999999,141.584,141.19300000000001,141.40799999999999,13260,0,0
2023-12-29 00:00:00,141.38800000000001,141.667,141.25200000000001,141.48400000000001,11986,0,0
2023-12-29 04:00:00,141.48500000000001,141.53200000000001,141.27199999999999,141.315,9524,0,0
2023-12-29 08:00:00,141.315,141.91,141.136,141.89599999999999,17445,0,0
2023-12-29 12:00:00,141.898,141.917,141.38399999999999,141.83199999999999,21367,0,0
2023-12-29 16:00:00,141.83199999999999,141.83199999999999,140.79499999999999,140.84200000000001,31274,0,0
2023-12-29 20:00:00,140.84,141.089,140.84,140.98099999999999,13682,0,0
2024-01-02 00:00:00,140.84100000000001,141.458,140.84100000000001,141.43799999999999,8376,0,0
2024-01-02 04:00:00,141.43799999999999,141.673,141.34700000000001,141.34800000000001,10841,0,0
2024-01-02 08:00:00,141.34700000000001,141.66999999999999,141.29300000000001,141.55600000000001,24231,0,0
2024-01-02 12:00:00,141.55600000000001,142.215,141.50899999999999,142.15000000000001,27370,0,0
2024-01-02 16:00:00,142.149,142.172,141.501,141.97300000000001,33677,0,0
2024-01-02 20:00:00,141.97300000000001,142.017,141.80600000000001,141.98500000000001,11624,0,0
2024-01-03 00:00:00,141.84800000000001,142.18100000000001,141.77099999999999,142.01499999999999,10566,0,0
2024-01-03 04:00:00,142.01499999999999,142.13399999999999,141.85599999999999,142.125,12509,0,0
2024-01-03 08:00:00,142.124,142.714,142.01300000000001,142.63900000000001,24188,0,0
2024-01-03 12:00:00,142.63800000000001,143.08500000000001,142.59,143.017,25777,0,0
2024-01-03 16:00:00,143.018,143.72999999999999,142.81299999999999,143.608,37832,0,0
2024-01-03 20:00:00,143.607,143.733,143.12100000000001,143.285,24051,0,0
2024-01-04 00:00:00,143.15799999999999,143.44999999999999,142.85300000000001,143.42599999999999,13814,0,0
2024-01-04 04:00:00,143.42599999999999,143.89099999999999,143.227,143.77699999999999,16987,0,0
2024-01-04 08:00:00,143.77600000000001,143.89500000000001,143.18000000000001,143.86600000000001,30908,0,0
2024-01-04 12:00:00,143.86600000000001,144.55099999999999,143.86500000000001,144.535,28616,0,0
2024-01-04 16:00:00,144.54300000000001,144.851,144.46100000000001,144.59800000000001,29817,0,0
2024-01-04 20:00:00,144.59800000000001,144.71199999999999,144.51400000000001,144.631,11458,0,0
2024-01-05 00:00:00,144.53100000000001,144.90299999999999,144.523,144.74100000000001,12614,0,0
2024-01-05 04:00:00,144.74100000000001,144.95500000000001,144.66,144.733,13783,0,0
2024-01-05 08:00:00,144.72800000000001,145.37100000000001,144.69800000000001,145.18700000000001,27031,0,0
2024-01-05 12:00:00,145.18700000000001,145.98099999999999,145.05099999999999,145.49700000000001,27404,0,0
2024-01-05 16:00:00,145.499,145.54300000000001,143.87299999999999,144.745,38206,0,0
2024-01-05 20:00:00,144.74799999999999,144.89400000000001,144.49799999999999,144.584,17058,0,0
2024-01-08 00:00:00,144.541,144.922,144.322,144.375,8949,0,0
2024-01-08 04:00:00,144.375,144.56700000000001,144.316,144.36699999999999,14765,0,0
2024-01-08 08:00:00,144.363,144.613,144.089,144.233,26259,0,0
2024-01-08 12:00:00,144.23500000000001,144.684,144.20099999999999,144.45400000000001,24285,0,0
2024-01-08 16:00:00,144.45500000000001,144.47,143.661,143.964,31462,0,0
2024-01-08 20:00:00,143.964,144.273,143.95599999999999,144.22399999999999,14865,0,0
2024-01-09 00:00:00,144.15600000000001,144.28100000000001,143.45400000000001,143.483,13667,0,0
2024-01-09 04:00:00,143.48599999999999,143.886,143.423,143.792,16329,0,0
2024-01-09 08:00:00,143.792,144.31700000000001,143.74199999999999,143.947,25414,0,0
2024-01-09 12:00:00,143.94499999999999,144.191,143.745,143.77099999999999,26045,0,0
2024-01-09 16:00:00,143.77099999999999,144.48400000000001,143.65199999999999,144.40700000000001,31018,0,0
2024-01-09 20:00:00,144.40600000000001,144.626,144.25299999999999,144.46700000000001,15695,0,0
2024-01-10 00:00:00,144.40799999999999,144.82499999999999,144.316,144.74100000000001,12220,0,0
2024-01-10 04:00:00,144.739,144.93600000000001,144.66900000000001,144.77500000000001,13077,0,0
2024-01-10 08:00:00,144.78100000000001,145.15100000000001,144.73500000000001,144.91900000000001,25061,0,0
2024-01-10 12:00:00,144.91900000000001,145.33099999999999,144.76300000000001,145.298,20595,0,0
2024-01-10 16:00:00,145.298,145.82900000000001,145.23500000000001,145.614,25583,0,0
2024-01-10 20:00:00,145.614,145.834,145.56299999999999,145.755,15354,0,0
2024-01-11 00:00:00,145.64099999999999,145.809,145.327,145.364,12578,0,0
2024-01-11 04:00:00,145.364,145.59100000000001,145.279,145.489,13892,0,0
2024-01-11 08:00:00,145.49100000000001,145.578,145.33099999999999,145.54400000000001,21570,0,0
2024-01-11 12:00:00,145.54400000000001,146.268,144.99600000000001,146.25200000000001,29040,0,0
2024-01-11 16:00:00,146.24600000000001,146.416,145.64699999999999,145.952,42579,0,0
2024-01-11 20:00:00,145.952,146.01900000000001,145.261,145.274,23320,0,0
2024-01-12 00:00:00,145.209,145.405,144.94,145.114,16476,0,0
2024-01-12 04:00:00,145.11199999999999,145.25899999999999,144.84299999999999,145.251,15494,0,0
2024-01-12 08:00:00,145.251,145.28700000000001,144.869,145.13399999999999,22474,0,0
2024-01-12 12:00:00,145.137,145.56700000000001,144.75399999999999,144.786,25651,0,0
2024-01-12 16:00:00,144.78999999999999,145.00800000000001,144.37700000000001,144.95400000000001,32734,0,0
2024-01-12 20:00:00,144.95400000000001,145.02099999999999,144.79499999999999,144.90899999999999,12257,0,0
2024-01-15 00:00:00,144.90799999999999,145.232,144.83699999999999,145.071,11814,0,0
2024-01-15 04:00:00,145.072,145.28999999999999,144.935,145.27199999999999,13797,0,0
2024-01-15 08:00:00,145.273,145.76400000000001,145.196,145.66399999999999,19851,0,0
2024-01-15 12:00:00,145.66,145.91200000000001,145.54499999999999,145.78100000000001,20401,0,0
2024-01-15 16:00:00,145.78100000000001,145.941,145.67699999999999,145.779,15391,0,0
2024-01-15 20:00:00,145.77799999999999,145.80799999999999,145.69999999999999,145.69999999999999,2692,0,0
2024-01-16 00:00:00,145.66800000000001,146.11600000000001,145.58600000000001,145.90100000000001,15542,0,0
2024-01-16 04:00:00,145.90199999999999,146.27199999999999,145.893,146.166,18622,0,0
2024-01-16 08:00:00,146.166,146.63300000000001,145.99600000000001,146.53700000000001,27663,0,0
2024-01-16 12:00:00,146.53800000000001,146.78999999999999,146.28399999999999,146.626,28991,0,0
2024-01-16 16:00:00,146.626,147.26900000000001,146.39400000000001,147.25299999999999,39461,0,0
2024-01-16 20:00:00,147.25299999999999,147.31399999999999,147.13900000000001,147.18299999999999,12853,0,0
2024-01-17 00:00:00,147.16999999999999,147.482,147.04599999999999,147.19200000000001,14120,0,0
2024-01-17 04:00:00,147.19200000000001,147.67099999999999,147.09700000000001,147.57900000000001,18967,0,0
2024-01-17 08:00:00,147.58000000000001,147.96700000000001,147.56899999999999,147.72499999999999,31759,0,0
2024-01-17 12:00:00,147.72499999999999,147.98400000000001,147.565,147.93700000000001,25494,0,0
2024-01-17 16:00:00,147.93799999999999,148.524,147.88200000000001,148.22399999999999,33900,0,0
2024-01-17 20:00:00,148.22300000000001,148.393,148.12299999999999,148.143,15888,0,0
2024-01-18 00:00:00,148.083,148.25,147.869,148.03,14129,0,0
2024-01-18 04:00:00,148.047,148.16,147.863,147.876,15145,0,0
2024-01-18 08:00:00,147.87299999999999,147.96199999999999,147.65600000000001,147.84899999999999,27415,0,0
2024-01-18 12:00:00,147.84800000000001,148.30199999999999,147.75299999999999,148.22800000000001,25162,0,0
2024-01-18 16:00:00,148.22999999999999,148.26400000000001,147.85300000000001,148.221,31789,0,0
2024-01-18 20:00:00,148.221,148.28,148.07499999999999,148.15600000000001,16423,0,0
2024-01-19 00:00:00,148.05500000000001,148.39400000000001,147.94,148.35599999999999,14226,0,0
2024-01-19 04:00:00,148.36099999999999,148.67500000000001,148.148,148.65199999999999,14980,0,0
2024-01-19 08:00:00,148.649,148.80500000000001,147.92500000000001,147.98099999999999,24806,0,0
2024-01-19 12:00:00,147.982,148.214,147.84,148.137,22485,0,0
2024-01-19 16:00:00,148.137,148.53299999999999,148.023,148.12299999999999,31414,0,0
2024-01-19 20:00:00,148.12299999999999,148.31,148.08600000000001,148.13900000000001,13167,0,0
2024-01-22 00:00:00,148.22800000000001,148.268,147.779,147.86099999999999,20120,0,0
2024-01-22 04:00:00,147.86099999999999,148.124,147.72999999999999,148.05699999999999,22040,0,0
2024-01-22 08:00:00,148.05699999999999,148.30500000000001,147.917,148.11199999999999,33736,0,0
2024-01-22 12:00:00,148.113,148.14699999999999,147.61799999999999,147.68799999999999,33345,0,0
2024-01-22 16:00:00,147.68700000000001,148.03800000000001,147.68700000000001,147.982,31792,0,0
2024-01-22 20:00:00,147.983,148.14599999999999,147.982,148.084,15305,0,0
2024-01-23 00:00:00,147.91900000000001,148.22399999999999,147.917,148.10300000000001,12842,0,0
2024-01-23 04:00:00,148.101,148.54499999999999,147.85400000000001,147.92400000000001,31032,0,0
2024-01-23 08:00:00,147.92500000000001,148.17500000000001,146.97800000000001,147.71199999999999,53047,0,0
2024-01-23 12:00:00,147.71299999999999,148.15799999999999,147.71299999999999,148.05099999999999,31187,0,0
2024-01-23 16:00:00,148.05099999999999,148.697,148.05000000000001,148.59399999999999,38523,0,0
2024-01-23 20:00:00,148.595,148.62100000000001,148.29499999999999,148.35900000000001,16447,0,0
2024-01-24 00:00:00,148.30600000000001,148.387,147.97999999999999,148.01900000000001,18819,0,0
2024-01-24 04:00:00,148.01900000000001,148.255,147.75399999999999,147.875,22899,0,0
2024-01-24 08:00:00,147.875,147.958,147.37700000000001,147.53,36236,0,0
2024-01-24 12:00:00,147.53200000000001,147.62799999999999,146.72200000000001,146.76900000000001,32300,0,0
2024-01-24 16:00:00,146.76900000000001,147.43299999999999,146.65199999999999,147.191,51446,0,0
2024-01-24 20:00:00,147.19200000000001,147.63900000000001,147.16,147.505,20678,0,0
2024-01-25 00:00:00,147.37200000000001,147.857,147.37200000000001,147.66399999999999,20353,0,0
2024-01-25 04:00:00,147.66399999999999,147.86099999999999,147.566,147.80000000000001,19569,0,0
2024-01-25 08:00:00,147.79900000000001,147.88200000000001,147.535,147.64099999999999,29226,0,0
2024-01-25 12:00:00,147.64099999999999,147.95099999999999,147.28700000000001,147.37299999999999,40939,0,0
2024-01-25 16:00:00,147.374,147.90100000000001,147.083,147.828,57555,0,0
2024-01-25 20:00:00,147.82900000000001,147.87799999999999,147.64099999999999,147.64099999999999,20324,0,0
2024-01-26 00:00:00,147.577,147.851,147.47800000000001,147.548,18833,0,0
2024-01-26 04:00:00,147.547,147.82499999999999,147.50899999999999,147.73099999999999,17394,0,0
2024-01-26 08:00:00,147.73099999999999,148.09200000000001,147.73099999999999,147.834,33650,0,0
2024-01-26 12:00:00,147.834,147.916,147.38499999999999,147.65299999999999,36202,0,0
2024-01-26 16:00:00,147.65199999999999,148.166,147.636,147.99100000000001,41415,0,0
2024-01-26 20:00:00,147.99000000000001,148.209,147.96299999999999,148.14099999999999,15119,0,0
2024-01-29 00:00:00,148.083,148.33600000000001,148.02500000000001,148.131,16925,0,0
2024-01-29 04:00:00,148.131,148.25299999999999,147.995,148.02799999999999,14044,0,0
2024-01-29 08:00:00,148.02799999999999,148.071,147.71100000000001,147.74299999999999,32088,0,0
2024-01-29 12:00:00,147.74299999999999,148.096,147.732,147.97499999999999,26183,0,0
2024-01-29 16:00:00,147.97499999999999,148.05199999999999,147.58699999999999,147.65799999999999,31064,0,0
2024-01-29 20:00:00,147.65899999999999,147.715,147.25399999999999,147.48099999999999,22216,0,0
2024-01-30 00:00:00,147.37700000000001,147.53200000000001,147.191,147.31299999999999,16971,0,0
2024-01-30 04:00:00,147.31399999999999,147.48599999999999,147.30000000000001,147.38499999999999,16219,0,0
2024-01-30 08:00:00,147.38399999999999,147.553,147.15899999999999,147.392,32292,0,0
2024-01-30 12:00:00,147.39099999999999,147.58000000000001,147.20699999999999,147.51900000000001,31347,0,0
2024-01-30 16:00:00,147.518,147.93000000000001,147.096,147.80699999999999,45555,0,0
2024-01-30 20:00:00,147.80699999999999,147.87100000000001,147.56800000000001,147.59700000000001,14272,0,0
2024-01-31 00:00:00,147.53999999999999,147.608,147.18799999999999,147.547,21346,0,0
2024-01-31 04:00:00,147.547,147.81899999999999,147.547,147.71899999999999,20419,0,0
2024-01-31 08:00:00,147.71899999999999,147.899,147.40299999999999,147.76900000000001,33762,0,0
2024-01-31 12:00:00,147.76900000000001,147.88499999999999,147.45599999999999,147.50200000000001,39079,0,0
2024-01-31 16:00:00,147.50200000000001,147.565,146.06999999999999,146.357,68962,0,0
2024-01-31 20:00:00,146.357,147.453,146.00999999999999,146.94900000000001,73625,0,0
2024-02-01 00:00:00,146.845,147.08199999999999,146.613,146.77500000000001,26025,0,0
2024-02-01 04:00:00,146.77500000000001,146.88800000000001,146.476,146.864,24464,0,0
2024-02-01 08:00:00,146.863,147.053,146.589,146.79400000000001,43928,0,0
2024-02-01 12:00:00,146.79400000000001,147.11699999999999,146.45699999999999,146.66300000000001,45284,0,0
2024-02-01 16:00:00,146.66399999999999,146.886,145.89699999999999,146.35499999999999,73516,0,0
2024-02-01 20:00:00,146.35900000000001,146.48400000000001,146.191,146.39099999999999,29198,0,0
2024-02-02 00:00:00,146.31800000000001,146.51499999999999,146.24100000000001,146.358,17125,0,0
2024-02-02 04:00:00,146.357,146.518,146.30600000000001,146.43199999999999,16995,0,0
2024-02-02 08:00:00,146.43199999999999,146.803,146.35599999999999,146.69499999999999,31991,0,0
2024-02-02 12:00:00,146.69499999999999,147.99100000000001,146.46299999999999,147.96600000000001,38028,0,0
2024-02-02 16:00:00,147.965,148.58600000000001,147.684,148.52699999999999,58998,0,0
2024-02-02 20:00:00,148.52500000000001,148.56700000000001,148.22999999999999,148.339,21750,0,0
2024-02-05 00:00:00,148.36000000000001,148.82400000000001,148.33500000000001,148.375,26747,0,0
2024-02-05 04:00:00,148.376,148.55500000000001,148.315,148.33799999999999,22697,0,0
2024-02-05 08:00:00,148.33799999999999,148.607,148.26599999999999,148.50399999999999,33794,0,0
2024-02-05 12:00:00,148.50200000000001,148.679,148.30799999999999,148.56899999999999,29092,0,0
2024-02-05 16:00:00,148.571,148.89400000000001,148.392,148.62,41087,0,0
2024-02-05 20:00:00,148.62,148.767,148.50399999999999,148.66800000000001,14630,0,0
2024-02-06 00:00:00,148.62,148.74199999999999,148.465,148.52099999999999,14849,0,0
2024-02-06 04:00:00,148.52099999999999,148.673,148.37899999999999,148.44,19845,0,0
2024-02-06 08:00:00,148.44,148.70599999999999,148.35900000000001,148.68000000000001,31999,0,0
2024-02-06 12:00:00,148.68100000000001,148.78800000000001,148.46000000000001,148.619,33460,0,0
2024-02-06 16:00:00,148.619,148.626,147.84800000000001,147.91999999999999,44155,0,0
2024-02-06 20:00:00,147.91999999999999,148.03899999999999,147.81999999999999,147.92699999999999,22428,0,0
2024-02-07 00:00:00,147.90700000000001,147.947,147.71299999999999,147.80500000000001,18934,0,0
2024-02-07 04:00:00,147.80500000000001,147.99799999999999,147.80500000000001,147.953,19383,0,0
2024-02-07 08:00:00,147.95400000000001,148.09399999999999,147.749,147.91900000000001,30761,0,0
2024-02-07 12:00:00,147.91900000000001,148.25899999999999,147.90299999999999,148.18299999999999,32684,0,0
2024-02-07 16:00:00,148.18100000000001,148.227,147.62200000000001,148.13499999999999,48758,0,0
2024-02-07 20:00:00,148.136,148.196,147.99000000000001,148.166,17423,0,0
2024-02-08 00:00:00,148.08799999999999,148.36600000000001,147.93000000000001,148.28999999999999,19310,0,0
2024-02-08 04:00:00,148.28999999999999,148.66300000000001,148.26400000000001,148.583,22379,0,0
2024-02-08 08:00:00,148.58199999999999,148.85300000000001,148.57499999999999,148.75700000000001,31639,0,0
2024-02-08 12:00:00,148.75700000000001,149.465,148.74000000000001,149.38900000000001,37582,0,0
2024-02-08 16:00:00,149.38900000000001,149.47900000000001,149.191,149.37100000000001,35850,0,0
2024-02-08 20:00:00,149.37100000000001,149.411,149.12299999999999,149.304,22288,0,0
2024-02-09 00:00:00,149.28800000000001,149.41399999999999,149.23500000000001,149.285,16665,0,0
2024-02-09 04:00:00,149.285,149.49100000000001,149.24799999999999,149.399,15743,0,0
2024-02-09 08:00:00,149.40000000000001,149.57599999999999,149.215,149.422,30461,0,0
2024-02-09 12:00:00,149.422,149.536,149.005,149.38800000000001,41658,0,0
2024-02-09 16:00:00,149.38800000000001,149.44800000000001,149.172,149.34999999999999,40433,0,0
2024-02-09 20:00:00,149.34899999999999,149.37299999999999,149.24199999999999,149.251,14026,0,0
2024-02-12 00:00:00,149.28299999999999,149.28399999999999,149.07499999999999,149.18100000000001,11817,0,0
2024-02-12 04:00:00,149.18100000000001,149.25200000000001,149.125,149.209,11731,0,0
2024-02-12 08:00:00,149.208,149.23099999999999,148.989,149.13,28324,0,0
2024-02-12 12:00:00,149.131,149.21299999999999,148.928,149.20500000000001,30550,0,0
2024-02-12 16:00:00,149.20599999999999,149.47900000000001,149.15799999999999,149.256,26409,0,0
2024-02-12 20:00:00,149.25700000000001,149.43899999999999,149.24100000000001,149.33799999999999,14263,0,0
2024-02-13 00:00:00,149.30799999999999,149.42699999999999,149.26300000000001,149.36699999999999,15326,0,0
2024-02-13 04:00:00,149.36699999999999,149.583,149.35900000000001,149.55099999999999,15763,0,0
2024-02-13 08:00:00,149.55099999999999,149.69499999999999,149.446,149.577,27927,0,0
2024-02-13 12:00:00,149.57599999999999,150.48699999999999,149.17599999999999,150.43700000000001,35844,0,0
2024-02-13 16:00:00,150.43700000000001,150.80799999999999,150.30199999999999,150.78200000000001,45687,0,0
2024-02-13 20:00:00,150.78200000000001,150.88499999999999,150.721,150.75800000000001,18385,0,0
2024-02-14 00:00:00,150.768,150.78,150.52500000000001,150.542,18795,0,0
2024-02-14 04:00:00,150.542,150.64599999999999,150.41800000000001,150.52000000000001,17193,0,0
2024-02-14 08:00:00,150.52000000000001,150.643,150.34399999999999,150.643,31399,0,0
2024-02-14 12:00:00,150.643,150.73699999999999,150.501,150.714,33091,0,0
2024-02-14 16:00:00,150.714,150.75399999999999,150.37,150.43100000000001,37297,0,0
2024-02-14 20:00:00,150.43299999999999,150.62799999999999,150.352,150.59,15813,0,0
2024-02-15 00:00:00,150.51499999999999,150.56700000000001,150.13999999999999,150.203,18879,0,0
2024-02-15 04:00:00,150.203,150.29400000000001,150.07900000000001,150.18299999999999,17638,0,0
2024-02-15 08:00:00,150.184,150.22,149.922,150.02799999999999,28278,0,0
2024-02-15 12:00:00,150.02699999999999,150.09899999999999,149.51900000000001,149.828,34456,0,0
2024-02-15 16:00:00,149.827,150.251,149.809,150.09399999999999,43591,0,0
2024-02-15 20:00:00,150.09200000000001,150.09299999999999,149.851,149.91999999999999,18529,0,0
2024-02-16 00:00:00,149.88,150.24000000000001,149.82599999999999,150.059,16415,0,0
2024-02-16 04:00:00,150.059,150.36600000000001,150.05799999999999,150.179,17743,0,0
2024-02-16 08:00:00,150.179,150.30199999999999,150.13900000000001,150.28700000000001,25290,0,0
2024-02-16 12:00:00,150.286,150.64599999999999,150.142,150.52000000000001,31474,0,0
2024-02-16 16:00:00,150.51900000000001,150.637,150.113,150.22499999999999,43309,0,0
2024-02-16 20:00:00,150.226,150.286,150.08600000000001,150.19300000000001,15094,0,0
2024-02-19 00:00:00,150.08000000000001,150.21600000000001,149.874,149.97499999999999,16692,0,0
2024-02-19 04:00:00,149.976,150.041,149.911,150.00899999999999,14656,0,0
2024-02-19 08:00:00,150.00800000000001,150.035,149.89400000000001,149.93899999999999,21606,0,0
2024-02-19 12:00:00,149.93899999999999,150.03100000000001,149.929,149.96799999999999,21100,0,0
2024-02-19 16:00:00,149.96799999999999,150.19200000000001,149.953,150.191,16935,0,0
2024-02-19 20:00:00,150.191,150.191,150.078,150.09700000000001,2407,0,0
2024-02-20 00:00:00,150.077,150.34700000000001,150.07499999999999,150.273,18679,0,0
2024-02-20 04:00:00,150.27199999999999,150.44,150.26900000000001,150.423,20158,0,0
2024-02-20 08:00:00,150.423,150.44200000000001,150.251,150.27600000000001,27167,0,0
2024-02-20 12:00:00,150.27600000000001,150.298,149.93000000000001,149.98599999999999,33959,0,0
2024-02-20 16:00:00,149.98400000000001,150.03999999999999,149.685,149.898,33481,0,0
2024-02-20 20:00:00,149.898,150.07300000000001,149.88300000000001,149.99700000000001,18026,0,0
2024-02-21 00:00:00,149.893,150.09100000000001,149.88499999999999,149.99299999999999,17301,0,0
2024-02-21 04:00:00,149.99299999999999,150.042,149.852,149.98599999999999,17410,0,0
2024-02-21 08:00:00,149.98500000000001,150.18799999999999,149.94900000000001,150.09200000000001,28535,0,0
2024-02-21 12:00:00,150.09,150.10300000000001,149.93199999999999,150.078,25965,0,0
2024-02-21 16:00:00,150.078,150.38800000000001,149.99000000000001,150.30500000000001,29190,0,0
2024-02-21 20:00:00,150.30600000000001,150.392,150.13,150.28700000000001,27117,0,0
2024-02-22 00:00:00,150.28,150.465,150.24700000000001,150.31399999999999,18449,0,0
2024-02-22 04:00:00,150.31399999999999,150.45099999999999,150.226,150.285,21230,0,0
2024-02-22 08:00:00,150.28200000000001,150.297,150.017,150.17599999999999,33511,0,0
2024-02-22 12:00:00,150.17500000000001,150.59800000000001,150.119,150.56800000000001,30813,0,0
2024-02-22 16:00:00,150.566,150.68899999999999,150.40299999999999,150.608,46913,0,0
2024-02-22 20:00:00,150.607,150.65199999999999,150.482,150.523,27118,0,0
2024-02-23 00:00:00,150.51300000000001,150.56,150.37100000000001,150.458,13978,0,0
2024-02-23 04:00:00,150.45699999999999,150.607,150.422,150.60499999999999,11061,0,0
2024-02-23 08:00:00,150.60499999999999,150.76400000000001,150.524,150.74700000000001,25482,0,0
2024-02-23 12:00:00,150.74700000000001,150.77000000000001,150.333,150.476,30628,0,0
2024-02-23 16:00:00,150.477,150.55699999999999,150.291,150.41,35457,0,0
2024-02-23 20:00:00,150.41,150.548,150.346,150.48699999999999,18403,0,0
2024-02-26 00:00:00,150.45500000000001,150.56299999999999,150.29300000000001,150.42599999999999,17013,0,0
2024-02-26 04:00:00,150.42699999999999,150.52000000000001,150.36699999999999,150.435,19615,0,0
2024-02-26 08:00:00,150.434,150.67099999999999,150.36699999999999,150.63800000000001,25028,0,0
2024-02-26 12:00:00,150.637,150.69900000000001,150.52600000000001,150.64599999999999,23397,0,0
2024-02-26 16:00:00,150.64599999999999,150.84,150.62100000000001,150.77099999999999,35312,0,0
2024-02-26 20:00:00,150.77099999999999,150.81899999999999,150.673,150.69800000000001,21147,0,0
2024-02-27 00:00:00,150.63999999999999,150.70500000000001,150.49000000000001,150.50999999999999,13286,0,0
2024-02-27 04:00:00,150.50999999999999,150.529,150.40700000000001,150.51900000000001,12499,0,0
2024-02-27 08:00:00,150.51900000000001,150.53800000000001,150.11699999999999,150.268,24969,0,0
2024-02-27 12:00:00,150.26900000000001,150.37799999999999,150.072,150.27600000000001,30900,0,0
2024-02-27 16:00:00,150.27600000000001,150.55000000000001,150.24100000000001,150.423,35137,0,0
2024-02-27 20:00:00,150.423,150.584,150.30000000000001,150.49600000000001,19022,0,0
2024-02-28 00:00:00,150.44999999999999,150.53800000000001,150.37299999999999,150.398,14040,0,0
2024-02-28 04:00:00,150.398,150.64099999999999,150.374,150.59999999999999,20648,0,0
2024-02-28 08:00:00,150.59899999999999,150.798,150.58099999999999,150.74600000000001,27446,0,0
2024-02-28 12:00:00,150.74600000000001,150.74799999999999,150.52699999999999,150.71299999999999,28156,0,0
2024-02-28 16:00:00,150.71299999999999,150.846,150.65100000000001,150.70099999999999,35708,0,0
2024-02-28 20:00:00,150.69999999999999,150.74299999999999,150.642,150.67400000000001,20150,0,0
2024-02-29 00:00:00,150.65600000000001,150.66200000000001,150.191,150.214,16735,0,0
2024-02-29 04:00:00,150.214,150.22800000000001,149.697,149.904,29637,0,0
2024-02-29 08:00:00,149.90799999999999,149.935,149.61199999999999,149.80699999999999,40663,0,0
2024-02-29 12:00:00,149.80699999999999,150.15299999999999,149.732,149.78299999999999,40726,0,0
2024-02-29 16:00:00,149.78200000000001,150.047,149.208,149.994,47171,0,0
2024-02-29 20:00:00,149.99299999999999,150.017,149.839,149.96700000000001,20661,0,0
2024-03-01 00:00:00,149.92500000000001,150.37100000000001,149.91499999999999,150.35499999999999,21011,0,0
2024-03-01 04:00:00,150.35300000000001,150.47999999999999,150.30099999999999,150.447,22335,0,0
2024-03-01 08:00:00,150.447,150.68799999999999,150.33000000000001,150.62700000000001,28385,0,0
2024-03-01 12:00:00,150.62700000000001,150.65899999999999,150.30600000000001,150.64400000000001,35812,0,0
2024-03-01 16:00:00,150.64500000000001,150.72200000000001,150.07599999999999,150.15100000000001,51819,0,0
2024-03-01 20:00:00,150.15199999999999,150.244,150.05500000000001,150.101,23492,0,0
2024-03-04 00:00:00,149.96199999999999,150.21000000000001,149.839,150.12899999999999,14503,0,0
2024-03-04 04:00:00,150.12899999999999,150.322,150.09999999999999,150.303,12856,0,0
2024-03-04 08:00:00,150.30199999999999,150.40100000000001,150.17400000000001,150.24700000000001,25980,0,0
2024-03-04 12:00:00,150.24700000000001,150.56899999999999,150.245,150.46000000000001,23472,0,0
2024-03-04 16:00:00,150.46000000000001,150.55199999999999,150.31200000000001,150.52500000000001,25213,0,0
2024-03-04 20:00:00,150.523,150.56399999999999,150.48500000000001,150.52000000000001,10028,0,0
2024-03-05 00:00:00,150.48500000000001,150.54499999999999,150.352,150.46600000000001,19337,0,0
2024-03-05 04:00:00,150.465,150.54599999999999,150.441,150.49700000000001,18154,0,0
2024-03-05 08:00:00,150.49700000000001,150.54599999999999,150.34399999999999,150.41399999999999,24619,0,0
2024-03-05 12:00:00,150.41399999999999,150.441,150.06100000000001,150.08699999999999,22035,0,0
2024-03-05 16:00:00,150.08699999999999,150.22800000000001,149.70500000000001,150.09200000000001,41853,0,0
2024-03-05 20:00:00,150.09299999999999,150.113,149.839,150.03899999999999,19402,0,0
2024-03-06 00:00:00,150.00800000000001,150.08699999999999,149.81399999999999,150.03100000000001,14313,0,0
2024-03-06 04:00:00,150.03100000000001,150.03200000000001,149.809,149.91399999999999,12414,0,0
2024-03-06 08:00:00,149.91399999999999,149.93600000000001,149.32499999999999,149.64599999999999,29219,0,0
2024-03-06 12:00:00,149.64599999999999,149.81399999999999,149.333,149.36500000000001,35825,0,0
2024-03-06 16:00:00,149.36600000000001,149.64400000000001,149.09200000000001,149.32499999999999,41266,0,0
2024-03-06 20:00:00,149.32499999999999,149.47300000000001,149.19999999999999,149.392,20793,0,0
2024-03-07 00:00:00,149.31,149.36500000000001,148.55799999999999,148.619,29324,0,0
2024-03-07 04:00:00,148.62,148.79499999999999,148.40100000000001,148.63800000000001,32592,0,0
2024-03-07 08:00:00,148.63800000000001,148.68000000000001,147.81,147.98699999999999,36005,0,0
2024-03-07 12:00:00,147.98599999999999,147.99600000000001,147.58099999999999,147.768,34520,0,0
2024-03-07 16:00:00,147.768,148.30000000000001,147.72999999999999,148.10599999999999,51149,0,0
2024-03-07 20:00:00,148.10900000000001,148.13300000000001,147.994,148.04499999999999,18279,0,0
2024-03-08 00:00:00,147.99799999999999,148.119,147.52099999999999,147.976,20950,0,0
2024-03-08 04:00:00,147.976,148.09,147.773,147.804,26478,0,0
2024-03-08 08:00:00,147.804,148.048,146.87299999999999,147.13499999999999,33892,0,0
2024-03-08 12:00:00,147.13499999999999,147.49799999999999,146.47900000000001,146.96000000000001,38258,0,0
2024-03-08 16:00:00,146.96199999999999,147.25899999999999,146.69,147.02799999999999,49605,0,0
2024-03-08 20:00:00,147.02799999999999,147.161,146.98599999999999,147.054,24988,0,0
2024-03-11 00:00:00,147.02600000000001,147.12700000000001,146.672,146.76300000000001,13668,0,0
2024-03-11 04:00:00,146.76300000000001,147.08799999999999,146.536,146.904,19082,0,0
2024-03-11 08:00:00,146.904,147.08199999999999,146.63300000000001,146.71899999999999,24843,0,0
2024-03-11 12:00:00,146.71899999999999,146.899,146.48400000000001,146.82599999999999,26791,0,0
2024-03-11 16:00:00,146.827,147.148,146.75999999999999,146.87100000000001,29096,0,0
2024-03-11 20:00:00,146.87100000000001,147.05699999999999,146.744,146.94300000000001,17760,0,0
2024-03-12 00:00:00,146.84299999999999,146.97,146.62100000000001,146.87,15505,0,0
2024-03-12 04:00:00,146.87100000000001,147.44,146.85499999999999,147.38399999999999,28499,0,0
2024-03-12 08:00:00,147.38399999999999,147.59700000000001,147.21299999999999,147.328,31574,0,0
2024-03-12 12:00:00,147.327,148.16399999999999,147.06700000000001,147.65000000000001,30892,0,0
2024-03-12 16:00:00,147.65000000000001,147.98500000000001,147.64099999999999,147.70400000000001,33017,0,0
2024-03-12 20:00:00,147.702,147.797,147.63800000000001,147.65199999999999,16841,0,0
2024-03-13 00:00:00,147.63999999999999,147.65299999999999,147.36699999999999,147.37299999999999,12989,0,0
2024-03-13 04:00:00,147.37299999999999,147.58699999999999,147.233,147.57400000000001,20963,0,0
2024-03-13 08:00:00,147.57400000000001,147.88900000000001,147.5,147.874,28481,0,0
2024-03-13 12:00:00,147.874,148.048,147.70599999999999,147.94399999999999,27058,0,0
2024-03-13 16:00:00,147.94399999999999,147.971,147.67400000000001,147.71000000000001,28034,0,0
2024-03-13 20:00:00,147.709,147.858,147.46000000000001,147.74199999999999,19513,0,0
2024-03-14 00:00:00,147.726,147.726,147.542,147.595,12932,0,0
2024-03-14 04:00:00,147.595,147.97399999999999,147.53,147.91399999999999,20118,0,0
2024-03-14 08:00:00,147.91300000000001,147.97300000000001,147.768,147.863,24547,0,0
2024-03-14 12:00:00,147.86500000000001,147.99100000000001,147.566,147.84700000000001,27689,0,0
2024-03-14 16:00:00,147.84700000000001,148.322,147.43100000000001,148.18899999999999,51334,0,0
2024-03-14 20:00:00,148.18899999999999,148.358,148.131,148.28999999999999,17731,0,0
2024-03-15 00:00:00,148.30099999999999,148.536,148.221,148.446,12720,0,0
2024-03-15 04:00:00,148.446,148.65899999999999,148.251,148.31100000000001,17308,0,0
2024-03-15 08:00:00,148.31100000000001,148.833,148.03299999999999,148.71299999999999,30887,0,0
2024-03-15 12:00:00,148.71299999999999,148.87,148.584,148.80099999999999,25064,0,0
2024-03-15 16:00:00,148.80099999999999,149.166,148.732,149.096,29082,0,0
2024-03-15 20:00:00,149.096,149.12,148.98699999999999,149.024,12853,0,0
2024-03-18 00:00:00,148.95400000000001,149.28800000000001,148.91999999999999,149.27799999999999,13749,0,0
2024-03-18 04:00:00,149.28,149.334,148.91,149.114,17896,0,0
2024-03-18 08:00:00,149.114,149.309,149.053,149.125,21210,0,0
2024-03-18 12:00:00,149.126,149.245,149.00999999999999,149.178,23300,0,0
2024-03-18 16:00:00,149.178,149.30199999999999,149.09299999999999,149.13999999999999,25110,0,0
2024-03-18 20:00:00,149.13999999999999,149.19399999999999,148.92099999999999,149.148,14916,0,0
2024-03-19 00:00:00,149.09,149.22300000000001,149.03,149.209,10106,0,0
2024-03-19 04:00:00,149.209,150.07499999999999,148.99000000000001,149.96600000000001,30141,0,0
2024-03-19 08:00:00,149.96600000000001,150.512,149.94,150.33799999999999,37638,0,0
2024-03-19 12:00:00,150.33799999999999,150.702,150.30600000000001,150.49100000000001,28493,0,0
2024-03-19 16:00:00,150.49000000000001,150.94800000000001,150.40299999999999,150.94,25667,0,0
2024-03-19 20:00:00,150.941,150.964,150.84299999999999,150.85599999999999,10085,0,0
2024-03-20 00:00:00,150.809,151.34100000000001,150.76599999999999,151.15600000000001,14886,0,0
2024-03-20 04:00:00,151.15600000000001,151.541,151.13399999999999,151.48599999999999,17739,0,0
2024-03-20 08:00:00,151.48599999999999,151.584,151.33500000000001,151.45099999999999,22877,0,0
2024-03-20 12:00:00,151.45099999999999,151.786,151.44900000000001,151.761,23365,0,0
2024-03-20 16:00:00,151.761,151.81899999999999,151.53200000000001,151.614,22481,0,0
2024-03-20 20:00:00,151.614,151.71000000000001,150.71799999999999,151.25200000000001,49883,0,0
2024-03-21 00:00:00,151.25999999999999,151.25999999999999,150.54499999999999,150.619,23605,0,0
2024-03-21 04:00:00,150.619,150.79300000000001,150.26400000000001,150.76900000000001,27388,0,0
2024-03-21 08:00:00,150.76900000000001,151.459,150.75,151.16999999999999,33756,0,0
2024-03-21 12:00:00,151.17099999999999,151.31899999999999,150.87299999999999,151.16499999999999,36213,0,0
2024-03-21 16:00:00,151.16499999999999,151.756,151.161,151.69499999999999,38279,0,0
2024-03-21 20:00:00,151.69499999999999,151.74000000000001,151.60499999999999,151.61699999999999,12445,0,0
2024-03-22 00:00:00,151.60900000000001,151.69999999999999,151.44499999999999,151.53100000000001,15396,0,0
2024-03-22 04:00:00,151.53200000000001,151.863,151.422,151.58600000000001,30023,0,0
2024-03-22 08:00:00,151.58699999999999,151.595,151.25800000000001,151.47900000000001,29214,0,0
2024-03-22 12:00:00,151.47900000000001,151.65100000000001,151.00299999999999,151.215,27368,0,0
2024-03-22 16:00:00,151.214,151.435,151.059,151.38900000000001,32275,0,0
2024-03-22 20:00:00,151.38900000000001,151.483,151.34399999999999,151.42400000000001,12260,0,0
2024-03-25 00:00:00,151.31,151.43799999999999,151.083,151.30500000000001,12935,0,0
2024-03-25 04:00:00,151.30500000000001,151.37799999999999,151.053,151.36799999999999,24965,0,0
2024-03-25 08:00:00,151.36799999999999,151.40100000000001,151.16999999999999,151.357,19435,0,0
2024-03-25 12:00:00,151.357,151.441,151.13999999999999,151.23099999999999,19482,0,0
2024-03-25 16:00:00,151.23099999999999,151.54499999999999,151.125,151.48599999999999,17147,0,0
2024-03-25 20:00:00,151.48599999999999,151.535,151.40700000000001,151.41,8940,0,0
2024-03-26 00:00:00,151.40299999999999,151.44499999999999,151.261,151.28299999999999,10079,0,0
2024-03-26 04:00:00,151.28299999999999,151.43199999999999,151.21600000000001,151.36000000000001,16706,0,0
2024-03-26 08:00:00,151.36000000000001,151.40100000000001,151.251,151.25800000000001,20095,0,0
2024-03-26 12:00:00,151.25800000000001,151.47399999999999,151.20500000000001,151.45400000000001,20734,0,0
2024-03-26 16:00:00,151.45400000000001,151.602,151.30199999999999,151.52000000000001,21482,0,0
2024-03-26 20:00:00,151.52000000000001,151.58699999999999,151.44200000000001,151.55000000000001,13150,0,0
2024-03-27 00:00:00,151.511,151.57599999999999,151.446,151.518,8518,0,0
2024-03-27 04:00:00,151.518,151.971,151.49799999999999,151.69,19963,0,0
2024-03-27 08:00:00,151.68899999999999,151.839,151.614,151.78299999999999,21346,0,0
2024-03-27 12:00:00,151.78299999999999,151.804,151.02600000000001,151.25200000000001,38537,0,0
2024-03-27 16:00:00,151.25200000000001,151.42599999999999,151.167,151.321,22802,0,0
2024-03-27 20:00:00,151.31899999999999,151.41499999999999,151.279,151.31999999999999,9418,0,0
2024-03-28 00:00:00,151.28200000000001,151.43700000000001,151.24000000000001,151.416,13974,0,0
2024-03-28 04:00:00,151.416,151.54499999999999,151.25899999999999,151.35499999999999,17008,0,0
2024-03-28 08:00:00,151.35499999999999,151.452,151.25200000000001,151.42599999999999,17532,0,0
2024-03-28 12:00:00,151.42699999999999,151.505,151.185,151.21600000000001,21900,0,0
2024-03-28 16:00:00,151.21600000000001,151.374,151.149,151.33600000000001,29517,0,0
2024-03-28 20:00:00,151.33600000000001,151.42599999999999,151.31,151.36699999999999,9289,0,0
2024-03-29 00:00:00,151.35599999999999,151.50200000000001,151.179,151.31700000000001,6623,0,0
2024-03-29 04:00:00,151.31700000000001,151.44200000000001,151.24799999999999,151.285,30648,0,0
2024-03-29 08:00:00,151.285,151.46700000000001,151.28100000000001,151.345,12727,0,0
2024-03-29 12:00:00,151.345,151.364,151.18100000000001,151.221,9066,0,0
2024-03-29 16:00:00,151.221,151.28299999999999,151.172,151.27000000000001,9660,1,0
2024-03-29 20:00:00,151.27000000000001,151.38999999999999,151.22999999999999,151.30500000000001,4355,0,0
2024-04-01 00:00:00,151.261,151.43199999999999,151.22399999999999,151.375,12847,0,0
2024-04-01 04:00:00,151.376,151.40199999999999,151.25,151.37100000000001,15342,0,0
2024-04-01 08:00:00,151.37100000000001,151.411,151.30199999999999,151.34100000000001,14550,0,0
2024-04-01 12:00:00,151.34,151.482,151.327,151.45500000000001,14355,0,0
2024-04-01 16:00:00,151.45500000000001,151.774,151.44200000000001,151.70099999999999,20988,0,0
2024-04-01 20:00:00,151.69999999999999,151.70500000000001,151.572,151.63999999999999,9944,0,0
2024-04-02 00:00:00,151.62799999999999,151.69999999999999,151.50299999999999,151.685,13014,0,0
2024-04-02 04:00:00,151.685,151.786,151.63,151.76400000000001,22154,0,0
2024-04-02 08:00:00,151.76499999999999,151.80199999999999,151.554,151.64099999999999,17307,0,0
2024-04-02 12:00:00,151.64099999999999,151.71799999999999,151.601,151.68899999999999,19827,0,0
2024-04-02 16:00:00,151.69,151.69800000000001,151.46100000000001,151.595,28651,0,0
2024-04-02 20:00:00,151.596,151.61699999999999,151.53399999999999,151.55099999999999,9661,0,0
2024-04-03 00:00:00,151.529,151.58099999999999,151.44200000000001,151.55600000000001,8352,0,0
2024-04-03 04:00:00,151.55600000000001,151.63999999999999,151.53299999999999,151.59299999999999,12987,0,0
2024-04-03 08:00:00,151.595,151.73599999999999,151.535,151.732,13805,0,0
2024-04-03 12:00:00,151.732,151.91200000000001,151.68299999999999,151.851,18381,0,0
2024-04-03 16:00:00,151.851,151.95400000000001,151.57499999999999,151.64500000000001,28156,0,0
2024-04-03 20:00:00,151.64500000000001,151.70699999999999,151.63200000000001,151.68299999999999,9568,0,0
2024-04-04 00:00:00,151.62899999999999,151.68000000000001,151.53999999999999,151.56800000000001,10852,0,0
2024-04-04 04:00:00,151.56800000000001,151.72499999999999,151.55699999999999,151.69499999999999,11927,0,0
2024-04-04 08:00:00,151.69499999999999,151.755,151.596,151.71100000000001,16479,0,0
2024-04-04 12:00:00,151.71100000000001,151.768,151.61000000000001,151.624,13138,0,0
2024-04-04 16:00:00,151.624,151.70500000000001,151.50299999999999,151.64400000000001,20564,0,0
2024-04-04 20:00:00,151.64400000000001,151.68700000000001,151.12,151.333,25413,0,0
2024-04-05 00:00:00,151.29599999999999,151.339,150.809,150.91,17114,0,0
2024-04-05 04:00:00,150.911,151.29300000000001,150.81100000000001,151.21899999999999,19884,0,0
2024-04-05 08:00:00,151.21899999999999,151.452,151.09100000000001,151.411,20326,0,0
2024-04-05 12:00:00,151.411,151.75,151.23500000000001,151.65700000000001,22533,0,0
2024-04-05 16:00:00,151.65899999999999,151.751,151.43899999999999,151.58000000000001,28129,0,0
2024-04-05 20:00:00,151.58000000000001,151.649,151.53899999999999,151.61500000000001,9287,0,0
2024-04-08 00:00:00,151.57499999999999,151.78200000000001,151.54300000000001,151.70699999999999,11698,0,0
2024-04-08 04:00:00,151.708,151.81299999999999,151.67500000000001,151.79300000000001,20082,0,0
2024-04-08 08:00:00,151.79400000000001,151.91200000000001,151.75200000000001,151.90700000000001,15832,0,0
2024-04-08 12:00:00,151.90700000000001,151.94200000000001,151.828,151.87799999999999,12909,0,0
2024-04-08 16:00:00,151.87899999999999,151.88,151.71799999999999,151.834,18722,0,0
2024-04-08 20:00:00,151.834,151.86199999999999,151.71899999999999,151.83199999999999,10486,0,0
2024-04-09 00:00:00,151.768,151.922,151.75800000000001,151.90899999999999,8495,0,0
2024-04-09 04:00:00,151.90899999999999,151.917,151.81200000000001,151.89099999999999,12808,0,0
2024-04-09 08:00:00,151.89099999999999,151.93700000000001,151.86199999999999,151.887,14054,0,0
2024-04-09 12:00:00,151.887,151.898,151.726,151.77199999999999,21089,0,0
2024-04-09 16:00:00,151.77199999999999,151.791,151.56800000000001,151.666,22214,0,0
2024-04-09 20:00:00,151.667,151.78899999999999,151.65600000000001,151.779,11798,0,0
2024-04-10 00:00:00,151.697,151.78899999999999,151.68100000000001,151.72399999999999,7479,0,0
2024-04-10 04:00:00,151.72399999999999,151.78899999999999,151.69900000000001,151.78399999999999,14399,0,0
2024-04-10 08:00:00,151.78399999999999,151.886,151.774,151.852,11124,0,0
2024-04-10 12:00:00,151.852,152.52199999999999,151.739,152.38499999999999,24051,0,0
2024-04-10 16:00:00,152.38499999999999,152.96799999999999,152.369,152.94499999999999,29702,0,0
2024-04-10 20:00:00,152.93600000000001,153.24299999999999,152.63999999999999,153.13900000000001,23869,0,0
2024-04-11 00:00:00,153.08600000000001,153.13999999999999,152.80000000000001,152.83500000000001,15083,0,0
2024-04-11 04:00:00,152.834,152.97,152.75800000000001,152.89500000000001,17193,0,0
2024-04-11 08:00:00,152.89500000000001,153.292,152.88399999999999,153.24199999999999,22695,0,0
2024-04-11 12:00:00,153.24199999999999,153.28,152.797,152.846,33213,0,0
2024-04-11 16:00:00,152.84700000000001,153.31800000000001,152.834,153.233,32129,0,0
2024-04-11 20:00:00,153.233,153.28399999999999,153.08799999999999,153.262,13717,0,0
2024-04-12 00:00:00,153.21600000000001,153.29499999999999,152.965,152.96899999999999,11929,0,0
2024-04-12 04:00:00,152.971,153.27099999999999,152.96899999999999,153.23699999999999,15720,0,0
2024-04-12 08:00:00,153.23699999999999,153.38399999999999,153.131,153.309,21262,0,0
2024-04-12 12:00:00,153.309,153.352,152.79300000000001,152.85599999999999,25288,0,0
2024-04-12 16:00:00,152.85599999999999,153.15799999999999,152.59100000000001,153.10499999999999,35452,0,0
2024-04-12 20:00:00,153.10499999999999,153.32499999999999,153.04900000000001,153.24100000000001,18121,0,0
2024-04-15 00:00:00,153.012,153.46199999999999,152.93799999999999,153.46000000000001,12434,0,0
2024-04-15 04:00:00,153.464,153.84999999999999,153.45099999999999,153.786,15839,0,0
2024-04-15 08:00:00,153.78700000000001,153.971,153.696,153.86699999999999,28738,0,0
2024-04-15 12:00:00,153.86600000000001,154.41800000000001,153.75899999999999,154.191,29979,0,0
2024-04-15 16:00:00,154.19200000000001,154.447,153.852,154.29900000000001,39966,0,0
2024-04-15 20:00:00,154.30000000000001,154.30199999999999,154.113,154.267,19682,0,0
2024-04-16 00:00:00,154.267,154.36500000000001,154.13,154.28899999999999,12537,1,0
2024-04-16 04:00:00,154.28899999999999,154.422,154.23400000000001,154.27099999999999,19373,1,0
2024-04-16 08:00:00,154.27199999999999,154.607,154.25899999999999,154.50800000000001,27901,0,0
2024-04-16 12:00:00,154.505,154.70500000000001,154.47200000000001,154.64400000000001,24080,0,0
2024-04-16 16:00:00,154.64400000000001,154.76900000000001,153.892,154.58000000000001,37891,0,0
2024-04-16 20:00:00,154.58000000000001,154.78800000000001,154.57499999999999,154.69399999999999,21181,0,0
2024-04-17 00:00:00,154.69399999999999,154.733,154.61000000000001,154.691,10924,1,0
2024-04-17 04:00:00,154.691,154.715,154.59800000000001,154.65000000000001,11238,1,0
2024-04-17 08:00:00,154.649,154.679,154.45400000000001,154.56299999999999,25005,0,0
2024-04-17 12:00:00,154.56299999999999,154.69999999999999,154.50399999999999,154.62700000000001,19895,0,0
2024-04-17 16:00:00,154.62799999999999,154.709,154.245,154.27600000000001,31542,0,0
2024-04-17 20:00:00,154.27500000000001,154.447,154.15799999999999,154.37799999999999,20915,0,0
2024-04-18 00:00:00,154.37799999999999,154.41,154.17699999999999,154.28200000000001,9725,1,0
2024-04-18 04:00:00,154.28200000000001,154.31899999999999,153.94900000000001,154.29499999999999,21472,1,0
2024-04-18 08:00:00,154.291,154.29900000000001,154.28,154.28200000000001,420,1,0
2024-04-22 00:00:00,154.554,154.73699999999999,154.422,154.673,13261,1,0
2024-04-22 04:00:00,154.673,154.73099999999999,154.58500000000001,154.71799999999999,14844,1,0
2024-04-22 08:00:00,154.71899999999999,154.76400000000001,154.59399999999999,154.721,20850,0,0
2024-04-22 12:00:00,154.72399999999999,154.78200000000001,154.68299999999999,154.75,18125,0,0
2024-04-22 16:00:00,154.749,154.852,154.70500000000001,154.797,16997,0,0
2024-04-22 20:00:00,154.797,154.846,154.76400000000001,154.84100000000001,10135,0,0
2024-04-23 00:00:00,154.84100000000001,154.84200000000001,154.703,154.78399999999999,8899,1,0
2024-04-23 04:00:00,154.78399999999999,154.79400000000001,154.65700000000001,154.74100000000001,15850,1,0
2024-04-23 08:00:00,154.74000000000001,154.86500000000001,154.71600000000001,154.84299999999999,19861,0,0
2024-04-23 12:00:00,154.84299999999999,154.85300000000001,154.762,154.81100000000001,17591,0,0
2024-04-23 16:00:00,154.81299999999999,154.874,154.554,154.82400000000001,29981,0,0
2024-04-23 20:00:00,154.82400000000001,154.83699999999999,154.55199999999999,154.82599999999999,13614,0,0
2024-04-24 00:00:00,154.827,154.827,154.72999999999999,154.79499999999999,7038,1,0
2024-04-24 04:00:00,154.79599999999999,154.875,154.77000000000001,154.84100000000001,11727,1,0
2024-04-24 08:00:00,154.84,154.971,154.76400000000001,154.90100000000001,13979,0,0
2024-04-24 12:00:00,154.90000000000001,155.17099999999999,154.75999999999999,154.94800000000001,21828,0,0
2024-04-24 16:00:00,154.947,155.136,154.84100000000001,155.114,26959,0,0
2024-04-24 20:00:00,155.11600000000001,155.375,155.08600000000001,155.34100000000001,13249,0,0
2024-04-25 00:00:00,155.31800000000001,155.41499999999999,155.196,155.374,8437,1,0
2024-04-25 04:00:00,155.374,155.625,155.351,155.59100000000001,14643,1,0
2024-04-25 08:00:00,155.59200000000001,155.74100000000001,155.56200000000001,155.67500000000001,20473,0,0
2024-04-25 12:00:00,155.67400000000001,155.74799999999999,155.30799999999999,155.67699999999999,25425,0,0
2024-04-25 16:00:00,155.67599999999999,155.68700000000001,155.34700000000001,155.511,36053,0,0
2024-04-25 20:00:00,155.511,155.654,155.47399999999999,155.64699999999999,17571,0,0
2024-04-26 00:00:00,155.64699999999999,155.65000000000001,155.52699999999999,155.636,9199,1,0
2024-04-26 04:00:00,155.636,156.21600000000001,155.40199999999999,156.197,17426,1,0
2024-04-26 08:00:00,156.19800000000001,156.82400000000001,154.96299999999999,156.55500000000001,37479,0,0
2024-04-26 12:00:00,156.55600000000001,156.952,156.274,156.83199999999999,25559,0,0
2024-04-26 16:00:00,156.833,157.79400000000001,156.77199999999999,157.65000000000001,37028,0,0
2024-04-26 20:00:00,157.649,158.441,157.57900000000001,158.34200000000001,15333,0,0
2024-04-29 00:00:00,157.82499999999999,158.43100000000001,157.79599999999999,158.191,15014,1,0
2024-04-29 04:00:00,158.19200000000001,160.197,155.209,156.303,56993,1,0
2024-04-29 08:00:00,156.30699999999999,157.23699999999999,154.50999999999999,155.87,73413,0,0
2024-04-29 12:00:00,155.87100000000001,156.50700000000001,155.44999999999999,156.416,32105,0,0
2024-04-29 16:00:00,156.417,156.892,155.096,155.857,31282,0,0
2024-04-29 20:00:00,155.84700000000001,156.363,155.58199999999999,156.333,23195,0,0
2024-04-30 00:00:00,156.333,156.834,156.05600000000001,156.81299999999999,15575,1,0
2024-04-30 04:00:00,156.81200000000001,156.999,156.55199999999999,156.75700000000001,17038,1,0
2024-04-30 08:00:00,156.75700000000001,156.97800000000001,156.47900000000001,156.934,22835,0,0
2024-04-30 12:00:00,156.935,157.495,156.81899999999999,157.45400000000001,22552,0,0
2024-04-30 16:00:00,157.453,157.57499999999999,157.24199999999999,157.464,27180,0,0
2024-04-30 20:00:00,157.46299999999999,157.845,157.44399999999999,157.79599999999999,9064,0,0
2024-05-01 00:00:00,157.798,157.85599999999999,157.596,157.74299999999999,12514,1,0
2024-05-01 04:00:00,157.74299999999999,157.93199999999999,157.73099999999999,157.85599999999999,9887,1,0
2024-05-01 08:00:00,157.85599999999999,157.989,157.82300000000001,157.952,10594,0,0
2024-05-01 12:00:00,157.952,157.96799999999999,157.76300000000001,157.78100000000001,10813,0,0
2024-05-01 16:00:00,157.78100000000001,157.816,157.38200000000001,157.61799999999999,20198,0,0
2024-05-01 20:00:00,157.61699999999999,157.756,153.00999999999999,154.59700000000001,60902,0,0
2024-05-02 00:00:00,154.58000000000001,156.083,154.185,156.01599999999999,29563,1,0
2024-05-02 04:00:00,156.01499999999999,156.285,155.70099999999999,155.82900000000001,23248,1,0
2024-05-02 08:00:00,155.82900000000001,155.88999999999999,155.09999999999999,155.14599999999999,34681,0,0
2024-05-02 12:00:00,155.14500000000001,155.351,154.40100000000001,154.51900000000001,29047,0,0
2024-05-02 16:00:00,154.52000000000001,154.785,153.47800000000001,153.767,45675,0,0
2024-05-02 20:00:00,153.768,153.815,153.05600000000001,153.62899999999999,20730,0,0
2024-05-03 00:00:00,153.667,153.77099999999999,152.876,153.14599999999999,18844,1,0
2024-05-03 04:00:00,153.14599999999999,153.23099999999999,152.74799999999999,152.91499999999999,17445,1,0
2024-05-03 08:00:00,152.916,153.33600000000001,152.846,153.19800000000001,24867,0,0
2024-05-03 12:00:00,153.19399999999999,153.30500000000001,151.857,152.19999999999999,31251,0,0
2024-05-03 16:00:00,152.19999999999999,153.07300000000001,152.15600000000001,152.875,46600,0,0
2024-05-03 20:00:00,152.874,152.982,152.83000000000001,152.96899999999999,9630,0,0
2024-05-06 00:00:00,152.88300000000001,153.75299999999999,152.76599999999999,153.41399999999999,11837,1,0
2024-05-06 04:00:00,153.41300000000001,154.006,153.339,153.93100000000001,16415,1,0
2024-05-06 08:00:00,153.93100000000001,153.97800000000001,153.65899999999999,153.72999999999999,17473,0,0
2024-05-06 12:00:00,153.72999999999999,153.84399999999999,153.411,153.518,15339,0,0
2024-05-06 16:00:00,153.51900000000001,154.00200000000001,153.49700000000001,153.904,19133,0,0
2024-05-06 20:00:00,153.90299999999999,153.964,153.816,153.87700000000001,10128,0,0
2024-05-07 00:00:00,153.87700000000001,154.28899999999999,153.85400000000001,153.93799999999999,12077,1,0
2024-05-07 04:00:00,153.94,154.65000000000001,153.87299999999999,154.47499999999999,17454,1,0
2024-05-07 08:00:00,154.47499999999999,154.57599999999999,153.97499999999999,154.40000000000001,19597,0,0
2024-05-07 12:00:00,154.40199999999999,154.63,154.38,154.40899999999999,15778,0,0
2024-05-07 16:00:00,154.41,154.595,154.23699999999999,154.50200000000001,17355,0,0
2024-05-07 20:00:00,154.50200000000001,154.74799999999999,154.45599999999999,154.68700000000001,10508,0,0
2024-05-08 00:00:00,154.68700000000001,154.92699999999999,154.53899999999999,154.89500000000001,9940,1,0
2024-05-08 04:00:00,154.89400000000001,155.26400000000001,154.88200000000001,155.17400000000001,15347,1,0
2024-05-08 08:00:00,155.172,155.45599999999999,155.11199999999999,155.429,17019,0,0
2024-05-08 12:00:00,155.43000000000001,155.68100000000001,155.279,155.61000000000001,16568,0,0
2024-05-08 16:00:00,155.61000000000001,155.65299999999999,155.35599999999999,155.547,17811,0,0
2024-05-08 20:00:00,155.547,155.65899999999999,155.49000000000001,155.49199999999999,7882,0,0
2024-05-09 00:00:00,155.488,155.69800000000001,155.15299999999999,155.626,12317,1,0
2024-05-09 04:00:00,155.626,155.66800000000001,155.43299999999999,155.57300000000001,11856,1,0
2024-05-09 08:00:00,155.56800000000001,155.876,155.53999999999999,155.84700000000001,13963,0,0
2024-05-09 12:00:00,155.84800000000001,155.953,155.51599999999999,155.70400000000001,17560,0,0
2024-05-09 16:00:00,155.703,155.798,155.43100000000001,155.63,19855,0,0
2024-05-09 20:00:00,155.631,155.64400000000001,155.40100000000001,155.44999999999999,8766,0,0
2024-05-10 00:00:00,155.47999999999999,155.60499999999999,155.26499999999999,155.53200000000001,8729,1,0
2024-05-10 04:00:00,155.53299999999999,155.77699999999999,155.46000000000001,155.673,10922,1,0
2024-05-10 08:00:00,155.672,155.78,155.49799999999999,155.71700000000001,16029,0,0
2024-05-10 12:00:00,155.71799999999999,155.87299999999999,155.66300000000001,155.82499999999999,13771,0,0
2024-05-10 16:00:00,155.82599999999999,155.90199999999999,155.602,155.827,20126,0,0
2024-05-10 20:00:00,155.827,155.88499999999999,155.73599999999999,155.761,6478,0,0
2024-05-13 00:00:00,155.66499999999999,155.958,155.66399999999999,155.928,6536,1,0
2024-05-13 04:00:00,155.928,155.953,155.50299999999999,155.804,14100,1,0
2024-05-13 08:00:00,155.80500000000001,155.92699999999999,155.76499999999999,155.875,16341,0,0
2024-05-13 12:00:00,155.875,155.899,155.71600000000001,155.75700000000001,12425,0,0
2024-05-13 16:00:00,155.75700000000001,156.22499999999999,155.685,156.21899999999999,19073,0,0
2024-05-13 20:00:00,156.21899999999999,156.251,156.16900000000001,156.19399999999999,8389,0,0
2024-05-14 00:00:00,156.18199999999999,156.39599999999999,156.12899999999999,156.29400000000001,9023,1,0
2024-05-14 04:00:00,156.29499999999999,156.5,156.29300000000001,156.41,9100,1,0
2024-05-14 08:00:00,156.411,156.54300000000001,156.39500000000001,156.45599999999999,11967,0,0
2024-05-14 12:00:00,156.45699999999999,156.77799999999999,156.28700000000001,156.58199999999999,15669,0,0
2024-05-14 16:00:00,156.58099999999999,156.65600000000001,156.22999999999999,156.48400000000001,23673,0,0
2024-05-14 20:00:00,156.48400000000001,156.518,156.38300000000001,156.41200000000001,7291,0,0
2024-05-15 00:00:00,156.41200000000001,156.56,156.38300000000001,156.38800000000001,6677,1,0
2024-05-15 04:00:00,156.387,156.47900000000001,156.30600000000001,156.358,9017,1,0
2024-05-15 08:00:00,156.357,156.39099999999999,155.572,155.649,20200,0,0
2024-05-15 12:00:00,155.648,155.88200000000001,154.744,155.12100000000001,30786,0,0
2024-05-15 16:00:00,155.12100000000001,155.80600000000001,154.74000000000001,154.98099999999999,41658,0,0
2024-05-15 20:00:00,154.98099999999999,155.02500000000001,154.69200000000001,154.86799999999999,14991,0,0
2024-05-16 00:00:00,154.858,154.85900000000001,153.595,153.66300000000001,21145,1,0
2024-05-16 04:00:00,153.66200000000001,154.31100000000001,153.62799999999999,153.935,28117,1,0
2024-05-16 08:00:00,153.934,154.81299999999999,153.84800000000001,154.71299999999999,27800,0,0
2024-05-16 12:00:00,154.71299999999999,155.33699999999999,154.60599999999999,155.309,24307,0,0
2024-05-16 16:00:00,155.31,155.53700000000001,155.16,155.26400000000001,26531,0,0
2024-05-16 20:00:00,155.26499999999999,155.43100000000001,155.21199999999999,155.38300000000001,10319,0,0
2024-05-17 00:00:00,155.37799999999999,155.58799999999999,155.31999999999999,155.446,10360,1,0
2024-05-17 04:00:00,155.446,155.92699999999999,155.41800000000001,155.80799999999999,16246,1,0
2024-05-17 08:00:00,155.80799999999999,155.97800000000001,155.596,155.86699999999999,15589,0,0
2024-05-17 12:00:00,155.86799999999999,155.91999999999999,155.709,155.78899999999999,12766,0,0
2024-05-17 16:00:00,155.78800000000001,155.798,155.24799999999999,155.625,22269,0,0
2024-05-17 20:00:00,155.624,155.71899999999999,155.584,155.607,9663,0,0
2024-05-20 00:00:00,155.601,155.87899999999999,155.52000000000001,155.87299999999999,8287,1,0
2024-05-20 04:00:00,155.874,155.93899999999999,155.667,155.768,11558,1,0
2024-05-20 08:00:00,155.767,155.80000000000001,155.495,155.684,16171,0,0
2024-05-20 12:00:00,155.684,156.23400000000001,155.63499999999999,156.15299999999999,15705,0,0
2024-05-20 16:00:00,156.15199999999999,156.18600000000001,155.99600000000001,156.10599999999999,17944,0,0
2024-05-20 20:00:00,156.107,156.304,156.048,156.233,7779,0,0
2024-05-21 00:00:00,156.23099999999999,156.46799999999999,156.14699999999999,156.42599999999999,7146,1,0
2024-05-21 04:00:00,156.42699999999999,156.547,156.39400000000001,156.44900000000001,12041,1,0
2024-05-21 08:00:00,156.44900000000001,156.471,156.03100000000001,156.25800000000001,19741,0,0
2024-05-21 12:00:00,156.25899999999999,156.39500000000001,156.084,156.24299999999999,15584,0,0
2024-05-21 16:00:00,156.244,156.43600000000001,155.84299999999999,156.12100000000001,27941,0,0
2024-05-21 20:00:00,156.12100000000001,156.25399999999999,156.10499999999999,156.14400000000001,9594,0,0
2024-05-22 00:00:00,156.14400000000001,156.28899999999999,156.10300000000001,156.27099999999999,7926,1,0
2024-05-22 04:00:00,156.27199999999999,156.39099999999999,156.20599999999999,156.352,11236,1,0
2024-05-22 08:00:00,156.352,156.50899999999999,156.28299999999999,156.47800000000001,14213,0,0
2024-05-22 12:00:00,156.47900000000001,156.613,156.392,156.54599999999999,16108,0,0
2024-05-22 16:00:00,156.54499999999999,156.559,156.34700000000001,156.49000000000001,22571,0,0
2024-05-22 20:00:00,156.49000000000001,156.845,156.447,156.77600000000001,12851,0,0
2024-05-23 00:00:00,156.73500000000001,156.83099999999999,156.65700000000001,156.81,8056,1,0
2024-05-23 04:00:00,156.809,156.905,156.643,156.721,11580,1,0
2024-05-23 08:00:00,156.721,156.79400000000001,156.56100000000001,156.75800000000001,17684,0,0
2024-05-23 12:00:00,156.75800000000001,156.78399999999999,156.52799999999999,156.761,17157,0,0
2024-05-23 16:00:00,156.75700000000001,157.19499999999999,156.517,157.053,35489,0,0
2024-05-23 20:00:00,157.054,157.066,156.827,156.898,13603,0,0
2024-05-24 00:00:00,156.893,157.136,156.89099999999999,157.047,10635,1,0
2024-05-24 04:00:00,157.048,157.14500000000001,156.99299999999999,157.07900000000001,10657,1,0
2024-05-24 08:00:00,157.08000000000001,157.11600000000001,156.99600000000001,157.03,11938,0,0
2024-05-24 12:00:00,157.03100000000001,157.13,156.934,157.071,13794,0,0
2024-05-24 16:00:00,157.071,157.12899999999999,156.822,156.91800000000001,19143,0,0
2024-05-24 20:00:00,156.91800000000001,156.99700000000001,156.881,156.99700000000001,7453,0,0
2024-05-27 00:00:00,156.91499999999999,156.99799999999999,156.75200000000001,156.84100000000001,7269,1,0
2024-05-27 04:00:00,156.84200000000001,156.84899999999999,156.66200000000001,156.773,10548,1,0
2024-05-27 08:00:00,156.77699999999999,156.96000000000001,156.72499999999999,156.947,9689,0,0
2024-05-27 12:00:00,156.94800000000001,156.95099999999999,156.81899999999999,156.822,8252,0,0
2024-05-27 16:00:00,156.822,156.91399999999999,156.70699999999999,156.899,7894,0,0
2024-05-27 20:00:00,156.90000000000001,156.93199999999999,156.84399999999999,156.87899999999999,4337,0,0
2024-05-28 00:00:00,156.87899999999999,156.94999999999999,156.779,156.90899999999999,7213,1,0
2024-05-28 04:00:00,156.91,156.928,156.619,156.684,11224,1,0
2024-05-28 08:00:00,156.684,156.95599999999999,156.655,156.87100000000001,13982,0,0
2024-05-28 12:00:00,156.87100000000001,156.995,156.65700000000001,156.68799999999999,14782,0,0
2024-05-28 16:00:00,156.69,156.999,156.58000000000001,156.96799999999999,19250,0,0
2024-05-28 20:00:00,156.96899999999999,157.19999999999999,156.965,157.16499999999999,11001,0,0
2024-05-29 00:00:00,157.124,157.40700000000001,157.08099999999999,157.36799999999999,7394,1,0
2024-05-29 04:00:00,157.36699999999999,157.387,157.20500000000001,157.25299999999999,10280,1,0
2024-05-29 08:00:00,157.25399999999999,157.27099999999999,156.89599999999999,157.107,18332,0,0
2024-05-29 12:00:00,157.10599999999999,157.29400000000001,157.09399999999999,157.196,15787,0,0
2024-05-29 16:00:00,157.19499999999999,157.708,157.16399999999999,157.68299999999999,21793,0,0
2024-05-29 20:00:00,157.68299999999999,157.709,157.61699999999999,157.62100000000001,9720,0,0
2024-05-30 00:00:00,157.62100000000001,157.672,157.30199999999999,157.35900000000001,9734,1,0
2024-05-30 04:00:00,157.358,157.45400000000001,157.12299999999999,157.196,14734,1,0
2024-05-30 08:00:00,157.196,157.22800000000001,156.53200000000001,156.94300000000001,29158,0,0
2024-05-30 12:00:00,156.94,157.09100000000001,156.56899999999999,156.63499999999999,22696,0,0
2024-05-30 16:00:00,156.63499999999999,156.84700000000001,156.37,156.69,26434,0,0
2024-05-30 20:00:00,156.691,156.87799999999999,156.666,156.77699999999999,9770,0,0
2024-05-31 00:00:00,156.755,157.024,156.60300000000001,156.761,10816,1,0
2024-05-31 04:00:00,156.762,156.92400000000001,156.571,156.703,19775,1,0
2024-05-31 08:00:00,156.70400000000001,157.33099999999999,156.691,157.29900000000001,22282,0,0
2024-05-31 12:00:00,157.30000000000001,157.364,156.74799999999999,156.839,22928,0,0
2024-05-31 16:00:00,156.83799999999999,157.27799999999999,156.559,157.184,34586,0,0
2024-05-31 20:00:00,157.184,157.34999999999999,157.17099999999999,157.22900000000001,12734,0,0
2024-06-03 00:00:00,157.15299999999999,157.33600000000001,157.04599999999999,157.089,10614,1,0
2024-06-03 04:00:00,157.089,157.47300000000001,156.99299999999999,157.41200000000001,14009,1,0
2024-06-03 08:00:00,157.41200000000001,157.46100000000001,157.005,157.07499999999999,16975,0,0
2024-06-03 12:00:00,157.07499999999999,157.14699999999999,156.636,156.798,21043,0,0
2024-06-03 16:00:00,156.797,156.83799999999999,155.94900000000001,156.07599999999999,36443,0,0
2024-06-03 20:00:00,156.07900000000001,156.28800000000001,156.02500000000001,156.02799999999999,13625,0,0
2024-06-04 00:00:00,156.02699999999999,156.41200000000001,155.97900000000001,156.392,11520,1,0
2024-06-04 04:00:00,156.393,156.48599999999999,156.251,156.30099999999999,13221,1,0
2024-06-04 08:00:00,156.30199999999999,156.30199999999999,155.21199999999999,155.32599999999999,33828,0,0
2024-06-04 12:00:00,155.327,155.376,154.702,155.10499999999999,40992,0,0
2024-06-04 16:00:00,155.102,155.251,154.53299999999999,154.774,43445,0,0
2024-06-04 20:00:00,154.77500000000001,154.90899999999999,154.548,154.84800000000001,14093,0,0
2024-06-05 00:00:00,154.833,155.43799999999999,154.773,155.28299999999999,13136,1,0
2024-06-05 04:00:00,155.28200000000001,155.614,155.21600000000001,155.58199999999999,17045,1,0
2024-06-05 08:00:00,155.58199999999999,156.30000000000001,155.53700000000001,156.25,24592,0,0
2024-06-05 12:00:00,156.249,156.303,155.92500000000001,156.06700000000001,22037,0,0
2024-06-05 16:00:00,156.06700000000001,156.482,155.71799999999999,156.11699999999999,40169,0,0
2024-06-05 20:00:00,156.11600000000001,156.16,156.06800000000001,156.07900000000001,8711,0,0
2024-06-06 00:00:00,156.06800000000001,156.11099999999999,155.59299999999999,155.62,11463,1,0
2024-06-06 04:00:00,155.62100000000001,155.94499999999999,155.34899999999999,155.71000000000001,20262,1,0
2024-06-06 08:00:00,155.71100000000001,156.37899999999999,155.71100000000001,156.16200000000001,22866,0,0
2024-06-06 12:00:00,156.16200000000001,156.34299999999999,155.881,156.28399999999999,22784,0,0
2024-06-06 16:00:00,156.28299999999999,156.447,155.77199999999999,155.792,31067,0,0
2024-06-06 20:00:00,155.792,155.86799999999999,155.47300000000001,155.59399999999999,13362,0,0
2024-06-07 00:00:00,155.53899999999999,155.84999999999999,155.52099999999999,155.774,8797,0,0
2024-06-07 04:00:00,155.77199999999999,155.93600000000001,155.495,155.56700000000001,14894,0,0
2024-06-07 08:00:00,155.566,155.69999999999999,155.11799999999999,155.352,26110,0,0
2024-06-07 12:00:00,155.351,156.881,155.33000000000001,156.81800000000001,28862,0,0
2024-06-07 16:00:00,156.816,157.07400000000001,156.42400000000001,156.655,40849,0,0
2024-06-07 20:00:00,156.65600000000001,156.76400000000001,156.56399999999999,156.76300000000001,12111,0,0
2024-06-10 00:00:00,156.696,156.96600000000001,156.59100000000001,156.79599999999999,12712,0,0
2024-06-10 04:00:00,156.79599999999999,157.19300000000001,156.77199999999999,157.114,15054,0,0
2024-06-10 08:00:00,157.11199999999999,157.184,156.87700000000001,156.96000000000001,21397,0,0
2024-06-10 12:00:00,156.96000000000001,157.00700000000001,156.74299999999999,156.99700000000001,19497,0,0
2024-06-10 16:00:00,156.995,157,156.815,156.982,14553,0,0
2024-06-10 20:00:00,156.982,157.09700000000001,156.952,157.00299999999999,8425,0,0
2024-06-11 00:00:00,156.988,157.26400000000001,156.92699999999999,157.22499999999999,9010,0,0
2024-06-11 04:00:00,157.22800000000001,157.334,157.12899999999999,157.279,10085,0,0
2024-06-11 08:00:00,157.279,157.39400000000001,157.14699999999999,157.17500000000001,12758,0,0
2024-06-11 12:00:00,157.17500000000001,157.28999999999999,156.80500000000001,156.905,21509,0,0
2024-06-11 16:00:00,156.904,157.40199999999999,156.90000000000001,157.36699999999999,18738,0,0
2024-06-11 20:00:00,157.36699999999999,157.37100000000001,156.934,157.10599999999999,11941,0,0
2024-06-12 00:00:00,157.10599999999999,157.21899999999999,157.05000000000001,157.191,7371,0,0
2024-06-12 04:00:00,157.19,157.255,157.04400000000001,157.251,10284,0,0
2024-06-12 08:00:00,157.251,157.357,157.18899999999999,157.30199999999999,12431,0,0
2024-06-12 12:00:00,157.30000000000001,157.37100000000001,156.06399999999999,156.12100000000001,20761,0,0
2024-06-12 16:00:00,156.119,156.17500000000001,155.71899999999999,155.815,39270,0,0
2024-06-12 20:00:00,155.816,156.90000000000001,155.75700000000001,156.708,39022,0,0
2024-06-13 00:00:00,156.672,156.904,156.54599999999999,156.816,11257,0,0
2024-06-13 04:00:00,156.81700000000001,157.05500000000001,156.69300000000001,157.04599999999999,14183,0,0
2024-06-13 08:00:00,157.04599999999999,157.31100000000001,157.04599999999999,157.251,16882,0,0
2024-06-13 12:00:00,157.25,157.286,156.58000000000001,157.00399999999999,22267,0,0
2024-06-13 16:00:00,157.00299999999999,157.26900000000001,156.69,156.83799999999999,32654,0,0
2024-06-13 20:00:00,156.83799999999999,157.101,156.721,156.97800000000001,13881,0,0
2024-06-14 00:00:00,156.982,157.238,156.95099999999999,157.203,8978,0,0
2024-06-14 04:00:00,157.19900000000001,157.97900000000001,156.78899999999999,157.958,24224,0,0
2024-06-14 08:00:00,157.95699999999999,158.25800000000001,157.26900000000001,157.488,42257,0,0
2024-06-14 12:00:00,157.48599999999999,157.53,156.88200000000001,157.238,47496,0,0
2024-06-14 16:00:00,157.238,157.49600000000001,157.11199999999999,157.31200000000001,23935,0,0
2024-06-14 20:00:00,157.31299999999999,157.43899999999999,157.22200000000001,157.36699999999999,9660,0,0
2024-06-17 00:00:00,157.34,157.66300000000001,157.26300000000001,157.44,12973,0,0
2024-06-17 04:00:00,157.44,157.529,157.33000000000001,157.39099999999999,10635,0,0
2024-06-17 08:00:00,157.392,157.68899999999999,157.15600000000001,157.65299999999999,22981,0,0
2024-06-17 12:00:00,157.65299999999999,157.941,157.54400000000001,157.89400000000001,17507,0,0
2024-06-17 16:00:00,157.89500000000001,157.96000000000001,157.72800000000001,157.767,17248,0,0
2024-06-17 20:00:00,157.767,157.79300000000001,157.68000000000001,157.72,6698,0,0
2024-06-18 00:00:00,157.709,157.73699999999999,157.60300000000001,157.67599999999999,7169,0,0
2024-06-18 04:00:00,157.67500000000001,157.73599999999999,157.51599999999999,157.72499999999999,11900,0,0
2024-06-18 08:00:00,157.72499999999999,158.22999999999999,157.667,158.15100000000001,18425,0,0
2024-06-18 12:00:00,158.15199999999999,158.15600000000001,157.625,157.84999999999999,20800,0,0
2024-06-18 16:00:00,157.851,158.006,157.66200000000001,157.70500000000001,23880,0,0
2024-06-18 20:00:00,157.703,157.89699999999999,157.643,157.851,9514,0,0
2024-06-19 00:00:00,157.83500000000001,157.92599999999999,157.797,157.88499999999999,5326,0,0
2024-06-19 04:00:00,157.886,157.89099999999999,157.72499999999999,157.851,9233,0,0
2024-06-19 08:00:00,157.851,157.864,157.60400000000001,157.79499999999999,13274,0,0
2024-06-19 12:00:00,157.79499999999999,157.952,157.79400000000001,157.887,8242,0,0
2024-06-19 16:00:00,157.886,157.94900000000001,157.86699999999999,157.934,5559,0,0
2024-06-19 20:00:00,157.93600000000001,158.13499999999999,157.92099999999999,158.078,3960,0,0
2024-06-20 00:00:00,158.06999999999999,158.09299999999999,157.80500000000001,158.04900000000001,5609,0,0
2024-06-20 04:00:00,158.05000000000001,158.15799999999999,157.976,158.15199999999999,8278,0,0
2024-06-20 08:00:00,158.15199999999999,158.46700000000001,158.05099999999999,158.441,17381,0,0
2024-06-20 12:00:00,158.44,158.57599999999999,158.24199999999999,158.548,15991,0,0
2024-06-20 16:00:00,158.548,158.911,158.49700000000001,158.85499999999999,16866,0,0
2024-06-20 20:00:00,158.85499999999999,158.946,158.696,158.916,8714,0,0
2024-06-21 00:00:00,158.89099999999999,159.126,158.81899999999999,159.09200000000001,8014,0,0
2024-06-21 04:00:00,159.09100000000001,159.102,158.827,158.88499999999999,10292,0,0
2024-06-21 08:00:00,158.88499999999999,159.00200000000001,158.667,158.83000000000001,18036,0,0
2024-06-21 12:00:00,158.83099999999999,159.018,158.78100000000001,158.93799999999999,12762,0,0
2024-06-21 16:00:00,158.93700000000001,159.62799999999999,158.91399999999999,159.47800000000001,24480,0,0
2024-06-21 20:00:00,159.47800000000001,159.833,159.45099999999999,159.792,9390,0,0
2024-06-24 00:00:00,159.74000000000001,159.92599999999999,159.589,159.77699999999999,10556,0,0
2024-06-24 04:00:00,159.77799999999999,159.83199999999999,159.62,159.773,12767,0,0
2024-06-24 08:00:00,159.773,159.81800000000001,159.64699999999999,159.798,13776,0,0
2024-06-24 12:00:00,159.798,159.80799999999999,158.733,159.38300000000001,26768,0,0
2024-06-24 16:00:00,159.38200000000001,159.756,159.32300000000001,159.72800000000001,19779,0,0
2024-06-24 20:00:00,159.72900000000001,159.732,159.53800000000001,159.57900000000001,9390,0,0
2024-06-25 00:00:00,159.56299999999999,159.70400000000001,159.33199999999999,159.41399999999999,10887,0,0
2024-06-25 04:00:00,159.41399999999999,159.50700000000001,159.184,159.43600000000001,15368,0,0
2024-06-25 08:00:00,159.43700000000001,159.55000000000001,159.274,159.477,16056,0,0
2024-06-25 12:00:00,159.476,159.67099999999999,159.291,159.666,14788,0,0
2024-06-25 16:00:00,159.666,159.75700000000001,159.565,159.74600000000001,18730,0,0
2024-06-25 20:00:00,159.74700000000001,159.74799999999999,159.60300000000001,159.64400000000001,8911,0,0
2024-06-26 00:00:00,159.64400000000001,159.762,159.60900000000001,159.71899999999999,7000,0,0
2024-06-26 04:00:00,159.72,159.90199999999999,159.69499999999999,159.75200000000001,10457,0,0
2024-06-26 08:00:00,159.75200000000001,159.971,159.75,159.95699999999999,11304,0,0
2024-06-26 12:00:00,159.95699999999999,160.39400000000001,159.86000000000001,160.35400000000001,25547,0,0
2024-06-26 16:00:00,160.352,160.822,160.01400000000001,160.63800000000001,29930,0,0
2024-06-26 20:00:00,160.63800000000001,160.87100000000001,160.59100000000001,160.792,10669,0,0
2024-06-27 00:00:00,160.792,160.797,160.49299999999999,160.691,9699,0,0
2024-06-27 04:00:00,160.69200000000001,160.71600000000001,160.303,160.33699999999999,13620,0,0
2024-06-27 08:00:00,160.33600000000001,160.607,160.31,160.554,15335,0,0
2024-06-27 12:00:00,160.554,160.56999999999999,160.279,160.399,17512,0,0
2024-06-27 16:00:00,160.398,160.73699999999999,160.36000000000001,160.71199999999999,20684,0,0
2024-06-27 20:00:00,160.71199999999999,160.82400000000001,160.666,160.74199999999999,9330,0,0
2024-06-28 00:00:00,160.74199999999999,161.14699999999999,160.631,161.12100000000001,9212,0,0
2024-06-28 04:00:00,161.12,161.28100000000001,160.839,161.03700000000001,23580,0,0
2024-06-28 08:00:00,161.03700000000001,161.06,160.83799999999999,160.91300000000001,19699,0,0
2024-06-28 12:00:00,160.91300000000001,160.92099999999999,160.358,160.511,23869,0,0
2024-06-28 16:00:00,160.512,160.96700000000001,160.26300000000001,160.84899999999999,34657,0,0
2024-06-28 20:00:00,160.851,160.941,160.70500000000001,160.83500000000001,11620,0,0
2024-07-01 00:00:00,160.733,161.18600000000001,160.71899999999999,160.99600000000001,13232,0,0
2024-07-01 04:00:00,160.995,161.083,160.839,161.07300000000001,15025,0,0
2024-07-01 08:00:00,161.07300000000001,161.12100000000001,160.86799999999999,161.00999999999999,17882,0,0
2024-07-01 12:00:00,161.011,161.392,160.97,161.35400000000001,12428,0,0
2024-07-01 16:00:00,161.35499999999999,161.72900000000001,160.947,161.52000000000001,27204,0,0
2024-07-01 20:00:00,161.52000000000001,161.56800000000001,161.40600000000001,161.43899999999999,11100,0,0
2024-07-02 00:00:00,161.43899999999999,161.63900000000001,161.40100000000001,161.524,6757,0,0
2024-07-02 04:00:00,161.524,161.74600000000001,161.45500000000001,161.67699999999999,11971,0,0
2024-07-02 08:00:00,161.67699999999999,161.72800000000001,161.55799999999999,161.59200000000001,14971,0,0
2024-07-02 12:00:00,161.59100000000001,161.68899999999999,161.47999999999999,161.51499999999999,10964,0,0
2024-07-02 16:00:00,161.51599999999999,161.619,161.267,161.57599999999999,22298,0,0
2024-07-02 20:00:00,161.57599999999999,161.58699999999999,161.41,161.41,6485,0,0
2024-07-03 00:00:00,161.41,161.58199999999999,161.386,161.56200000000001,7122,0,0
2024-07-03 04:00:00,161.56299999999999,161.74100000000001,161.52099999999999,161.71600000000001,7862,0,0
2024-07-03 08:00:00,161.715,161.941,161.673,161.846,15997,0,0
2024-07-03 12:00:00,161.846,161.95099999999999,161.792,161.82300000000001,12857,0,0
2024-07-03 16:00:00,161.82400000000001,161.83099999999999,160.768,161.535,40435,0,0
2024-07-03 20:00:00,161.536,161.749,161.46600000000001,161.649,10489,0,0
2024-07-04 00:00:00,161.649,161.673,161.375,161.441,8192,0,0
2024-07-04 04:00:00,161.44200000000001,161.57599999999999,161.13499999999999,161.5,12090,0,0
2024-07-04 08:00:00,161.499,161.55199999999999,161.19200000000001,161.244,13213,0,0
2024-07-04 12:00:00,161.244,161.31100000000001,160.946,161.136,12395,0,0
2024-07-04 16:00:00,161.137,161.19399999999999,160.96100000000001,161.13,8889,0,0
2024-07-04 20:00:00,161.131,161.316,161.107,161.233,8877,8,0
2024-07-05 00:00:00,161.233,161.39599999999999,160.816,161.07400000000001,12713,0,0
2024-07-05 04:00:00,161.07300000000001,161.14599999999999,160.52600000000001,160.642,19936,0,0
2024-07-05 08:00:00,160.642,160.85400000000001,160.56800000000001,160.73699999999999,14721,0,0
2024-07-05 12:00:00,160.739,161.15600000000001,160.33000000000001,160.94300000000001,24625,0,0
2024-07-05 16:00:00,160.94200000000001,161.33199999999999,160.62700000000001,160.88499999999999,40700,0,0
2024-07-05 20:00:00,160.88499999999999,160.91300000000001,160.708,160.74799999999999,10766,0,0
2024-07-08 00:00:00,160.732,160.81399999999999,160.56100000000001,160.61199999999999,11316,0,0
2024-07-08 04:00:00,160.613,160.71700000000001,160.25899999999999,160.53899999999999,19486,0,0
2024-07-08 08:00:00,160.53800000000001,161.11699999999999,160.529,161.09200000000001,20557,0,0
2024-07-08 12:00:00,161.09200000000001,161.10300000000001,160.66499999999999,160.69200000000001,14885,0,0
2024-07-08 16:00:00,160.69200000000001,160.81700000000001,160.476,160.73099999999999,21682,0,0
2024-07-08 20:00:00,160.72999999999999,160.839,160.68899999999999,160.80699999999999,9698,0,0
2024-07-09 00:00:00,160.80699999999999,160.91999999999999,160.73099999999999,160.892,6771,0,0
2024-07-09 04:00:00,160.892,161.13300000000001,160.85400000000001,160.96299999999999,13059,0,0
2024-07-09 08:00:00,160.96299999999999,161.078,160.739,161.05199999999999,13770,0,0
2024-07-09 12:00:00,161.053,161.178,160.959,161.12899999999999,12815,0,0
2024-07-09 16:00:00,161.12799999999999,161.52000000000001,160.887,161.321,30737,0,0
2024-07-09 20:00:00,161.315,161.34200000000001,161.22999999999999,161.28399999999999,8701,0,0
2024-07-10 00:00:00,161.28399999999999,161.50999999999999,161.25700000000001,161.46299999999999,6675,0,0
2024-07-10 04:00:00,161.46299999999999,161.59100000000001,161.40299999999999,161.44300000000001,9854,0,0
2024-07-10 08:00:00,161.44300000000001,161.56200000000001,161.339,161.50999999999999,13054,0,0
2024-07-10 12:00:00,161.511,161.61500000000001,161.43100000000001,161.44800000000001,12214,0,0
2024-07-10 16:00:00,161.44900000000001,161.755,161.42599999999999,161.68899999999999,16353,0,0
2024-07-10 20:00:00,161.68899999999999,161.80799999999999,161.64500000000001,161.67400000000001,8497,0,0
2024-07-11 00:00:00,161.67400000000001,161.67400000000001,161.47399999999999,161.565,6120,0,0
2024-07-11 04:00:00,161.565,161.69499999999999,161.535,161.68600000000001,9203,0,0
2024-07-11 08:00:00,161.68600000000001,161.75899999999999,161.5,161.529,11007,0,0
2024-07-11 12:00:00,161.529,161.62200000000001,158.36699999999999,158.64400000000001,30908,0,0
2024-07-11 16:00:00,158.64500000000001,158.971,157.42599999999999,158.566,62156,0,0
2024-07-11 20:00:00,158.566,158.917,158.55199999999999,158.809,19141,0,0
2024-07-12 00:00:00,158.809,159.44900000000001,157.74000000000001,159.078,40265,0,0
2024-07-12 04:00:00,159.078,159.38800000000001,158.74199999999999,159.11099999999999,28102,0,0
2024-07-12 08:00:00,159.11000000000001,159.31899999999999,158.86500000000001,159.102,27887,0,0
2024-07-12 12:00:00,159.101,159.256,158.50800000000001,158.80799999999999,31736,0,0
2024-07-12 16:00:00,158.80699999999999,158.846,157.35900000000001,157.87700000000001,49828,0,0
2024-07-12 20:00:00,157.87700000000001,158.01599999999999,157.78999999999999,157.87799999999999,12502,0,0
2024-07-15 00:00:00,158.08099999999999,158.423,157.97399999999999,158.113,14340,0,0
2024-07-15 04:00:00,158.113,158.238,157.91,157.99299999999999,16194,0,0
2024-07-15 08:00:00,157.994,158.23699999999999,157.78200000000001,157.81800000000001,21370,0,0
2024-07-15 12:00:00,157.81700000000001,158.173,157.749,157.964,18206,0,0
2024-07-15 16:00:00,157.96299999999999,158.06899999999999,157.15799999999999,157.71299999999999,27288,0,0
2024-07-15 20:00:00,157.71199999999999,158.155,157.71100000000001,158.05600000000001,15459,0,0
2024-07-16 00:00:00,158.05600000000001,158.39599999999999,157.97,158.36500000000001,8755,0,0
2024-07-16 04:00:00,158.364,158.72800000000001,158.35400000000001,158.643,15215,0,0
2024-07-16 08:00:00,158.642,158.78999999999999,158.358,158.47,20504,0,0
2024-07-16 12:00:00,158.47,158.85499999999999,158.25,158.756,20320,0,0
2024-07-16 16:00:00,158.75700000000001,158.80600000000001,158.51499999999999,158.54300000000001,23446,0,0
2024-07-16 20:00:00,158.54300000000001,158.55699999999999,158.309,158.32900000000001,11172,0,0
2024-07-17 00:00:00,158.327,158.53800000000001,158.27500000000001,158.48599999999999,10581,0,0
2024-07-17 04:00:00,158.48500000000001,158.625,158.21700000000001,158.21700000000001,13208,0,0
2024-07-17 08:00:00,158.21799999999999,158.23599999999999,156.09800000000001,156.24100000000001,47580,0,0
2024-07-17 12:00:00,156.24100000000001,156.797,156.107,156.565,45637,0,0
2024-07-17 16:00:00,156.56399999999999,156.63800000000001,156.15000000000001,156.304,46580,0,0
2024-07-17 20:00:00,156.304,156.489,156.05699999999999,156.17099999999999,21018,0,0
2024-07-18 00:00:00,156.17099999999999,156.27199999999999,155.36500000000001,155.738,36448,0,0
2024-07-18 04:00:00,155.739,156.57300000000001,155.72200000000001,156.34399999999999,28848,0,0
2024-07-18 08:00:00,156.34399999999999,156.58699999999999,155.79499999999999,156.464,43732,0,0
2024-07-18 12:00:00,156.46299999999999,156.57900000000001,156.18100000000001,156.43600000000001,31094,0,0
2024-07-18 16:00:00,156.43600000000001,157.15899999999999,156.31899999999999,157.14599999999999,42709,0,0
2024-07-18 20:00:00,157.14599999999999,157.40199999999999,157.09100000000001,157.36699999999999,15836,0,0
2024-07-19 00:00:00,157.352,157.41999999999999,157.06200000000001,157.21100000000001,18716,0,0
2024-07-19 04:00:00,157.21199999999999,157.53200000000001,157.20099999999999,157.47900000000001,20896,0,0
2024-07-19 08:00:00,157.47800000000001,157.863,156.95500000000001,157.261,43963,0,0
2024-07-19 12:00:00,157.262,157.696,157.148,157.672,24583,0,0
2024-07-19 16:00:00,157.672,157.70099999999999,157.26300000000001,157.41399999999999,33014,0,0
2024-07-19 20:00:00,157.41399999999999,157.529,157.35300000000001,157.45699999999999,9913,0,0
2024-07-22 00:00:00,157.39500000000001,157.50299999999999,157.155,157.42400000000001,15589,0,0
2024-07-22 04:00:00,157.423,157.61199999999999,157.34999999999999,157.44499999999999,17712,0,0
2024-07-22 08:00:00,157.44399999999999,157.44399999999999,156.28200000000001,156.79499999999999,49517,0,0
2024-07-22 12:00:00,156.79499999999999,157.09,156.559,156.79400000000001,32806,0,0
2024-07-22 16:00:00,156.79300000000001,157.148,156.69399999999999,157.07400000000001,30575,0,0
2024-07-22 20:00:00,157.07400000000001,157.172,156.98099999999999,156.982,10052,0,0
2024-07-23 00:00:00,156.982,157.09899999999999,156.64599999999999,156.65799999999999,15550,0,0
2024-07-23 04:00:00,156.65799999999999,156.852,156.197,156.309,33753,0,0
2024-07-23 08:00:00,156.30600000000001,156.636,155.82400000000001,156.012,43462,0,0
2024-07-23 12:00:00,156.012,156.268,155.81999999999999,156.03,30176,0,0
2024-07-23 16:00:00,156.03100000000001,156.208,155.69399999999999,155.78399999999999,30075,0,0
2024-07-23 20:00:00,155.785,155.80699999999999,155.53299999999999,155.548,16274,0,0
2024-07-24 00:00:00,155.548,155.99199999999999,155.52199999999999,155.82499999999999,13411,0,0
2024-07-24 04:00:00,155.82599999999999,155.876,154.54300000000001,154.608,48514,0,0
2024-07-24 08:00:00,154.608,154.94800000000001,154.358,154.86000000000001,47192,0,0
2024-07-24 12:00:00,154.86000000000001,154.934,153.75899999999999,153.81200000000001,38854,0,0
2024-07-24 16:00:00,153.81200000000001,153.999,153.108,153.47300000000001,59790,0,0
2024-07-24 20:00:00,153.47200000000001,154.09899999999999,153.44800000000001,153.85400000000001,19985,0,0
2024-07-25 00:00:00,153.84999999999999,153.96899999999999,152.82900000000001,153.24600000000001,32805,0,0
2024-07-25 04:00:00,153.24600000000001,153.34700000000001,152.22900000000001,152.62100000000001,42450,0,0
2024-07-25 08:00:00,152.62,152.97200000000001,151.93700000000001,152.70500000000001,58652,0,0
2024-07-25 12:00:00,152.70500000000001,153.74000000000001,152.089,153.52199999999999,49218,0,0
2024-07-25 16:00:00,153.52099999999999,154.31899999999999,153.22999999999999,154.02699999999999,67866,0,0
2024-07-25 20:00:00,154.02699999999999,154.054,153.74600000000001,153.93199999999999,30611,0,0
2024-07-26 00:00:00,153.93199999999999,154.142,153.376,153.91999999999999,29173,0,0
2024-07-26 04:00:00,153.92400000000001,154.09399999999999,153.43000000000001,153.68100000000001,31686,0,0
2024-07-26 08:00:00,153.68000000000001,154.43600000000001,153.50299999999999,154.303,43268,0,0
2024-07-26 12:00:00,154.30199999999999,154.73699999999999,154.02500000000001,154.21799999999999,43423,0,0
2024-07-26 16:00:00,154.21700000000001,154.22200000000001,153.089,153.785,57214,0,0
2024-07-26 20:00:00,153.785,153.87700000000001,153.67400000000001,153.733,15914,0,0
2024-07-29 00:00:00,153.655,154.352,153.524,153.661,29798,0,0
2024-07-29 04:00:00,153.654,153.83699999999999,153.012,153.416,46223,0,0
2024-07-29 08:00:00,153.41499999999999,153.91999999999999,153.13900000000001,153.69,46885,0,0
2024-07-29 12:00:00,153.68799999999999,154.03399999999999,153.58699999999999,153.887,36736,0,0
2024-07-29 16:00:00,153.887,154.21100000000001,153.726,153.94200000000001,44244,0,0
2024-07-29 20:00:00,153.941,154.05600000000001,153.88999999999999,154.011,15101,0,0
2024-07-30 00:00:00,154.012,154.066,153.61500000000001,153.959,17948,0,0
2024-07-30 04:00:00,153.96000000000001,154.447,153.84899999999999,154.44,30154,0,0
2024-07-30 08:00:00,154.441,155.21899999999999,154.41999999999999,154.66499999999999,45262,0,0
2024-07-30 12:00:00,154.666,155.02199999999999,154.66399999999999,154.941,25878,0,0
2024-07-30 16:00:00,154.94200000000001,154.94200000000001,153.13499999999999,153.23500000000001,72492,0,0
2024-07-30 20:00:00,153.23500000000001,153.44499999999999,152.64599999999999,152.71700000000001,35060,0,0
2024-07-31 00:00:00,152.739,153.13999999999999,152.10400000000001,152.376,38383,0,0
2024-07-31 04:00:00,152.376,153.90199999999999,151.57400000000001,152.554,55093,0,0
2024-07-31 08:00:00,152.553,153.17099999999999,150.047,150.92500000000001,83176,0,0
2024-07-31 12:00:00,150.92400000000001,150.946,149.773,150.33099999999999,64964,0,0
2024-07-31 16:00:00,150.333,150.67699999999999,149.63,150.56,70421,0,0
2024-07-31 20:00:00,150.55799999999999,151.26300000000001,149.60499999999999,149.96600000000001,69104,0,0
2024-08-01 00:00:00,149.96600000000001,150.316,149.34700000000001,149.43899999999999,28863,0,0
2024-08-01 04:00:00,149.435,149.791,148.50999999999999,149.685,56016,4,0
2024-08-01 08:00:00,149.68600000000001,150.33600000000001,149.428,149.69800000000001,72665,0,0
2024-08-01 12:00:00,149.69900000000001,150.86500000000001,149.607,150.86099999999999,56238,0,0
2024-08-01 16:00:00,150.86099999999999,150.892,149.68000000000001,149.89500000000001,74813,0,0
2024-08-01 20:00:00,149.89500000000001,149.94200000000001,149.28399999999999,149.34299999999999,39165,0,0
2024-08-02 00:00:00,149.34299999999999,149.44399999999999,148.87299999999999,149.38300000000001,40245,0,0
2024-08-02 04:00:00,149.38200000000001,149.77799999999999,149.232,149.261,47727,0,0
2024-08-02 08:00:00,149.25999999999999,149.375,148.62299999999999,149.071,63310,0,0
2024-08-02 12:00:00,149.071,149.12100000000001,147.01300000000001,147.43799999999999,56628,0,0
2024-08-02 16:00:00,147.447,148.166,146.416,146.84899999999999,120069,0,0
2024-08-02 20:00:00,146.84999999999999,146.958,146.43600000000001,146.48599999999999,41019,0,0
2024-08-05 00:00:00,146.523,146.59399999999999,145.17599999999999,145.523,56423,0,0
2024-08-05 04:00:00,145.52000000000001,145.59700000000001,142.149,143.18100000000001,81576,0,0
2024-08-05 08:00:00,143.17599999999999,143.99199999999999,141.67599999999999,142.40100000000001,95876,0,0
2024-08-05 12:00:00,142.404,142.96799999999999,141.745,142.249,74520,0,0
2024-08-05 16:00:00,142.25399999999999,144.89500000000001,142.102,144.185,99022,0,0
2024-08-05 20:00:00,144.185,144.61199999999999,143.39400000000001,144.17099999999999,50865,0,0
2024-08-06 00:00:00,144.17099999999999,146.375,143.624,145.11699999999999,49024,0,0
2024-08-06 04:00:00,145.03399999999999,145.91900000000001,144.30600000000001,145.52000000000001,48179,0,0
2024-08-06 08:00:00,145.52000000000001,146.291,144.47200000000001,144.922,89056,0,0
2024-08-06 12:00:00,144.92400000000001,145.46100000000001,144.357,144.601,84163,0,0
2024-08-06 16:00:00,144.59800000000001,145.423,144.047,145.37100000000001,91139,0,0
2024-08-06 20:00:00,145.37100000000001,145.38800000000001,144.16200000000001,144.273,45077,0,0
2024-08-07 00:00:00,144.27500000000001,145.25899999999999,144.25399999999999,144.72999999999999,38286,0,0
2024-08-07 04:00:00,144.72999999999999,147.904,144.56399999999999,147.62200000000001,62311,0,0
2024-08-07 08:00:00,147.61799999999999,147.81399999999999,146.084,147.19999999999999,78315,0,0
2024-08-07 12:00:00,147.20099999999999,147.63800000000001,146.86600000000001,146.99700000000001,57974,0,0
2024-08-07 16:00:00,146.99700000000001,147.68700000000001,146.65199999999999,147.18000000000001,66607,0,0
2024-08-07 20:00:00,147.18100000000001,147.40000000000001,146.654,146.661,54049,0,0
2024-08-08 00:00:00,146.661,146.786,145.43199999999999,146.005,51417,0,0
2024-08-08 04:00:00,146.006,146.875,145.90600000000001,146.13999999999999,65592,0,0
2024-08-08 08:00:00,146.13999999999999,146.40199999999999,145.62799999999999,146.197,80194,0,0
2024-08-08 12:00:00,146.196,147.297,145.94,147.06399999999999,71655,0,0
2024-08-08 16:00:00,147.065,147.54499999999999,146.91900000000001,147.24600000000001,67287,0,0
2024-08-08 20:00:00,147.24600000000001,147.434,147.09399999999999,147.19999999999999,32965,0,0
2024-08-09 00:00:00,147.19999999999999,147.816,147.149,147.482,39694,0,0
2024-08-09 04:00:00,147.48599999999999,147.62,146.81700000000001,146.886,45894,0,0
2024-08-09 08:00:00,146.88399999999999,147.32300000000001,146.71600000000001,147.20599999999999,62956,0,0
2024-08-09 12:00:00,147.208,147.28700000000001,146.50399999999999,146.779,53232,0,0
2024-08-09 16:00:00,146.77699999999999,146.79400000000001,146.26499999999999,146.61199999999999,60523,0,0
2024-08-09 20:00:00,146.614,146.76400000000001,146.55600000000001,146.59200000000001,28896,0,0
2024-08-12 00:00:00,146.648,147.12799999999999,146.62700000000001,146.85900000000001,24138,0,0
2024-08-12 04:00:00,146.858,147.227,146.70099999999999,147.126,29048,0,0
2024-08-12 08:00:00,147.125,147.446,147.08699999999999,147.36199999999999,40960,0,0
2024-08-12 12:00:00,147.36199999999999,147.738,147.20699999999999,147.71799999999999,29682,0,0
2024-08-12 16:00:00,147.71799999999999,148.22300000000001,147.24299999999999,147.35499999999999,63827,0,0
2024-08-12 20:00:00,147.35599999999999,147.35599999999999,147.03999999999999,147.18799999999999,36530,0,0
2024-08-13 00:00:00,147.18799999999999,147.304,146.91300000000001,147.26499999999999,25872,0,0
2024-08-13 04:00:00,147.26599999999999,147.79499999999999,147.232,147.71600000000001,32815,0,0
2024-08-13 08:00:00,147.715,147.94800000000001,147.55199999999999,147.84399999999999,37825,0,0
2024-08-13 12:00:00,147.845,147.91999999999999,147.071,147.405,44350,0,0
2024-08-13 16:00:00,147.40600000000001,147.47200000000001,146.703,146.73599999999999,60206,0,0
2024-08-13 20:00:00,146.73599999999999,146.911,146.59399999999999,146.827,36188,0,0
2024-08-14 00:00:00,146.827,147.14699999999999,146.68700000000001,147.09700000000001,22156,0,0
2024-08-14 04:00:00,147.09700000000001,147.18600000000001,146.06999999999999,146.869,52085,0,0
2024-08-14 08:00:00,146.87,147.50200000000001,146.774,147.114,44779,0,0
2024-08-14 12:00:00,147.114,147.58500000000001,146.52000000000001,147.315,40846,0,0
2024-08-14 16:00:00,147.316,147.44499999999999,146.57300000000001,146.946,63806,0,0
2024-08-14 20:00:00,146.946,147.441,146.93299999999999,147.32400000000001,22950,0,0
2024-08-15 00:00:00,147.32400000000001,147.40700000000001,147.149,147.23099999999999,17270,0,0
2024-08-15 04:00:00,147.22999999999999,147.61699999999999,147.202,147.27099999999999,31382,0,0
2024-08-15 08:00:00,147.26900000000001,147.39400000000001,147.053,147.339,30116,0,0
2024-08-15 12:00:00,147.33799999999999,149.16,147.18000000000001,148.958,38982,0,0
2024-08-15 16:00:00,148.959,149.327,148.78200000000001,149.04400000000001,59260,0,0
2024-08-15 20:00:00,149.04499999999999,149.392,148.95599999999999,149.267,19005,0,0
2024-08-16 00:00:00,149.267,149.34100000000001,148.90700000000001,149.15299999999999,20892,0,0
2024-08-16 04:00:00,149.154,149.22999999999999,148.74199999999999,148.863,30481,0,0
2024-08-16 08:00:00,148.86199999999999,149.096,148.65700000000001,148.71299999999999,30637,0,0
2024-08-16 12:00:00,148.71299999999999,148.76599999999999,147.613,147.68700000000001,42445,0,0
2024-08-16 16:00:00,147.68600000000001,148.268,147.62100000000001,148.00200000000001,51978,0,0
2024-08-16 20:00:00,148.00200000000001,148.00899999999999,147.56299999999999,147.59800000000001,18821,0,0
2024-08-19 00:00:00,147.559,148.054,147.559,147.81800000000001,21368,0,0
2024-08-19 04:00:00,147.81800000000001,147.88300000000001,145.86000000000001,146.191,49180,0,0
2024-08-19 08:00:00,146.19200000000001,146.298,145.18600000000001,146.08000000000001,69247,0,0
2024-08-19 12:00:00,146.083,146.524,145.93199999999999,146.21600000000001,46865,0,0
2024-08-19 16:00:00,146.21600000000001,146.71199999999999,146.19200000000001,146.499,53163,0,0
2024-08-19 20:00:00,146.499,146.69499999999999,146.45699999999999,146.548,21523,0,0
2024-08-20 00:00:00,146.548,146.87,146.179,146.34700000000001,23432,0,0
2024-08-20 04:00:00,146.346,147.16200000000001,145.846,146.93000000000001,47380,0,0
2024-08-20 08:00:00,146.93100000000001,147.345,146.233,146.52000000000001,55832,0,0
2024-08-20 12:00:00,146.52099999999999,146.559,146.125,146.16800000000001,44857,0,0
2024-08-20 16:00:00,146.16900000000001,146.29599999999999,145.369,145.393,58986,0,0
2024-08-20 20:00:00,145.393,145.53700000000001,145.197,145.24600000000001,20006,0,0
2024-08-21 00:00:00,145.24600000000001,145.554,144.93199999999999,145.45099999999999,34936,0,0
2024-08-21 04:00:00,145.45099999999999,145.75999999999999,145.255,145.67400000000001,43488,0,0
2024-08-21 08:00:00,145.67500000000001,146.227,145.51300000000001,146.03399999999999,48270,0,0
2024-08-21 12:00:00,146.03299999999999,146.226,145.733,145.77600000000001,40568,0,0
2024-08-21 16:00:00,145.77699999999999,146.90799999999999,145.03,145.19300000000001,84910,0,0
2024-08-21 20:00:00,145.19200000000001,145.28899999999999,144.45400000000001,145.167,36538,0,0
2024-08-22 00:00:00,145.14599999999999,145.44,144.846,145.334,23485,0,0
2024-08-22 04:00:00,145.33500000000001,145.643,144.983,145.13399999999999,33216,0,0
2024-08-22 08:00:00,145.13300000000001,145.672,145.00899999999999,145.63800000000001,40581,0,0
2024-08-22 12:00:00,145.63800000000001,146.346,145.55699999999999,146.05000000000001,39670,0,0
2024-08-22 16:00:00,146.05099999999999,146.52699999999999,145.82400000000001,146.33000000000001,59088,0,0
2024-08-22 20:00:00,146.33000000000001,146.49299999999999,146.17500000000001,146.279,23953,0,0
2024-08-23 00:00:00,146.279,146.33600000000001,145.88300000000001,146.07499999999999,23646,0,0
2024-08-23 04:00:00,146.07400000000001,146.131,145.29300000000001,145.77099999999999,42612,0,0
2024-08-23 08:00:00,145.77099999999999,146.02699999999999,145.28899999999999,145.93100000000001,39286,0,0
2024-08-23 12:00:00,145.93100000000001,146.18100000000001,145.92500000000001,145.98500000000001,33150,0,0
2024-08-23 16:00:00,145.98599999999999,146.482,144.59899999999999,144.84800000000001,83156,0,0
2024-08-23 20:00:00,144.84800000000001,144.85599999999999,144.04599999999999,144.364,31369,0,0
2024-08-26 00:00:00,144.24299999999999,144.34399999999999,143.44499999999999,143.715,41167,0,0
2024-08-26 04:00:00,143.71600000000001,144.09,143.446,144.04499999999999,42721,0,0
2024-08-26 08:00:00,144.04400000000001,144.21600000000001,143.59800000000001,143.863,39661,0,0
2024-08-26 12:00:00,143.863,144.36799999999999,143.822,143.93700000000001,33144,0,0
2024-08-26 16:00:00,143.93899999999999,144.60599999999999,143.85499999999999,144.46000000000001,47980,0,0
2024-08-26 20:00:00,144.46000000000001,144.65199999999999,144.31800000000001,144.51300000000001,17219,0,0
2024-08-27 00:00:00,144.51300000000001,144.86000000000001,144.232,144.84399999999999,16714,0,0
2024-08-27 04:00:00,144.845,144.97300000000001,144.60300000000001,144.63800000000001,24974,0,0
2024-08-27 08:00:00,144.637,145.17699999999999,144.572,145.06299999999999,38976,0,0
2024-08-27 12:00:00,145.06399999999999,145.07599999999999,144.33600000000001,144.392,41108,0,0
2024-08-27 16:00:00,144.392,144.50700000000001,144.09999999999999,144.13800000000001,52111,0,0
2024-08-27 20:00:00,144.13800000000001,144.16399999999999,143.91499999999999,143.92599999999999,19572,0,0
2024-08-28 00:00:00,143.92599999999999,144.24600000000001,143.68199999999999,144.11000000000001,21898,0,0
2024-08-28 04:00:00,144.11099999999999,144.53999999999999,144.089,144.35499999999999,30847,0,0
2024-08-28 08:00:00,144.35499999999999,144.608,144.28899999999999,144.34700000000001,35927,0,0
2024-08-28 12:00:00,144.34800000000001,144.78200000000001,144.06100000000001,144.708,32221,0,0
2024-08-28 16:00:00,144.709,145.041,144.34700000000001,144.739,48996,0,0
2024-08-28 20:00:00,144.739,144.81299999999999,144.411,144.57400000000001,29202,0,0
2024-08-29 00:00:00,144.57400000000001,144.59800000000001,144.21799999999999,144.43100000000001,24648,0,0
2024-08-29 04:00:00,144.43100000000001,144.71899999999999,144.34299999999999,144.672,28475,0,0
2024-08-29 08:00:00,144.67099999999999,144.86199999999999,144.46000000000001,144.691,44856,0,0
2024-08-29 12:00:00,144.691,145.42500000000001,144.43899999999999,145.40199999999999,48142,0,0
2024-08-29 16:00:00,145.40199999999999,145.55500000000001,144.90199999999999,145.00299999999999,59568,0,0
2024-08-29 20:00:00,145.006,145.02000000000001,144.727,144.97900000000001,38865,0,0
2024-08-30 00:00:00,144.97900000000001,145.07300000000001,144.648,144.726,16609,0,0
2024-08-30 04:00:00,144.726,144.88800000000001,144.685,144.84700000000001,23824,0,0
2024-08-30 08:00:00,144.846,145.13,144.78899999999999,145.114,25279,0,0
2024-08-30 12:00:00,145.114,145.74700000000001,145.02000000000001,145.636,34112,0,0
2024-08-30 16:00:00,145.636,146.24799999999999,145.316,146.226,61828,0,0
2024-08-30 20:00:00,146.22499999999999,146.24600000000001,146.05000000000001,146.15899999999999,24014,0,0
2024-09-02 00:00:00,146.03299999999999,146.59999999999999,146.02099999999999,146.19399999999999,22004,0,0
2024-09-02 04:00:00,146.19399999999999,146.28299999999999,145.77199999999999,145.93600000000001,28624,0,0
2024-09-02 08:00:00,145.935,146.845,145.929,146.702,35982,0,0
2024-09-02 12:00:00,146.702,146.994,146.59999999999999,146.98400000000001,23315,0,0
2024-09-02 16:00:00,146.983,147.178,146.804,146.816,21315,0,0
2024-09-02 20:00:00,146.816,146.92500000000001,146.816,146.881,3012,2,0
2024-09-03 00:00:00,146.881,147.209,146.667,147.126,18513,0,0
2024-09-03 04:00:00,147.126,147.14699999999999,146.393,146.536,44060,0,0
2024-09-03 08:00:00,146.536,146.59399999999999,145.60900000000001,145.815,55654,0,0
2024-09-03 12:00:00,145.81399999999999,146.28700000000001,145.79599999999999,145.88300000000001,34451,0,0
2024-09-03 16:00:00,145.88399999999999,145.923,145.113,145.76499999999999,67110,0,0
2024-09-03 20:00:00,145.76499999999999,145.90799999999999,145.44900000000001,145.46799999999999,24005,0,0
2024-09-04 00:00:00,145.46799999999999,145.559,144.88900000000001,145.17599999999999,31516,0,0
2024-09-04 04:00:00,145.17500000000001,145.55000000000001,145.14599999999999,145.25200000000001,34294,0,0
2024-09-04 08:00:00,145.251,145.316,144.75,145.208,47018,0,0
2024-09-04 12:00:00,145.208,145.26900000000001,144.863,145.07599999999999,34561,0,0
2024-09-04 16:00:00,145.077,145.15000000000001,144,144.05199999999999,73980,0,0
2024-09-04 20:00:00,144.05099999999999,144.12700000000001,143.70699999999999,143.727,34748,0,0
2024-09-05 00:00:00,143.727,143.804,143.185,143.72,28885,0,0
2024-09-05 04:00:00,143.721,143.905,143.43000000000001,143.57900000000001,36481,0,0
2024-09-05 08:00:00,143.578,143.75,143.048,143.57599999999999,49416,0,0
2024-09-05 12:00:00,143.57499999999999,143.64599999999999,142.84700000000001,143.09899999999999,43326,0,0
2024-09-05 16:00:00,143.09800000000001,144.22999999999999,143.03700000000001,143.434,68707,0,0
2024-09-05 20:00:00,143.434,143.50800000000001,143.19200000000001,143.434,32480,0,0
2024-09-06 00:00:00,143.44,143.483,143.15199999999999,143.178,17826,0,0
2024-09-06 04:00:00,143.179,143.36500000000001,142.88900000000001,142.995,21196,0,0
2024-09-06 08:00:00,142.995,143.00700000000001,142.05699999999999,142.614,54980,0,0
2024-09-06 12:00:00,142.613,144.04599999999999,141.97800000000001,142.988,52182,0,0
2024-09-06 16:00:00,142.99000000000001,143.89500000000001,141.76300000000001,142.44800000000001,122188,0,0
2024-09-06 20:00:00,142.44800000000001,142.69300000000001,142.232,142.26599999999999,45849,0,0
2024-09-09 00:00:00,142.25700000000001,142.745,141.94900000000001,142.69800000000001,34622,0,0
2024-09-09 04:00:00,142.69800000000001,143.09700000000001,142.614,142.97800000000001,40959,0,0
2024-09-09 08:00:00,142.977,143.434,142.774,143.381,50716,0,0
2024-09-09 12:00:00,143.38200000000001,143.798,143.09299999999999,143.232,38430,0,0
2024-09-09 16:00:00,143.232,143.23400000000001,142.654,142.881,52034,0,0
2024-09-09 20:00:00,142.88,143.20500000000001,142.71000000000001,143.166,24893,0,0
2024-09-10 00:00:00,143.166,143.48500000000001,142.852,143.47,21517,0,0
2024-09-10 04:00:00,143.471,143.54599999999999,143.05000000000001,143.08099999999999,27811,0,0
2024-09-10 08:00:00,143.08000000000001,143.71000000000001,143.03299999999999,143.51300000000001,37025,0,0
2024-09-10 12:00:00,143.51300000000001,143.52199999999999,142.755,142.86699999999999,38614,0,0
2024-09-10 16:00:00,142.86799999999999,143.11500000000001,142.19,142.46199999999999,57092,0,0
2024-09-10 20:00:00,142.46199999999999,142.571,142.21899999999999,142.42599999999999,31975,0,0
2024-09-11 00:00:00,142.43100000000001,142.47399999999999,142.02199999999999,142.291,22814,0,0
2024-09-11 04:00:00,142.291,142.42599999999999,140.893,141.09200000000001,53787,0,0
2024-09-11 08:00:00,141.09200000000001,141.69800000000001,140.70699999999999,141.53100000000001,55078,0,0
2024-09-11 12:00:00,141.53200000000001,142.547,141.28899999999999,142.29400000000001,52921,0,0
2024-09-11 16:00:00,142.298,142.49600000000001,141.24600000000001,141.94800000000001,85254,0,0
2024-09-11 20:00:00,141.94999999999999,142.46299999999999,141.89599999999999,142.35400000000001,40252,0,0
2024-09-12 00:00:00,142.35400000000001,142.952,142.227,142.68299999999999,20477,0,0
2024-09-12 04:00:00,142.684,142.84399999999999,142.25700000000001,142.785,42211,0,0
2024-09-12 08:00:00,142.785,143.04300000000001,142.46600000000001,142.58199999999999,50822,0,0
2024-09-12 12:00:00,142.58199999999999,142.77799999999999,141.96000000000001,142.101,51222,0,0
2024-09-12 16:00:00,142.101,142.66499999999999,141.91,142.51599999999999,72378,0,0
2024-09-12 20:00:00,142.51499999999999,142.56700000000001,141.727,141.80500000000001,53295,0,0
2024-09-13 00:00:00,141.80500000000001,141.876,141.161,141.19800000000001,25395,0,0
2024-09-13 04:00:00,141.19800000000001,141.29499999999999,140.64599999999999,140.958,39856,0,0
2024-09-13 08:00:00,140.958,141.416,140.40700000000001,140.70400000000001,54112,0,0
2024-09-13 12:00:00,140.69900000000001,141.017,140.363,140.73099999999999,50220,0,0
2024-09-13 16:00:00,140.73099999999999,140.94499999999999,140.27799999999999,140.81399999999999,61961,0,0
2024-09-13 20:00:00,140.81399999999999,141.00899999999999,140.77000000000001,140.797,28195,0,0
2024-09-16 00:00:00,140.81700000000001,140.90100000000001,140.42099999999999,140.52799999999999,19819,0,0
2024-09-16 04:00:00,140.52600000000001,140.589,139.947,140.215,32509,0,0
2024-09-16 08:00:00,140.22,140.28899999999999,139.578,139.851,45774,0,0
2024-09-16 12:00:00,139.84999999999999,140.44499999999999,139.75200000000001,140.239,45840,0,0
2024-09-16 16:00:00,140.238,140.91300000000001,140.21199999999999,140.642,52257,0,0
2024-09-16 20:00:00,140.643,140.88499999999999,140.57400000000001,140.60599999999999,24297,0,0
2024-09-17 00:00:00,140.60599999999999,141.244,140.46899999999999,140.66499999999999,21761,0,0
2024-09-17 04:00:00,140.666,140.75399999999999,140.31999999999999,140.679,34245,0,0
2024-09-17 08:00:00,140.679,140.80500000000001,140.34800000000001,140.57300000000001,36362,0,0
2024-09-17 12:00:00,140.57300000000001,141.12700000000001,140.477,140.97300000000001,39394,0,0
2024-09-17 16:00:00,140.97300000000001,141.99600000000001,140.87200000000001,141.73500000000001,64810,0,0
2024-09-17 20:00:00,141.73400000000001,142.464,141.72,142.399,39241,0,0
2024-09-18 00:00:00,142.399,142.399,141.56999999999999,141.649,21359,0,0
2024-09-18 04:00:00,141.649,141.76499999999999,141.22300000000001,141.31700000000001,31937,0,0
2024-09-18 08:00:00,141.316,141.99799999999999,141.28,141.71199999999999,36181,0,0
2024-09-18 12:00:00,141.71299999999999,142.06200000000001,141.55199999999999,141.92500000000001,35533,0,0
2024-09-18 16:00:00,141.92099999999999,142.065,141.67500000000001,141.88300000000001,42404,0,0
2024-09-18 20:00:00,141.88399999999999,142.715,140.43799999999999,142.26599999999999,92319,0,0
2024-09-19 00:00:00,142.26499999999999,143.59299999999999,141.88300000000001,143.48699999999999,35980,0,0
2024-09-19 04:00:00,143.488,143.947,142.94999999999999,143.178,54086,0,0
2024-09-19 08:00:00,143.179,143.19999999999999,142.042,142.79400000000001,57270,0,0
2024-09-19 12:00:00,142.791,143.762,142.68600000000001,143.75800000000001,59076,0,0
2024-09-19 16:00:00,143.75899999999999,143.76900000000001,142.732,143.036,69058,0,0
2024-09-19 20:00:00,143.036,143.11600000000001,142.52799999999999,142.61799999999999,38290,0,0
2024-09-20 00:00:00,142.61799999999999,142.928,142.40700000000001,142.40700000000001,21917,0,0
2024-09-20 04:00:00,142.40600000000001,142.785,141.95400000000001,142.18899999999999,45025,0,0
2024-09-20 08:00:00,142.18899999999999,143.88200000000001,141.73699999999999,143.809,67158,0,0
2024-09-20 12:00:00,143.81,144.43000000000001,143.57499999999999,143.66999999999999,50374,0,0
2024-09-20 16:00:00,143.67099999999999,144.49600000000001,143.465,143.75399999999999,72594,0,0
2024-09-20 20:00:00,143.756,144.155,143.71799999999999,143.875,41742,0,0
2024-09-23 00:00:00,143.93000000000001,144.25899999999999,143.69499999999999,144.125,22048,0,0
2024-09-23 04:00:00,144.125,144.46000000000001,144.125,144.256,24512,0,0
2024-09-23 08:00:00,144.256,144.31800000000001,143.434,143.589,54674,0,0
2024-09-23 12:00:00,143.58699999999999,143.87799999999999,143.16499999999999,143.77199999999999,46822,0,0
2024-09-23 16:00:00,143.77199999999999,144.34800000000001,143.31299999999999,143.345,67172,0,0
2024-09-23 20:00:00,143.34299999999999,143.648,143.251,143.58699999999999,28042,0,0
2024-09-24 00:00:00,143.58500000000001,143.77799999999999,143.40899999999999,143.55099999999999,20755,0,0
2024-09-24 04:00:00,143.55199999999999,143.941,143.37200000000001,143.84200000000001,40121,0,0
2024-09-24 08:00:00,143.84299999999999,144.68100000000001,143.839,144.291,51891,0,0
2024-09-24 12:00:00,144.291,144.47999999999999,143.78299999999999,143.96799999999999,40699,0,0
2024-09-24 16:00:00,143.96899999999999,144.21199999999999,143.40299999999999,143.465,55441,0,0
2024-09-24 20:00:00,143.464,143.709,143.11000000000001,143.21299999999999,24310,0,0
2024-09-25 00:00:00,143.21199999999999,143.31100000000001,142.88999999999999,143.173,21893,0,0
2024-09-25 04:00:00,143.172,143.495,143.09999999999999,143.255,33579,0,0
2024-09-25 08:00:00,143.25700000000001,144.06399999999999,143.17699999999999,143.93899999999999,40948,0,0
2024-09-25 12:00:00,143.941,144.44300000000001,143.905,144.19999999999999,38616,0,0
2024-09-25 16:00:00,144.20099999999999,144.60599999999999,143.857,144.53299999999999,51214,0,0
2024-09-25 20:00:00,144.53200000000001,144.84299999999999,144.48599999999999,144.745,28747,0,0
2024-09-26 00:00:00,144.74600000000001,144.76300000000001,144.44200000000001,144.49700000000001,20023,0,0
2024-09-26 04:00:00,144.49700000000001,145.03999999999999,144.476,144.691,26934,0,0
2024-09-26 08:00:00,144.69,145.19900000000001,144.61500000000001,144.82499999999999,45579,0,0
2024-09-26 12:00:00,144.82499999999999,144.964,144.108,144.56399999999999,42946,0,0
2024-09-26 16:00:00,144.565,145.21299999999999,144.30600000000001,144.857,59289,0,0
2024-09-26 20:00:00,144.85900000000001,144.899,144.512,144.80699999999999,27993,0,0
2024-09-27 00:00:00,144.80699999999999,145.477,144.739,145.46199999999999,22742,0,0
2024-09-27 04:00:00,145.46299999999999,145.80199999999999,144.965,145.79300000000001,36431,0,0
2024-09-27 08:00:00,145.79300000000001,146.495,142.78,143.14400000000001,83443,0,0
2024-09-27 12:00:00,143.13900000000001,143.49600000000001,142.501,142.51900000000001,53254,0,0
2024-09-27 16:00:00,142.52000000000001,143.08699999999999,142.38200000000001,142.511,66820,0,0
2024-09-27 20:00:00,142.50999999999999,142.608,142.06800000000001,142.16499999999999,34171,0,0
2024-09-30 00:00:00,142.22300000000001,142.95400000000001,142.143,142.68799999999999,29114,0,0
2024-09-30 04:00:00,142.684,142.84800000000001,142.08000000000001,142.12700000000001,37945,0,0
2024-09-30 08:00:00,142.12700000000001,142.58000000000001,141.643,142.53399999999999,52331,0,0
2024-09-30 12:00:00,142.53299999999999,143.00399999999999,142.40600000000001,142.94499999999999,35954,0,0
2024-09-30 16:00:00,142.94800000000001,143.37,142.74600000000001,143.11199999999999,57625,0,0
2024-09-30 20:00:00,143.11199999999999,143.91499999999999,142.93199999999999,143.624,50225,0,0
2024-10-01 00:00:00,143.624,144.125,143.369,143.96600000000001,21692,0,0
2024-10-01 04:00:00,143.96700000000001,144.39699999999999,143.661,144.279,30270,0,0
2024-10-01 08:00:00,144.27799999999999,144.52799999999999,143.69900000000001,143.80699999999999,58280,0,0
2024-10-01 12:00:00,143.80799999999999,144.06899999999999,143.56,144.041,47007,0,0
2024-10-01 16:00:00,144.041,144.072,142.96899999999999,143.63499999999999,80876,0,0
2024-10-01 20:00:00,143.63399999999999,143.922,143.32400000000001,143.553,47678,0,0
2024-10-02 00:00:00,143.55799999999999,143.881,143.423,143.81800000000001,18971,0,0
2024-10-02 04:00:00,143.81700000000001,144.19,143.56100000000001,143.73500000000001,33712,0,0
2024-10-02 08:00:00,143.73500000000001,144.32900000000001,143.53100000000001,144.328,49853,0,0
2024-10-02 12:00:00,144.327,145.446,144.07599999999999,145.37,49207,0,0
2024-10-02 16:00:00,145.37,146.262,145.297,146.029,54736,0,0
2024-10-02 20:00:00,146.029,146.51499999999999,145.96700000000001,146.45400000000001,23561,0,0
2024-10-03 00:00:00,146.45400000000001,147.05500000000001,146.273,146.99100000000001,26723,0,0
2024-10-03 04:00:00,146.99199999999999,147.24000000000001,146.67599999999999,146.72399999999999,34187,0,0
2024-10-03 08:00:00,146.72300000000001,146.863,146.30099999999999,146.749,47489,0,0
2024-10-03 12:00:00,146.75,146.99299999999999,146.512,146.77199999999999,42308,0,0
2024-10-03 16:00:00,146.773,147.179,146.47,146.71600000000001,67057,0,0
2024-10-03 20:00:00,146.71600000000001,146.96700000000001,146.577,146.922,23984,0,0
2024-10-04 00:00:00,146.922,146.93199999999999,146.61500000000001,146.64599999999999,15038,0,0
2024-10-04 04:00:00,146.64500000000001,146.68100000000001,146.15100000000001,146.22999999999999,28852,0,0
2024-10-04 08:00:00,146.22999999999999,146.411,145.916,146.34100000000001,40159,0,0
2024-10-04 12:00:00,146.34100000000001,148.69499999999999,146.339,148.64400000000001,47659,0,0
2024-10-04 16:00:00,148.64500000000001,149.00399999999999,148.31,148.93700000000001,67605,0,0
2024-10-04 20:00:00,148.93600000000001,148.95400000000001,148.62299999999999,148.661,27798,0,0
2024-10-07 00:00:00,148.655,149.13399999999999,148.357,148.42500000000001,27433,0,0
2024-10-07 04:00:00,148.42599999999999,148.648,148.21799999999999,148.53999999999999,34990,0,0
2024-10-07 08:00:00,148.541,148.61600000000001,148.06,148.31999999999999,46990,0,0
2024-10-07 12:00:00,148.31999999999999,148.685,148.02699999999999,148.16999999999999,47044,0,0
2024-10-07 16:00:00,148.16999999999999,148.27799999999999,147.84200000000001,148.00299999999999,54393,0,0
2024-10-07 20:00:00,148.00399999999999,148.209,147.88399999999999,148.178,27932,0,0
2024-10-08 00:00:00,148.178,148.191,147.56800000000001,147.82300000000001,24516,0,0
2024-10-08 04:00:00,147.82300000000001,148.107,147.50999999999999,148.07900000000001,39616,0,0
2024-10-08 08:00:00,148.078,148.16499999999999,147.34399999999999,147.839,48053,0,0
2024-10-08 12:00:00,147.83799999999999,148.18100000000001,147.72,148.03800000000001,35965,0,0
2024-10-08 16:00:00,148.03700000000001,148.35900000000001,147.952,148.149,44476,0,0
2024-10-08 20:00:00,148.149,148.37799999999999,148.149,148.18899999999999,28583,0,0
2024-10-09 00:00:00,148.18899999999999,148.315,148.00999999999999,148.226,12702,0,0
2024-10-09 04:00:00,148.226,148.43000000000001,148.07599999999999,148.339,24930,0,0
2024-10-09 08:00:00,148.339,148.72900000000001,148.26300000000001,148.71799999999999,37177,0,0
2024-10-09 12:00:00,148.71899999999999,148.91499999999999,148.50899999999999,148.90799999999999,26923,0,0
2024-10-09 16:00:00,148.90799999999999,149.30000000000001,148.81299999999999,149.238,31106,0,0
2024-10-09 20:00:00,149.23699999999999,149.36199999999999,149.155,149.29400000000001,19771,0,0
2024-10-10 00:00:00,149.29400000000001,149.30500000000001,149.00200000000001,149.214,14315,0,0
2024-10-10 04:00:00,149.214,149.54499999999999,149.065,149.40199999999999,20976,0,0
2024-10-10 08:00:00,149.40100000000001,149.47300000000001,148.90100000000001,149.06800000000001,32642,0,0
2024-10-10 12:00:00,149.06899999999999,149.56899999999999,148.23599999999999,148.613,44649,0,0
2024-10-10 16:00:00,148.614,148.96000000000001,148.34800000000001,148.91800000000001,67660,0,0
2024-10-10 20:00:00,148.91800000000001,149.08199999999999,148.494,148.55600000000001,27065,0,0
2024-10-11 00:00:00,148.55600000000001,148.762,148.416,148.46199999999999,15272,0,0
2024-10-11 04:00:00,148.46100000000001,148.797,148.40100000000001,148.71199999999999,21320,0,0
2024-10-11 08:00:00,148.71199999999999,148.858,148.601,148.738,24686,0,0
2024-10-11 12:00:00,148.73699999999999,149.26300000000001,148.726,149.06100000000001,28068,0,0
2024-10-11 16:00:00,149.06100000000001,149.286,148.97399999999999,149.00399999999999,34183,0,0
2024-10-11 20:00:00,149.00299999999999,149.17599999999999,148.958,149.11799999999999,11502,0,0
2024-10-14 00:00:00,148.99100000000001,149.39099999999999,148.99100000000001,149.21899999999999,12238,0,0
2024-10-14 04:00:00,149.21799999999999,149.35300000000001,149.14599999999999,149.292,11816,0,0
2024-10-14 08:00:00,149.29300000000001,149.46899999999999,149.16800000000001,149.423,16845,0,0
2024-10-14 12:00:00,149.423,149.797,149.346,149.739,18265,0,0
2024-10-14 16:00:00,149.74000000000001,149.96000000000001,149.69200000000001,149.93299999999999,20561,0,0
2024-10-14 20:00:00,149.93299999999999,149.98099999999999,149.70599999999999,149.74799999999999,11693,0,0
2024-10-15 00:00:00,149.744,149.83600000000001,149.52500000000001,149.58000000000001,12684,0,0
2024-10-15 04:00:00,149.58099999999999,149.75800000000001,149.44499999999999,149.67599999999999,14962,0,0
2024-10-15 08:00:00,149.67500000000001,149.69999999999999,149.035,149.15100000000001,32581,0,0
2024-10-15 12:00:00,149.15199999999999,149.41900000000001,148.846,149.084,30291,0,0
2024-10-15 16:00:00,149.08500000000001,149.47999999999999,148.93700000000001,149.44900000000001,40054,0,0
2024-10-15 20:00:00,149.44900000000001,149.53999999999999,149.16399999999999,149.19200000000001,19684,0,0
2024-10-16 00:00:00,149.19200000000001,149.33500000000001,149.03,149.26900000000001,13500,0,0
2024-10-16 04:00:00,149.27000000000001,149.29900000000001,148.86600000000001,149.26599999999999,21840,0,0
2024-10-16 08:00:00,149.26499999999999,149.489,149.16499999999999,149.46299999999999,29645,0,0
2024-10-16 12:00:00,149.46899999999999,149.482,149.143,149.453,25037,0,0
2024-10-16 16:00:00,149.452,149.774,149.20400000000001,149.74299999999999,31194,0,0
2024-10-16 20:00:00,149.74299999999999,149.80799999999999,149.601,149.631,12222,0,0
2024-10-17 00:00:00,149.631,149.66499999999999,149.44,149.54599999999999,11662,0,0
2024-10-17 04:00:00,149.54499999999999,149.577,149.24000000000001,149.54300000000001,19564,0,0
2024-10-17 08:00:00,149.54300000000001,149.869,149.43799999999999,149.834,22005,0,0
2024-10-17 12:00:00,149.83500000000001,150.08000000000001,149.465,149.834,28215,0,0
2024-10-17 16:00:00,149.833,150.30000000000001,149.63499999999999,150.21299999999999,46548,0,0
2024-10-17 20:00:00,150.21199999999999,150.321,150.143,150.19800000000001,13757,0,0
2024-10-18 00:00:00,150.19800000000001,150.285,149.89500000000001,150.047,11805,0,0
2024-10-18 04:00:00,150.04599999999999,150.09399999999999,149.85499999999999,149.898,17376,0,0
2024-10-18 08:00:00,149.89699999999999,150.15600000000001,149.767,149.91999999999999,25389,0,0
2024-10-18 12:00:00,149.92099999999999,150.09800000000001,149.57900000000001,149.864,24429,0,0
2024-10-18 16:00:00,149.863,149.92400000000001,149.364,149.417,26127,0,0
2024-10-18 20:00:00,149.417,149.65299999999999,149.41200000000001,149.49700000000001,14683,0,0
2024-10-21 00:00:00,149.452,149.64400000000001,149.251,149.38300000000001,15516,0,0
2024-10-21 04:00:00,149.38399999999999,149.41,149.08699999999999,149.322,21944,0,0
2024-10-21 08:00:00,149.32300000000001,149.95099999999999,149.19900000000001,149.947,25349,0,0
2024-10-21 12:00:00,149.94800000000001,150.09100000000001,149.744,149.923,23763,0,0
2024-10-21 16:00:00,149.923,150.559,149.922,150.51499999999999,29185,0,0
2024-10-21 20:00:00,150.51499999999999,150.88499999999999,150.50299999999999,150.83000000000001,15598,0,0
2024-10-22 00:00:00,150.83000000000001,150.83000000000001,150.584,150.631,15251,0,0
2024-10-22 04:00:00,150.63200000000001,151.107,150.49299999999999,150.87299999999999,20754,0,0
2024-10-22 08:00:00,150.87100000000001,151.06200000000001,150.66200000000001,150.99000000000001,32467,0,0
2024-10-22 12:00:00,150.989,151.023,150.75,150.91200000000001,26817,0,0
2024-10-22 16:00:00,150.91300000000001,151.196,150.602,151.06100000000001,35712,0,0
2024-10-22 20:00:00,151.06100000000001,151.154,150.898,151.06800000000001,18476,0,0
2024-10-23 00:00:00,151.06800000000001,151.47900000000001,150.97900000000001,151.47,10014,0,0
2024-10-23 04:00:00,151.46899999999999,152.137,151.43700000000001,152.07400000000001,25326,0,0
2024-10-23 08:00:00,152.07300000000001,152.55500000000001,152.02099999999999,152.416,35907,0,0
2024-10-23 12:00:00,152.416,153.18600000000001,152.40600000000001,153.06700000000001,34154,0,0
2024-10-23 16:00:00,153.06800000000001,153.10599999999999,152.75899999999999,152.85599999999999,38305,0,0
2024-10-23 20:00:00,152.85599999999999,152.91,152.47,152.75,25460,0,0
2024-10-24 00:00:00,152.75,152.834,152.51599999999999,152.63999999999999,17022,0,0
2024-10-24 04:00:00,152.63900000000001,152.79300000000001,152.10499999999999,152.215,24891,0,0
2024-10-24 08:00:00,152.21600000000001,152.38499999999999,151.91900000000001,152.00800000000001,24190,0,0
2024-10-24 12:00:00,152.00700000000001,152.33000000000001,151.76599999999999,152.053,35961,0,0
2024-10-24 16:00:00,152.054,152.32900000000001,151.65899999999999,151.69,47415,0,0
2024-10-24 20:00:00,151.691,151.90299999999999,151.55199999999999,151.81999999999999,21287,0,0
2024-10-25 00:00:00,151.81999999999999,152.10599999999999,151.58099999999999,152.00800000000001,15010,0,0
2024-10-25 04:00:00,152.00800000000001,152.066,151.61099999999999,151.70599999999999,20312,0,0
2024-10-25 08:00:00,151.70599999999999,152.059,151.44900000000001,151.964,31908,0,0
2024-10-25 12:00:00,151.96299999999999,152.095,151.697,151.91999999999999,24440,0,0
2024-10-25 16:00:00,151.91999999999999,152.22999999999999,151.834,152.19800000000001,38157,0,0
2024-10-25 20:00:00,152.19800000000001,152.37799999999999,152.09299999999999,152.268,23276,0,0
2024-10-28 00:00:00,153.19200000000001,153.483,152.67099999999999,153.465,33891,0,0
2024-10-28 04:00:00,153.465,153.88,153.37799999999999,153.64500000000001,30925,0,0
2024-10-28 08:00:00,153.64500000000001,153.74700000000001,153.16200000000001,153.179,30363,0,0
2024-10-28 12:00:00,153.179,153.18899999999999,152.404,152.62200000000001,35809,0,0
2024-10-28 16:00:00,152.62299999999999,153.28200000000001,152.57900000000001,153.25899999999999,34463,0,0
2024-10-28 20:00:00,153.25999999999999,153.37200000000001,153.19800000000001,153.26300000000001,8670,0,0
2024-10-29 00:00:00,153.26599999999999,153.35499999999999,152.89400000000001,153.01900000000001,8073,0,0
2024-10-29 04:00:00,153.01900000000001,153.16399999999999,152.84999999999999,152.928,26590,0,0
2024-10-29 08:00:00,152.928,153.447,152.75399999999999,153.393,31599,0,0
2024-10-29 12:00:00,153.39400000000001,153.86600000000001,153.315,153.76599999999999,28448,0,0
2024-10-29 16:00:00,153.767,153.81100000000001,152.99000000000001,153.54900000000001,49746,0,0
2024-10-29 20:00:00,153.548,153.59700000000001,153.30799999999999,153.34999999999999,21060,0,0
2024-10-30 00:00:00,153.34999999999999,153.404,153.072,153.25200000000001,14060,0,0
2024-10-30 04:00:00,153.251,153.44,153.10599999999999,153.35900000000001,19229,0,0
2024-10-30 08:00:00,153.36000000000001,153.46600000000001,152.80000000000001,152.85300000000001,27725,0,0
2024-10-30 12:00:00,152.852,153.49600000000001,152.77799999999999,153.35599999999999,40772,0,0
2024-10-30 16:00:00,153.36000000000001,153.43100000000001,152.86699999999999,153.083,46532,0,0
2024-10-30 20:00:00,153.084,153.43199999999999,153.08199999999999,153.40299999999999,20798,0,0
2024-10-31 00:00:00,153.40299999999999,153.58099999999999,153.16,153.52799999999999,11361,0,0
2024-10-31 04:00:00,153.52799999999999,153.63200000000001,152.82400000000001,152.917,25255,0,0
2024-10-31 08:00:00,152.91800000000001,153.08600000000001,151.922,152.398,47960,0,0
2024-10-31 12:00:00,152.399,152.97900000000001,152.249,152.69399999999999,42544,0,0
2024-10-31 16:00:00,152.69499999999999,153.05000000000001,152.07900000000001,152.44300000000001,63054,0,0
2024-10-31 20:00:00,152.44200000000001,152.489,151.83099999999999,152.024,33527,0,0
2024-11-01 00:00:00,152.024,152.166,151.78800000000001,152.03299999999999,19012,0,0
2024-11-01 04:00:00,152.03299999999999,152.53999999999999,151.91800000000001,152.48500000000001,24212,0,0
2024-11-01 08:00:00,152.48400000000001,152.69399999999999,152.20099999999999,152.642,31107,0,0
2024-11-01 12:00:00,152.64099999999999,152.84700000000001,151.79300000000001,152.03999999999999,38862,0,0
2024-11-01 16:00:00,152.03800000000001,153.06999999999999,151.971,152.89400000000001,59327,0,0
2024-11-01 20:00:00,152.893,153.09200000000001,152.851,152.934,20754,0,0
2024-11-04 00:00:00,152.262,152.524,151.70400000000001,151.78999999999999,25809,0,0
2024-11-04 04:00:00,151.78999999999999,151.96899999999999,151.59700000000001,151.84899999999999,23488,0,0
2024-11-04 08:00:00,151.84999999999999,152.27600000000001,151.80000000000001,151.88399999999999,35511,0,0
2024-11-04 12:00:00,151.88300000000001,152.06399999999999,151.53299999999999,151.83000000000001,29570,0,0
2024-11-04 16:00:00,151.83000000000001,152.15899999999999,151.624,152.01300000000001,38164,0,0
2024-11-04 20:00:00,152.011,152.19800000000001,151.98400000000001,152.126,17051,0,0
2024-11-05 00:00:00,152.126,152.447,152.066,152.274,16077,0,0
2024-11-05 04:00:00,152.273,152.54599999999999,152.16499999999999,152.42599999999999,15161,0,0
2024-11-05 08:00:00,152.42699999999999,152.446,152.08500000000001,152.18700000000001,23344,0,0
2024-11-05 12:00:00,152.18600000000001,152.33699999999999,151.958,152.053,19392,0,0
2024-11-05 16:00:00,152.054,152.24199999999999,151.59399999999999,151.684,39505,0,0
2024-11-05 20:00:00,151.684,151.69800000000001,151.33500000000001,151.61099999999999,21971,0,0
2024-11-06 00:00:00,151.61099999999999,153.119,151.28100000000001,152.93000000000001,62041,0,0
2024-11-06 04:00:00,152.93100000000001,154.33600000000001,152.87200000000001,153.74799999999999,108864,0,0
2024-11-06 08:00:00,153.74700000000001,154.38300000000001,153.66300000000001,153.99299999999999,85689,0,0
2024-11-06 12:00:00,153.99199999999999,154.46000000000001,153.87200000000001,154.30000000000001,60430,0,0
2024-11-06 16:00:00,154.29900000000001,154.68199999999999,153.97900000000001,154.66399999999999,56653,0,0
2024-11-06 20:00:00,154.66499999999999,154.697,154.352,154.62299999999999,24020,0,0
2024-11-07 00:00:00,154.62299999999999,154.714,154.21600000000001,154.51300000000001,27330,0,0
2024-11-07 04:00:00,154.512,154.52600000000001,153.934,154.00999999999999,26495,0,0
2024-11-07 08:00:00,154.00999999999999,154.197,153.648,153.94900000000001,41890,0,0
2024-11-07 12:00:00,153.94900000000001,154.108,153.45099999999999,153.501,37055,0,0
2024-11-07 16:00:00,153.501,153.56,152.85300000000001,153.01499999999999,44833,0,0
2024-11-07 20:00:00,153.01499999999999,153.47,152.691,152.923,44556,0,0
2024-11-08 00:00:00,152.923,153.369,152.84200000000001,153.095,20671,0,0
2024-11-08 04:00:00,153.09399999999999,153.18700000000001,152.54900000000001,152.80600000000001,24763,0,0
2024-11-08 08:00:00,152.80500000000001,152.95599999999999,152.251,152.28200000000001,40632,0,0
2024-11-08 12:00:00,152.28100000000001,152.81999999999999,152.142,152.74299999999999,36478,0,0
2024-11-08 16:00:00,152.74299999999999,152.858,152.381,152.654,43383,0,0
2024-11-08 20:00:00,152.654,152.815,152.49299999999999,152.62799999999999,16794,0,0
2024-11-11 00:00:00,152.68000000000001,153.22200000000001,152.61500000000001,153.22,15890,0,0
2024-11-11 04:00:00,153.21899999999999,153.66999999999999,153.131,153.52699999999999,17527,0,0
2024-11-11 08:00:00,153.52600000000001,153.85499999999999,153.316,153.62100000000001,26443,0,0
2024-11-11 12:00:00,153.62100000000001,153.95400000000001,153.55199999999999,153.77099999999999,19407,0,0
2024-11-11 16:00:00,153.77000000000001,153.94900000000001,153.64400000000001,153.87700000000001,20346,0,0
2024-11-11 20:00:00,153.87799999999999,153.88,153.62799999999999,153.709,10048,0,0
2024-11-12 00:00:00,153.709,153.96700000000001,153.47499999999999,153.96199999999999,16919,0,0
2024-11-12 04:00:00,153.96000000000001,154.05799999999999,153.40799999999999,153.61099999999999,21273,0,0
2024-11-12 08:00:00,153.61199999999999,154.167,153.608,154.10900000000001,29840,0,0
2024-11-12 12:00:00,154.108,154.39699999999999,153.93199999999999,154.38300000000001,26580,0,0
2024-11-12 16:00:00,154.38300000000001,154.922,154.291,154.78399999999999,32332,0,0
2024-11-12 20:00:00,154.78399999999999,154.85599999999999,154.512,154.59899999999999,16279,0,0
2024-11-13 00:00:00,154.59899999999999,154.93899999999999,154.506,154.60300000000001,18825,0,0
2024-11-13 04:00:00,154.60300000000001,154.93600000000001,154.53899999999999,154.91399999999999,18003,0,0
2024-11-13 08:00:00,154.91200000000001,155.23699999999999,154.792,154.89599999999999,28826,0,0
2024-11-13 12:00:00,154.89599999999999,155.06800000000001,154.41399999999999,154.51400000000001,34694,0,0
2024-11-13 16:00:00,154.51300000000001,155.43299999999999,154.339,155.41200000000001,51864,0,0
2024-11-13 20:00:00,155.411,155.625,155.40100000000001,155.453,18794,0,0
2024-11-14 00:00:00,155.428,155.91999999999999,155.322,155.87,19686,0,0
2024-11-14 04:00:00,155.87,156.13800000000001,155.81100000000001,156.02000000000001,17114,0,0
2024-11-14 08:00:00,156.02000000000001,156.14599999999999,155.70099999999999,156.11000000000001,25346,0,0
2024-11-14 12:00:00,156.10900000000001,156.24299999999999,155.774,156.02199999999999,33663,0,0
2024-11-14 16:00:00,156.01900000000001,156.077,155.517,155.744,41433,0,0
2024-11-14 20:00:00,155.74199999999999,156.41999999999999,155.69499999999999,156.25399999999999,32462,0,0
2024-11-15 00:00:00,156.239,156.75,156.19399999999999,156.55000000000001,22318,0,0
2024-11-15 04:00:00,156.54900000000001,156.55699999999999,156.274,156.453,19378,0,0
2024-11-15 08:00:00,156.45400000000001,156.50399999999999,155.26300000000001,155.36699999999999,35978,0,0
2024-11-15 12:00:00,155.36600000000001,155.71899999999999,155.173,155.33099999999999,39799,0,0
2024-11-15 16:00:00,155.33099999999999,155.78100000000001,154.184,154.28299999999999,62030,0,0
2024-11-15 20:00:00,154.28399999999999,154.47399999999999,153.86199999999999,154.232,29592,0,0
2024-11-18 00:00:00,154.315,155.14599999999999,153.83500000000001,154.59899999999999,39700,0,0
2024-11-18 04:00:00,154.59899999999999,154.92400000000001,154.41399999999999,154.596,30905,0,0
2024-11-18 08:00:00,154.595,154.97200000000001,154.29599999999999,154.77600000000001,44360,0,0
2024-11-18 12:00:00,154.77699999999999,155.35599999999999,154.77600000000001,154.904,36008,0,0
2024-11-18 16:00:00,154.90299999999999,155.06999999999999,154.58099999999999,154.70099999999999,41475,0,0
2024-11-18 20:00:00,154.702,154.78999999999999,154.565,154.655,19564,0,0
2024-11-19 00:00:00,154.655,154.65700000000001,154.03899999999999,154.11500000000001,18602,0,0
2024-11-19 04:00:00,154.114,154.51900000000001,153.94999999999999,154.42599999999999,20850,0,0
2024-11-19 08:00:00,154.423,154.65600000000001,153.27699999999999,153.76400000000001,58085,0,0
2024-11-19 12:00:00,153.76400000000001,154.209,153.41,153.471,52010,0,0
2024-11-19 16:00:00,153.47200000000001,154.755,153.446,154.72200000000001,59231,0,0
2024-11-19 20:00:00,154.72300000000001,154.79900000000001,154.56399999999999,154.649,15881,0,0
2024-11-20 00:00:00,154.649,154.99100000000001,154.52000000000001,154.773,17931,0,0
2024-11-20 04:00:00,154.77199999999999,155.19,154.72399999999999,155.19,16873,0,0
2024-11-20 08:00:00,155.19,155.852,155.16,155.75800000000001,30338,0,0
2024-11-20 12:00:00,155.75700000000001,155.887,155.62799999999999,155.732,24737,0,0
2024-11-20 16:00:00,155.732,155.839,155.05500000000001,155.21799999999999,42635,0,0
2024-11-20 20:00:00,155.21799999999999,155.53899999999999,155.19800000000001,155.386,22014,0,0
2024-11-21 00:00:00,155.38300000000001,155.39500000000001,154.87899999999999,155.041,18301,0,0
2024-11-21 04:00:00,155.041,155.26499999999999,154.86199999999999,155.18799999999999,18034,0,0
2024-11-21 08:00:00,155.18899999999999,155.18899999999999,154.08600000000001,154.399,60202,0,0
2024-11-21 12:00:00,154.40000000000001,154.715,154.10400000000001,154.25299999999999,40572,0,0
2024-11-21 16:00:00,154.25299999999999,154.69399999999999,153.905,154.44300000000001,58334,0,0
2024-11-21 20:00:00,154.44300000000001,154.69999999999999,154.434,154.529,21096,0,0
2024-11-22 00:00:00,154.529,154.53,153.965,154.41399999999999,19398,0,0
2024-11-22 04:00:00,154.41399999999999,154.72999999999999,154.185,154.703,20898,0,0
2024-11-22 08:00:00,154.703,154.953,154.25,154.50299999999999,37245,0,0
2024-11-22 12:00:00,154.5,154.565,154.19,154.273,39271,0,0
2024-11-22 16:00:00,154.274,155.02199999999999,154.27199999999999,154.75700000000001,52438,0,0
2024-11-22 20:00:00,154.756,154.88900000000001,154.66200000000001,154.71600000000001,16262,0,0
2024-11-25 00:00:00,154.16800000000001,154.393,153.648,153.76900000000001,29511,0,0
2024-11-25 04:00:00,153.76900000000001,154.399,153.548,154.26499999999999,26187,0,0
2024-11-25 08:00:00,154.26400000000001,154.72300000000001,154.15100000000001,154.422,39922,0,0
2024-11-25 12:00:00,154.423,154.565,153.755,153.92599999999999,33769,0,0
2024-11-25 16:00:00,153.92599999999999,154.51900000000001,153.624,154.321,51574,0,0
2024-11-25 20:00:00,154.321,154.34200000000001,153.99299999999999,154.178,22658,0,0
2024-11-26 00:00:00,154.178,154.488,153.84,154.053,38819,0,0
2024-11-26 04:00:00,154.054,154.22300000000001,153.54400000000001,153.715,21804,0,0
2024-11-26 08:00:00,153.715,154.22,153.602,153.92500000000001,35179,0,0
2024-11-26 12:00:00,153.92500000000001,153.982,152.97999999999999,153.43199999999999,36073,0,0
2024-11-26 16:00:00,153.43100000000001,153.72300000000001,153.25399999999999,153.32599999999999,44115,0,0
2024-11-26 20:00:00,153.32599999999999,153.489,153.00899999999999,153.09200000000001,28123,0,0
2024-11-27 00:00:00,153.09200000000001,153.23400000000001,152.505,152.55199999999999,23444,0,0
2024-11-27 04:00:00,152.553,152.75200000000001,152.23599999999999,152.43899999999999,21622,0,0
2024-11-27 08:00:00,152.43799999999999,152.46600000000001,151.35300000000001,151.476,46752,0,0
2024-11-27 12:00:00,151.47399999999999,151.62899999999999,151.221,151.33199999999999,40532,0,0
2024-11-27 16:00:00,151.33099999999999,151.80600000000001,150.453,150.762,58368,0,0
2024-11-27 20:00:00,150.761,151.191,150.678,151.07400000000001,19578,0,0
2024-11-28 00:00:00,151.054,151.75,150.87,151.429,21639,0,0
2024-11-28 04:00:00,151.429,151.71799999999999,151.345,151.541,17338,0,0
2024-11-28 08:00:00,151.541,151.94800000000001,151.36000000000001,151.893,31832,0,0
2024-11-28 12:00:00,151.892,151.95500000000001,151.55600000000001,151.56700000000001,18699,0,0
2024-11-28 16:00:00,151.56800000000001,151.607,151.40199999999999,151.49100000000001,13901,0,0
2024-11-28 20:00:00,151.49199999999999,151.554,151.429,151.53200000000001,4726,2,0
2024-11-29 00:00:00,151.53200000000001,151.541,149.84999999999999,149.94,35656,0,0
2024-11-29 04:00:00,149.94,150.398,149.756,150.102,33516,0,0
2024-11-29 08:00:00,150.102,150.30500000000001,149.53100000000001,150.15899999999999,36450,0,0
2024-11-29 12:00:00,150.15799999999999,150.36600000000001,149.828,149.96700000000001,27729,0,0
2024-11-29 16:00:00,149.96700000000001,150.53,149.577,149.59399999999999,40923,0,0
2024-11-29 20:00:00,149.59800000000001,149.74600000000001,149.46199999999999,149.72999999999999,62393,2,0
2024-12-02 00:00:00,149.61500000000001,150.55600000000001,149.471,150.53299999999999,34556,0,0
2024-12-02 04:00:00,150.53399999999999,150.75200000000001,150.435,150.72499999999999,25637,0,0
2024-12-02 08:00:00,150.72399999999999,150.72900000000001,149.988,150.34399999999999,41703,0,0
2024-12-02 12:00:00,150.34299999999999,150.38900000000001,149.91800000000001,150.08000000000001,30452,0,0
2024-12-02 16:00:00,150.07900000000001,150.24000000000001,149.08099999999999,149.59800000000001,58148,0,0
2024-12-02 20:00:00,149.59899999999999,149.791,149.22499999999999,149.584,26299,0,0
2024-12-03 00:00:00,149.584,149.971,149.494,149.87200000000001,22727,0,0
2024-12-03 04:00:00,149.87200000000001,150.238,149.78800000000001,150.02600000000001,20252,0,0
2024-12-03 08:00:00,150.02699999999999,150.185,149.77500000000001,149.815,31254,0,0
2024-12-03 12:00:00,149.815,150.10900000000001,148.798,148.85499999999999,28751,0,0
2024-12-03 16:00:00,148.85300000000001,149.52099999999999,148.64400000000001,149.208,59712,0,0
2024-12-03 20:00:00,149.209,149.63399999999999,148.964,149.59100000000001,19834,0,0
2024-12-04 00:00:00,149.59200000000001,150.077,149.52199999999999,149.92699999999999,19983,0,0
2024-12-04 04:00:00,149.928,150.17099999999999,149.624,150.09899999999999,29103,0,0
2024-12-04 08:00:00,150.09899999999999,150.78,149.86000000000001,150.625,37553,0,0
2024-12-04 12:00:00,150.624,151.22999999999999,150.61500000000001,151.078,36790,0,0
2024-12-04 16:00:00,151.077,151.13200000000001,149.994,150.16800000000001,46202,0,0
2024-12-04 20:00:00,150.16900000000001,150.672,150.03800000000001,150.54900000000001,24695,0,0
2024-12-05 00:00:00,150.54900000000001,150.77600000000001,150.18299999999999,150.541,20093,0,0
2024-12-05 04:00:00,150.53800000000001,150.566,149.78399999999999,149.935,20955,0,0
2024-12-05 08:00:00,149.935,150.31399999999999,149.654,150.30799999999999,31621,0,0
2024-12-05 12:00:00,150.309,150.697,150.041,150.60599999999999,33072,0,0
2024-12-05 16:00:00,150.607,150.61699999999999,150.06999999999999,150.13300000000001,38870,0,0
2024-12-05 20:00:00,150.13399999999999,150.34700000000001,149.92099999999999,150.05799999999999,14754,0,0
2024-12-06 00:00:00,150.05799999999999,150.27600000000001,149.86199999999999,150.04499999999999,17705,0,0
2024-12-06 04:00:00,150.04499999999999,150.066,149.767,149.93600000000001,15958,0,0
2024-12-06 08:00:00,149.93600000000001,150.60499999999999,149.77000000000001,150.57400000000001,24682,0,0
2024-12-06 12:00:00,150.57300000000001,150.697,149.649,149.66,35336,0,0
2024-12-06 16:00:00,149.661,150.11699999999999,149.36199999999999,149.96600000000001,53811,0,0
2024-12-06 20:00:00,149.96100000000001,150.13300000000001,149.881,149.94999999999999,14544,0,0
2024-12-09 00:00:00,149.99799999999999,150.05500000000001,149.691,149.91300000000001,17449,0,0
2024-12-09 04:00:00,149.91200000000001,150.03700000000001,149.84200000000001,149.96799999999999,16512,0,0
2024-12-09 08:00:00,149.96899999999999,150.52199999999999,149.94200000000001,150.41800000000001,27663,0,0
2024-12-09 12:00:00,150.41499999999999,150.95099999999999,150.35300000000001,150.874,21746,0,0
2024-12-09 16:00:00,150.875,151.34700000000001,150.69800000000001,151.32599999999999,27485,0,0
2024-12-09 20:00:00,151.328,151.33600000000001,151.13499999999999,151.18899999999999,12229,0,0
2024-12-10 00:00:00,151.19,151.55099999999999,151.143,151.315,16544,0,0
2024-12-10 04:00:00,151.31399999999999,151.31399999999999,150.89599999999999,150.93799999999999,21505,0,0
2024-12-10 08:00:00,150.93899999999999,151.78399999999999,150.90000000000001,151.596,30050,0,0
2024-12-10 12:00:00,151.596,151.83699999999999,151.47,151.67500000000001,23144,0,0
2024-12-10 16:00:00,151.67500000000001,152.18100000000001,151.58799999999999,152.113,30487,0,0
2024-12-10 20:00:00,152.113,152.12299999999999,151.83099999999999,151.935,13980,0,0
2024-12-11 00:00:00,151.91499999999999,151.94999999999999,151.69399999999999,151.70599999999999,12415,0,0
2024-12-11 04:00:00,151.70599999999999,151.76400000000001,151.417,151.75,13639,0,0
2024-12-11 08:00:00,151.751,152.727,151.006,152.679,42138,0,0
2024-12-11 12:00:00,152.68000000000001,152.85400000000001,152.05099999999999,152.297,39333,0,0
2024-12-11 16:00:00,152.298,152.55699999999999,151.91800000000001,152.49299999999999,42744,0,0
2024-12-11 20:00:00,152.494,152.721,152.315,152.43799999999999,17381,0,0
2024-12-12 00:00:00,152.43799999999999,152.45599999999999,151.94999999999999,151.97999999999999,16226,0,0
2024-12-12 04:00:00,151.97900000000001,152.608,151.953,152.495,17800,0,0
2024-12-12 08:00:00,152.49600000000001,152.77500000000001,152.26599999999999,152.52500000000001,33004,0,0
2024-12-12 12:00:00,152.52500000000001,152.53999999999999,151.79900000000001,152.03,35347,0,0
2024-12-12 16:00:00,152.03,152.40000000000001,151.87299999999999,152.26499999999999,46905,0,0
2024-12-12 20:00:00,152.26499999999999,152.68600000000001,152.238,152.619,17359,0,0
2024-12-13 00:00:00,152.619,152.95699999999999,152.452,152.768,17580,0,0
2024-12-13 04:00:00,152.768,153.089,152.642,152.89400000000001,15709,0,0
2024-12-13 08:00:00,152.89500000000001,153.47999999999999,152.67099999999999,153.41,25672,0,0
2024-12-13 12:00:00,153.41,153.666,153.25999999999999,153.304,24001,0,0
2024-12-13 16:00:00,153.303,153.80000000000001,153.30099999999999,153.68799999999999,24893,0,0
2024-12-13 20:00:00,153.68899999999999,153.745,153.56999999999999,153.56999999999999,10527,0,0
2024-12-16 00:00:00,153.60900000000001,153.93700000000001,153.31899999999999,153.91,17103,0,0
2024-12-16 04:00:00,153.90799999999999,153.97399999999999,153.60400000000001,153.66300000000001,12091,0,0
2024-12-16 08:00:00,153.66399999999999,153.82900000000001,153.43899999999999,153.803,24454,0,0
2024-12-16 12:00:00,153.803,154.102,153.65000000000001,154.02500000000001,17426,0,0
2024-12-16 16:00:00,154.02600000000001,154.47900000000001,154.012,154.15000000000001,27646,0,0
2024-12-16 20:00:00,154.15000000000001,154.21700000000001,154.00800000000001,154.10300000000001,9340,0,0
2024-12-17 00:00:00,154.10300000000001,154.345,153.97200000000001,154.09700000000001,13835,0,0
2024-12-17 04:00:00,154.09800000000001,154.25800000000001,153.80199999999999,154.13300000000001,16640,0,0
2024-12-17 08:00:00,154.13399999999999,154.17400000000001,153.709,153.792,25967,0,0
2024-12-17 12:00:00,153.78899999999999,154,153.655,153.77500000000001,25935,0,0
2024-12-17 16:00:00,153.77500000000001,153.77600000000001,153.244,153.27199999999999,35214,0,0
2024-12-17 20:00:00,153.273,153.59399999999999,153.161,153.40700000000001,15042,0,0
2024-12-18 00:00:00,153.40700000000001,153.78700000000001,153.38,153.59200000000001,12517,0,0
2024-12-18 04:00:00,153.589,153.74799999999999,153.33500000000001,153.35499999999999,13381,0,0
2024-12-18 08:00:00,153.35400000000001,153.74199999999999,153.334,153.63300000000001,19857,0,0
2024-12-18 12:00:00,153.63300000000001,153.952,153.55099999999999,153.84999999999999,18472,0,0
2024-12-18 16:00:00,153.84899999999999,154.089,153.68000000000001,153.82499999999999,25867,0,0
2024-12-18 20:00:00,153.82499999999999,154.86600000000001,153.714,154.749,55513,0,0
2024-12-19 00:00:00,154.749,154.89400000000001,154.43299999999999,154.648,23898,0,0
2024-12-19 04:00:00,154.63300000000001,155.47399999999999,154.46199999999999,155.227,25969,0,0
2024-12-19 08:00:00,155.227,157.14699999999999,154.91300000000001,157.041,59719,0,0
2024-12-19 12:00:00,157.03999999999999,157.06399999999999,156.39599999999999,156.91,40641,0,0
2024-12-19 16:00:00,156.91,157.80799999999999,156.874,157.697,48787,0,0
2024-12-19 20:00:00,157.696,157.73099999999999,157.30799999999999,157.41499999999999,22217,0,0
2024-12-20 00:00:00,157.41499999999999,157.92699999999999,157.143,157.279,27842,0,0
2024-12-20 04:00:00,157.27699999999999,157.37700000000001,156.833,157.036,30211,0,0
2024-12-20 08:00:00,157.036,157.13200000000001,156.62299999999999,156.72,39039,0,0
2024-12-20 12:00:00,156.71899999999999,156.84299999999999,156.34999999999999,156.51900000000001,31725,0,0
2024-12-20 16:00:00,156.518,156.77699999999999,155.953,156.07599999999999,50562,0,0
2024-12-20 20:00:00,156.07599999999999,156.46899999999999,155.97800000000001,156.40000000000001,20171,0,0
2024-12-23 00:00:00,156.33199999999999,156.69200000000001,156.31700000000001,156.458,17037,0,0
2024-12-23 04:00:00,156.45400000000001,156.661,156.33699999999999,156.64500000000001,13873,0,0
2024-12-23 08:00:00,156.64599999999999,156.81200000000001,156.46199999999999,156.69800000000001,19470,0,0
2024-12-23 12:00:00,156.697,157.25800000000001,156.65600000000001,157.21299999999999,20344,0,0
2024-12-23 16:00:00,157.21100000000001,157.26900000000001,156.97999999999999,157.16200000000001,24390,0,0
2024-12-23 20:00:00,157.161,157.20699999999999,157.048,157.09100000000001,13583,0,0
2024-12-24 00:00:00,157.08600000000001,157.392,157.05600000000001,157.131,12129,0,0
2024-12-24 04:00:00,157.13200000000001,157.179,156.88999999999999,157.006,10823,0,0
2024-12-24 08:00:00,157.00200000000001,157.18000000000001,156.90700000000001,157.09,13147,0,0
2024-12-24 12:00:00,157.09,157.19499999999999,157.023,157.191,10455,0,0
2024-12-24 16:00:00,157.19200000000001,157.38,157.18000000000001,157.31,15964,0,0
2024-12-24 20:00:00,157.309,157.38,157.09999999999999,157.09999999999999,6482,0,0
2024-12-26 00:00:00,157.13499999999999,157.47900000000001,157.07300000000001,157.422,11571,0,0
2024-12-26 04:00:00,157.41800000000001,157.47800000000001,157.30600000000001,157.34800000000001,8481,0,0
2024-12-26 08:00:00,157.34700000000001,157.46199999999999,157.309,157.429,14272,0,0
2024-12-26 12:00:00,157.43000000000001,157.84200000000001,157.40000000000001,157.83500000000001,11597,0,0
2024-12-26 16:00:00,157.83600000000001,158.08500000000001,157.82900000000001,158.041,18975,0,0
2024-12-26 20:00:00,158.04300000000001,158.06800000000001,157.86699999999999,157.96299999999999,13142,0,0
2024-12-27 00:00:00,157.96299999999999,157.99100000000001,157.65700000000001,157.74199999999999,13525,0,0
2024-12-27 04:00:00,157.74600000000001,157.77199999999999,157.50700000000001,157.761,11169,0,0
2024-12-27 08:00:00,157.761,157.917,157.66200000000001,157.88,15088,0,0
2024-12-27 12:00:00,157.881,157.881,157.58099999999999,157.79300000000001,15884,0,0
2024-12-27 16:00:00,157.792,157.893,157.351,157.82499999999999,26192,0,0
2024-12-27 20:00:00,157.82400000000001,157.94300000000001,157.756,157.798,11521,0,0
2024-12-30 00:00:00,157.727,157.98699999999999,157.65700000000001,157.797,8361,0,0
2024-12-30 04:00:00,157.785,157.95599999999999,157.69800000000001,157.85599999999999,6494,0,0
2024-12-30 08:00:00,157.85900000000001,158.06800000000001,157.80699999999999,157.875,16403,0,0
2024-12-30 12:00:00,157.875,157.881,157.45099999999999,157.459,20721,0,0
2024-12-30 16:00:00,157.459,157.55199999999999,156.66800000000001,157.14500000000001,41607,0,0
2024-12-30 20:00:00,157.14599999999999,157.149,156.76300000000001,156.82499999999999,13709,0,0
2024-12-31 00:00:00,156.82499999999999,157.06700000000001,156.36500000000001,156.44300000000001,11023,0,0
2024-12-31 04:00:00,156.44399999999999,156.50999999999999,156.13499999999999,156.23599999999999,12377,0,0
2024-12-31 08:00:00,156.23599999999999,156.673,156.02199999999999,156.64099999999999,18006,0,0
2024-12-31 12:00:00,156.642,157.08799999999999,156.554,157.011,24012,0,0
2024-12-31 16:00:00,157.00999999999999,157.548,156.68199999999999,157.36000000000001,40472,0,0
2024-12-31 20:00:00,157.36799999999999,157.393,157.13800000000001,157.19300000000001,11308,0,0
2025-01-02 00:00:00,157.15199999999999,157.77699999999999,157.15000000000001,157.511,16067,0,0
2025-01-02 04:00:00,157.511,157.512,156.977,157.209,10457,0,0
2025-01-02 08:00:00,157.21000000000001,157.21299999999999,156.434,156.79400000000001,26636,0,0
2025-01-02 12:00:00,156.798,157.28800000000001,156.71799999999999,156.828,26889,0,0
2025-01-02 16:00:00,156.828,157.84999999999999,156.636,157.56899999999999,38817,0,0
2025-01-02 20:00:00,157.56899999999999,157.67699999999999,157.45500000000001,157.47399999999999,12479,0,0
2025-01-03 00:00:00,157.47399999999999,157.56800000000001,157.173,157.279,11217,0,0
2025-01-03 04:00:00,157.27799999999999,157.459,157.18199999999999,157.30199999999999,10922,0,0
2025-01-03 08:00:00,157.30199999999999,157.42599999999999,157.03999999999999,157.256,18374,0,0
2025-01-03 12:00:00,157.256,157.392,157.02199999999999,157.18199999999999,16900,0,0
2025-01-03 16:00:00,157.18199999999999,157.49600000000001,156.87299999999999,157.16800000000001,22389,0,0
2025-01-03 20:00:00,157.16800000000001,157.375,157.10599999999999,157.238,6969,0,0
2025-01-06 00:00:00,157.15199999999999,157.83000000000001,157.15199999999999,157.61699999999999,14199,0,0
2025-01-06 04:00:00,157.61699999999999,157.80500000000001,157.566,157.78,11960,0,0
2025-01-06 08:00:00,157.78,157.792,157.53200000000001,157.73699999999999,16089,0,0
2025-01-06 12:00:00,157.738,157.96299999999999,156.238,156.613,38448,0,0
2025-01-06 16:00:00,156.613,157.65899999999999,156.465,157.511,34143,0,0
2025-01-06 20:00:00,157.512,157.66999999999999,157.435,157.535,11222,0,0
2025-01-07 00:00:00,157.53700000000001,158.41499999999999,157.477,158.31200000000001,16718,0,0
2025-01-07 04:00:00,158.31200000000001,158.31800000000001,157.78700000000001,157.864,13359,0,0
2025-01-07 08:00:00,157.864,157.864,157.364,157.607,26843,0,0
2025-01-07 12:00:00,157.607,157.84999999999999,157.56299999999999,157.673,18428,0,0
2025-01-07 16:00:00,157.66999999999999,158.42599999999999,157.535,157.696,38887,0,0
2025-01-07 20:00:00,157.696,158.09200000000001,157.58500000000001,158.05199999999999,13103,0,0
2025-01-08 00:00:00,158.05199999999999,158.24299999999999,157.90199999999999,157.97200000000001,14118,0,0
2025-01-08 04:00:00,157.97200000000001,158.27099999999999,157.93199999999999,158.17599999999999,10779,0,0
2025-01-08 08:00:00,158.17599999999999,158.28399999999999,157.92699999999999,158.161,18391,0,0
2025-01-08 12:00:00,158.161,158.55500000000001,158.14599999999999,158.22200000000001,28905,0,0
2025-01-08 16:00:00,158.22200000000001,158.49799999999999,158.14500000000001,158.38999999999999,28118,0,0
2025-01-08 20:00:00,158.38999999999999,158.52199999999999,158.273,158.34200000000001,15174,0,0
2025-01-09 00:00:00,158.34299999999999,158.398,158.07300000000001,158.11199999999999,10071,0,0
2025-01-09 04:00:00,158.11199999999999,158.14599999999999,157.76400000000001,158.06,11673,0,0
2025-01-09 08:00:00,158.059,158.286,158.011,158.083,18376,0,0
2025-01-09 12:00:00,158.083,158.101,157.57400000000001,157.65899999999999,17479,0,0
2025-01-09 16:00:00,157.65899999999999,158.136,157.654,158.108,16084,0,0
2025-01-09 20:00:00,158.108,158.16399999999999,158.059,158.11099999999999,5282,0,0
2025-01-10 00:00:00,158.11099999999999,158.22900000000001,157.934,158.12799999999999,12973,0,0
2025-01-10 04:00:00,158.12799999999999,158.423,158.10400000000001,158.411,10190,0,0
2025-01-10 08:00:00,158.411,158.44499999999999,157.62200000000001,157.934,23051,0,0
2025-01-10 12:00:00,157.934,158.87899999999999,157.86199999999999,158.55099999999999,27815,0,0
2025-01-10 16:00:00,158.55099999999999,158.655,157.22800000000001,157.67099999999999,50957,0,0
2025-01-10 20:00:00,157.67099999999999,157.98500000000001,157.631,157.66999999999999,12465,0,0
2025-01-13 00:00:00,157.715,157.96600000000001,157.26900000000001,157.44800000000001,12278,0,0
2025-01-13 04:00:00,157.44800000000001,157.65100000000001,157.28200000000001,157.40899999999999,13598,0,0
2025-01-13 08:00:00,157.40899999999999,157.66999999999999,157.03700000000001,157.11099999999999,27951,0,0
2025-01-13 12:00:00,157.11199999999999,157.47,156.91200000000001,157.20099999999999,24736,0,0
2025-01-13 16:00:00,157.19800000000001,157.78700000000001,157.10300000000001,157.33000000000001,27530,0,0
2025-01-13 20:00:00,157.32900000000001,157.81899999999999,157.29499999999999,157.46799999999999,11506,0,0
2025-01-14 00:00:00,157.46799999999999,158.03399999999999,157.03899999999999,157.43600000000001,20772,0,0
2025-01-14 04:00:00,157.43600000000001,157.75200000000001,157.358,157.584,14465,0,0
2025-01-14 08:00:00,157.584,158.02799999999999,157.298,157.94200000000001,24896,0,0
2025-01-14 12:00:00,157.941,158.13200000000001,157.40299999999999,157.768,23905,0,0
2025-01-14 16:00:00,157.77600000000001,158.196,157.624,158.13300000000001,33694,0,0
2025-01-14 20:00:00,158.13300000000001,158.14099999999999,157.86799999999999,157.96100000000001,10067,0,0
2025-01-15 00:00:00,157.96100000000001,158.08199999999999,157.828,157.90199999999999,10406,0,0
2025-01-15 04:00:00,157.90199999999999,157.97300000000001,157.191,157.321,14401,0,0
2025-01-15 08:00:00,157.321,157.446,156.708,156.86699999999999,24646,0,0
2025-01-15 12:00:00,156.86699999999999,157.09399999999999,156.249,156.39400000000001,26634,0,0
2025-01-15 16:00:00,156.39599999999999,156.73599999999999,155.93199999999999,156.54900000000001,38805,0,0
2025-01-15 20:00:00,156.54900000000001,156.57400000000001,156.386,156.465,10281,0,0
2025-01-16 00:00:00,156.465,156.52699999999999,155.48099999999999,155.55500000000001,16803,0,0
2025-01-16 04:00:00,155.554,156.12,155.20599999999999,156.11600000000001,20070,0,0
2025-01-16 08:00:00,156.11600000000001,156.31200000000001,155.61099999999999,155.68299999999999,20447,0,0
2025-01-16 12:00:00,155.68299999999999,156.36500000000001,155.63200000000001,155.90700000000001,22185,0,0
2025-01-16 16:00:00,155.90700000000001,156.19499999999999,155.10499999999999,155.26900000000001,41515,0,0
2025-01-16 20:00:00,155.26900000000001,155.386,155.09299999999999,155.09299999999999,11082,0,0
2025-01-17 00:00:00,155.13300000000001,155.48500000000001,154.97499999999999,155.21299999999999,13740,0,0
2025-01-17 04:00:00,155.214,155.68799999999999,155.16,155.56399999999999,12059,0,0
2025-01-17 08:00:00,155.56399999999999,155.84800000000001,155.40899999999999,155.73599999999999,18409,0,0
2025-01-17 12:00:00,155.73699999999999,155.80500000000001,155.55600000000001,155.68700000000001,18249,0,0
2025-01-17 16:00:00,155.68700000000001,156.374,155.654,156.25899999999999,33490,0,0
2025-01-17 20:00:00,156.25899999999999,156.31100000000001,156.10599999999999,156.22999999999999,9552,0,0
2025-01-20 00:00:00,156.21299999999999,156.58500000000001,155.86600000000001,155.92500000000001,12555,0,0
2025-01-20 04:00:00,155.92500000000001,156.06399999999999,155.709,156.06,10520,0,0
2025-01-20 08:00:00,156.06,156.363,155.947,156.28299999999999,15547,0,0
2025-01-20 12:00:00,156.28299999999999,156.476,155.71799999999999,155.72300000000001,23380,0,0
2025-01-20 16:00:00,155.72300000000001,156.065,155.411,155.827,41204,0,0
2025-01-20 20:00:00,155.827,155.90100000000001,155.49100000000001,155.57400000000001,19359,0,0
2025-01-21 00:00:00,155.57400000000001,156.23500000000001,154.898,155.54599999999999,34595,0,0
2025-01-21 04:00:00,155.54599999999999,155.58099999999999,154.77000000000001,155.31200000000001,26094,0,0
2025-01-21 08:00:00,155.31200000000001,155.958,155.31200000000001,155.899,24540,0,0
2025-01-21 12:00:00,155.899,156.053,155.45599999999999,155.489,21838,0,0
2025-01-21 16:00:00,155.489,155.73400000000001,155.25200000000001,155.577,34543,0,0
2025-01-21 20:00:00,155.57599999999999,155.596,155.42599999999999,155.46299999999999,10028,0,0
2025-01-22 00:00:00,155.46299999999999,155.83500000000001,155.35300000000001,155.68600000000001,18540,0,0
2025-01-22 04:00:00,155.68600000000001,155.96000000000001,155.631,155.83099999999999,12147,0,0
2025-01-22 08:00:00,155.83099999999999,156.114,155.548,155.67099999999999,23032,0,0
2025-01-22 12:00:00,155.67099999999999,156.05199999999999,155.63200000000001,155.892,18167,0,0
2025-01-22 16:00:00,155.892,156.709,155.81299999999999,156.61600000000001,27340,0,0
2025-01-22 20:00:00,156.61500000000001,156.62899999999999,156.44399999999999,156.476,10182,0,0
2025-01-23 00:00:00,156.477,156.56299999999999,156.285,156.55199999999999,11446,0,0
2025-01-23 04:00:00,156.55199999999999,156.75399999999999,156.44999999999999,156.703,11790,0,0
2025-01-23 08:00:00,156.703,156.72399999999999,156.352,156.37899999999999,20051,0,0
2025-01-23 12:00:00,156.37899999999999,156.59700000000001,156.10300000000001,156.20699999999999,20701,0,0
2025-01-23 16:00:00,156.20599999999999,156.47499999999999,155.86199999999999,155.917,34287,0,0
2025-01-23 20:00:00,155.917,156.06700000000001,155.74299999999999,156.05199999999999,10964,0,0
2025-01-24 00:00:00,156.05199999999999,156.35599999999999,155.95500000000001,156.309,11172,0,0
2025-01-24 04:00:00,156.309,156.41399999999999,155.00399999999999,155.358,33585,0,0
2025-01-24 08:00:00,155.35499999999999,155.745,154.84200000000001,155.58600000000001,44002,0,0
2025-01-24 12:00:00,155.58500000000001,156.578,155.54900000000001,156.32300000000001,27307,0,0
2025-01-24 16:00:00,156.32400000000001,156.48699999999999,155.51499999999999,155.745,33710,0,0
2025-01-24 20:00:00,155.745,156.024,155.72499999999999,155.97900000000001,9406,0,0
2025-01-27 00:00:00,156.00200000000001,156.00200000000001,155.28800000000001,155.48500000000001,19281,0,0
2025-01-27 04:00:00,155.48500000000001,156.09700000000001,155.41300000000001,156.06399999999999,15765,0,0
2025-01-27 08:00:00,156.06399999999999,156.24700000000001,154.46700000000001,154.60300000000001,37042,0,0
2025-01-27 12:00:00,154.60300000000001,154.60300000000001,153.71199999999999,154.203,51051,0,0
2025-01-27 16:00:00,154.208,154.68299999999999,153.95400000000001,154.29499999999999,41119,0,0
2025-01-27 20:00:00,154.29499999999999,154.72399999999999,154.22399999999999,154.50299999999999,17256,0,0
2025-01-28 00:00:00,154.495,155.642,154.458,155.488,26989,0,0
2025-01-28 04:00:00,155.489,155.947,155.40000000000001,155.70099999999999,21078,0,0
2025-01-28 08:00:00,155.70099999999999,155.977,155.25200000000001,155.44800000000001,29041,0,0
2025-01-28 12:00:00,155.44800000000001,155.565,155.20699999999999,155.489,21377,0,0
2025-01-28 16:00:00,155.489,155.75899999999999,155.047,155.60599999999999,29502,0,0
2025-01-28 20:00:00,155.60400000000001,155.72800000000001,155.48599999999999,155.48599999999999,12404,0,0
2025-01-29 00:00:00,155.48599999999999,155.78999999999999,155.43000000000001,155.71299999999999,10003,0,0
2025-01-29 04:00:00,155.71299999999999,155.78100000000001,155.00200000000001,155.01400000000001,13095,0,0
2025-01-29 08:00:00,155.01400000000001,155.40600000000001,155,155.34299999999999,24562,0,0
2025-01-29 12:00:00,155.34299999999999,155.524,155.25299999999999,155.423,21404,0,0
2025-01-29 16:00:00,155.42099999999999,155.441,154.93899999999999,155.059,28239,0,0
2025-01-29 20:00:00,155.05799999999999,155.61000000000001,155,155.21299999999999,34391,0,0
2025-01-30 00:00:00,155.22200000000001,155.245,154.459,154.642,20745,0,0
2025-01-30 04:00:00,154.643,154.68100000000001,154.28200000000001,154.48400000000001,18714,0,0
2025-01-30 08:00:00,154.48400000000001,154.73599999999999,154.316,154.44900000000001,24668,0,0
2025-01-30 12:00:00,154.44999999999999,154.60400000000001,153.83199999999999,153.90700000000001,29216,0,0
2025-01-30 16:00:00,153.90799999999999,154.477,153.78800000000001,154.297,37111,0,0
2025-01-30 20:00:00,154.29599999999999,154.49600000000001,153.995,154.291,21032,0,0
2025-01-31 00:00:00,154.291,154.50200000000001,153.91200000000001,154.09299999999999,18505,0,0
2025-01-31 04:00:00,154.09299999999999,154.88,153.93299999999999,154.71600000000001,19296,0,0
2025-01-31 08:00:00,154.71700000000001,154.93299999999999,154.48400000000001,154.71600000000001,27889,0,0
2025-01-31 12:00:00,154.71600000000001,155.023,154.607,154.79900000000001,21975,0,0
2025-01-31 16:00:00,154.79900000000001,155.005,154.52500000000001,154.76499999999999,38596,0,0
2025-01-31 20:00:00,154.76499999999999,155.221,154.75800000000001,155.15700000000001,26422,0,0
2025-02-03 00:00:00,154.82300000000001,155.88300000000001,154.76900000000001,155.70699999999999,40459,0,0
2025-02-03 04:00:00,155.70699999999999,155.876,155.46299999999999,155.57599999999999,25628,0,0
2025-02-03 08:00:00,155.57599999999999,155.714,155.001,155.001,36441,0,0
2025-02-03 12:00:00,155.00299999999999,155.13,154.28800000000001,154.65000000000001,35090,0,0
2025-02-03 16:00:00,154.649,154.86799999999999,154.00899999999999,154.65299999999999,63011,0,0
2025-02-03 20:00:00,154.65199999999999,155.012,154.53399999999999,154.744,23715,0,0
2025-02-04 00:00:00,154.744,155.41,154.69200000000001,155.11000000000001,20020,0,0
2025-02-04 04:00:00,155.11000000000001,155.33199999999999,154.82599999999999,155.249,21395,0,0
2025-02-04 08:00:00,155.249,155.52500000000001,155.066,155.33799999999999,28267,0,0
2025-02-04 12:00:00,155.339,155.398,155.14500000000001,155.261,20541,0,0
2025-02-04 16:00:00,155.25999999999999,155.26599999999999,154.25200000000001,154.27000000000001,40186,0,0
2025-02-04 20:00:00,154.27000000000001,154.34100000000001,154.172,154.33199999999999,14377,0,0
2025-02-05 00:00:00,154.33199999999999,154.46199999999999,153.46600000000001,153.608,24790,0,0
2025-02-05 04:00:00,153.59899999999999,153.643,153.089,153.42400000000001,24664,0,0
2025-02-05 08:00:00,153.42099999999999,153.452,152.643,152.84200000000001,30515,0,0
2025-02-05 12:00:00,152.84200000000001,153.11099999999999,152.553,153.047,29621,0,0
2025-02-05 16:00:00,153.04599999999999,153.20699999999999,152.114,152.292,43770,0,0
2025-02-05 20:00:00,152.291,152.768,152.24700000000001,152.59899999999999,15755,0,0
2025-02-06 00:00:00,152.59899999999999,152.75200000000001,151.80799999999999,152.024,18552,0,0
2025-02-06 04:00:00,152.024,152.518,151.934,152.41999999999999,18521,0,0
2025-02-06 08:00:00,152.41999999999999,152.89500000000001,152.40199999999999,152.66200000000001,26047,0,0
2025-02-06 12:00:00,152.66200000000001,152.68299999999999,152.05500000000001,152.08199999999999,31907,0,0
2025-02-06 16:00:00,152.08199999999999,152.215,151.65899999999999,151.87200000000001,36764,0,0
2025-02-06 20:00:00,151.87200000000001,151.88399999999999,151.238,151.352,17959,0,0
2025-02-07 00:00:00,151.352,151.66200000000001,150.95599999999999,151.57499999999999,19144,0,0
2025-02-07 04:00:00,151.57900000000001,151.78899999999999,151.447,151.721,15934,0,0
2025-02-07 08:00:00,151.721,151.893,151.59299999999999,151.82499999999999,21947,0,0
2025-02-07 12:00:00,151.82400000000001,152.43000000000001,151.334,151.95099999999999,30765,0,0
2025-02-07 16:00:00,151.94999999999999,152.00299999999999,150.928,151.66499999999999,64004,0,0
2025-02-07 20:00:00,151.66499999999999,151.738,151.20099999999999,151.38499999999999,19457,0,0
2025-02-10 00:00:00,151.28700000000001,152.13999999999999,151.184,152.00999999999999,20545,0,0
2025-02-10 04:00:00,152.00999999999999,152.21100000000001,151.82400000000001,151.952,14372,0,0
2025-02-10 08:00:00,151.952,152.53800000000001,151.76900000000001,152.19399999999999,26594,0,0
2025-02-10 12:00:00,152.19399999999999,152.30500000000001,151.80699999999999,151.86699999999999,22896,0,0
2025-02-10 16:00:00,151.86500000000001,151.91800000000001,151.571,151.86600000000001,25719,0,0
2025-02-10 20:00:00,151.86600000000001,152.07300000000001,151.86000000000001,151.99100000000001,13084,0,0
2025-02-11 00:00:00,151.99100000000001,152.06200000000001,151.68299999999999,152.018,10825,0,0
2025-02-11 04:00:00,152.018,152.04900000000001,151.91800000000001,151.95099999999999,9166,0,0
2025-02-11 08:00:00,151.95099999999999,152.09899999999999,151.648,151.94499999999999,21479,0,0
2025-02-11 12:00:00,151.94499999999999,152.511,151.941,152.30600000000001,21900,0,0
2025-02-11 16:00:00,152.30600000000001,152.596,152.23099999999999,152.37,32698,0,0
2025-02-11 20:00:00,152.37,152.60599999999999,152.28999999999999,152.48099999999999,15961,0,0
2025-02-12 00:00:00,152.48099999999999,153.49000000000001,152.36199999999999,153.476,18108,0,0
2025-02-12 04:00:00,153.477,153.73699999999999,153.36099999999999,153.53899999999999,20473,0,0
2025-02-12 08:00:00,153.53800000000001,153.88499999999999,153.41399999999999,153.517,24589,0,0
2025-02-12 12:00:00,153.517,154.45500000000001,153.239,154.41900000000001,29615,0,0
2025-02-12 16:00:00,154.41800000000001,154.803,154.14099999999999,154.35499999999999,42774,0,0
2025-02-12 20:00:00,154.351,154.495,154.285,154.40799999999999,15095,0,0
2025-02-13 00:00:00,154.40799999999999,154.66900000000001,154.12200000000001,154.25899999999999,16167,0,0
2025-02-13 04:00:00,154.25899999999999,154.49199999999999,154.13300000000001,154.16900000000001,19799,0,0
2025-02-13 08:00:00,154.16900000000001,154.34200000000001,153.898,153.98099999999999,28107,0,0
2025-02-13 12:00:00,153.97999999999999,154.017,153.42400000000001,153.517,29329,0,0
2025-02-13 16:00:00,153.51900000000001,153.71899999999999,152.922,153.17099999999999,36471,0,0
2025-02-13 20:00:00,153.16999999999999,153.34899999999999,152.69999999999999,152.797,21958,0,0
2025-02-14 00:00:00,152.79900000000001,153.15299999999999,152.447,152.56899999999999,19067,0,0
2025-02-14 04:00:00,152.56899999999999,153.00800000000001,152.524,152.61500000000001,13298,0,0
2025-02-14 08:00:00,152.614,152.84200000000001,152.38499999999999,152.51400000000001,27287,0,0
2025-02-14 12:00:00,152.51400000000001,152.827,152.09700000000001,152.179,26184,0,0
2025-02-14 16:00:00,152.179,152.37700000000001,152.023,152.297,30125,0,0
2025-02-14 20:00:00,152.29499999999999,152.39400000000001,152.17699999999999,152.28200000000001,10212,0,0
2025-02-17 00:00:00,152.489,152.489,151.74000000000001,151.90100000000001,20135,0,0
2025-02-17 04:00:00,151.90000000000001,151.93799999999999,151.47499999999999,151.52500000000001,20648,0,0
2025-02-17 08:00:00,151.52500000000001,151.94499999999999,151.49100000000001,151.804,25837,0,0
2025-02-17 12:00:00,151.804,151.84200000000001,151.39699999999999,151.476,17959,0,0
2025-02-17 16:00:00,151.476,151.5,151.33799999999999,151.38399999999999,12862,0,0
2025-02-17 20:00:00,151.38399999999999,151.523,151.364,151.488,6991,0,0
2025-02-18 00:00:00,151.48699999999999,151.79900000000001,151.233,151.73099999999999,16229,0,0
2025-02-18 04:00:00,151.73099999999999,152.22499999999999,151.69,152.005,19449,0,0
2025-02-18 08:00:00,152.005,152.102,151.79300000000001,151.84100000000001,23792,0,0
2025-02-18 12:00:00,151.84100000000001,151.88300000000001,151.62799999999999,151.69499999999999,22368,0,0
2025-02-18 16:00:00,151.69499999999999,151.964,151.52699999999999,151.934,28485,0,0
2025-02-18 20:00:00,151.934,152.12799999999999,151.87299999999999,152.053,16949,0,0
2025-02-19 00:00:00,152.053,152.16,151.74600000000001,152.137,18416,0,0
2025-02-19 04:00:00,152.137,152.31399999999999,151.708,151.75700000000001,21003,0,0
2025-02-19 08:00:00,151.75700000000001,151.858,151.54900000000001,151.654,31796,0,0
2025-02-19 12:00:00,151.655,151.95699999999999,151.654,151.69499999999999,30453,0,0
2025-02-19 16:00:00,151.69499999999999,151.75999999999999,151.24000000000001,151.71000000000001,33000,0,0
2025-02-19 20:00:00,151.71000000000001,151.83099999999999,151.393,151.46299999999999,15694,0,0
2025-02-20 00:00:00,151.46299999999999,151.46299999999999,150.572,150.63800000000001,27002,0,0
2025-02-20 04:00:00,150.63900000000001,150.762,150.18199999999999,150.40700000000001,25341,0,0
2025-02-20 08:00:00,150.40700000000001,150.43299999999999,149.947,150.31,31151,0,0
2025-02-20 12:00:00,150.31,150.31899999999999,149.70500000000001,150.08199999999999,32926,0,0
2025-02-20 16:00:00,150.08199999999999,150.22,149.39699999999999,149.471,46281,0,0
2025-02-20 20:00:00,149.471,149.82499999999999,149.46000000000001,149.619,12937,0,0
2025-02-21 00:00:00,149.62,150.44900000000001,149.261,150.345,28309,0,0
2025-02-21 04:00:00,150.345,150.73599999999999,150.11799999999999,150.36099999999999,20633,0,0
2025-02-21 08:00:00,150.36099999999999,150.655,150.25899999999999,150.47300000000001,38354,0,0
2025-02-21 12:00:00,150.47200000000001,150.535,150.18799999999999,150.43199999999999,22039,0,0
2025-02-21 16:00:00,150.43199999999999,150.44399999999999,149.19900000000001,149.215,47024,0,0
2025-02-21 20:00:00,149.214,149.33799999999999,148.92400000000001,149.22499999999999,26766,0,0
2025-02-24 00:00:00,149.20099999999999,149.40299999999999,148.84399999999999,149.24000000000001,30073,0,0
2025-02-24 04:00:00,149.24100000000001,149.49600000000001,149.11500000000001,149.404,28516,0,0
2025-02-24 08:00:00,149.404,149.601,149.232,149.565,35833,0,0
2025-02-24 12:00:00,149.565,149.87299999999999,149.55199999999999,149.767,27040,0,0
2025-02-24 16:00:00,149.767,149.82300000000001,149.18700000000001,149.57900000000001,55608,0,0
2025-02-24 20:00:00,149.57900000000001,149.798,149.386,149.70400000000001,21627,0,0
2025-02-25 00:00:00,149.70400000000001,150.30199999999999,149.61600000000001,150.05199999999999,17150,0,0
2025-02-25 04:00:00,150.053,150.09299999999999,149.46100000000001,149.71199999999999,18818,0,0
2025-02-25 08:00:00,149.71199999999999,149.87,149.19900000000001,149.59899999999999,34351,0,0
2025-02-25 12:00:00,149.59800000000001,149.95500000000001,149.34,149.43600000000001,30640,0,0
2025-02-25 16:00:00,149.43600000000001,149.53999999999999,148.565,149.07499999999999,43916,0,0
2025-02-25 20:00:00,149.07499999999999,149.24799999999999,148.905,149.02000000000001,23618,0,0
2025-02-26 00:00:00,149.02000000000001,149.239,148.62799999999999,149.226,17384,0,0
2025-02-26 04:00:00,149.226,149.631,149.17400000000001,149.43299999999999,19808,0,0
2025-02-26 08:00:00,149.43299999999999,149.631,149.251,149.36199999999999,28287,0,0
2025-02-26 12:00:00,149.36199999999999,149.68600000000001,149.22399999999999,149.53800000000001,30546,0,0
2025-02-26 16:00:00,149.53800000000001,149.887,149.011,149.15100000000001,40579,0,0
2025-02-26 20:00:00,149.15000000000001,149.23500000000001,148.81299999999999,149.07499999999999,22419,0,0
2025-02-27 00:00:00,149.07499999999999,149.404,148.74199999999999,149.35900000000001,17007,0,0
2025-02-27 04:00:00,149.35900000000001,149.38200000000001,149.077,149.34200000000001,17235,0,0
2025-02-27 08:00:00,149.34200000000001,149.96799999999999,149.15799999999999,149.84100000000001,29841,0,0
2025-02-27 12:00:00,149.84100000000001,149.97200000000001,149.351,149.72499999999999,31152,0,0
2025-02-27 16:00:00,149.72499999999999,150.16300000000001,149.54300000000001,149.96799999999999,48506,0,0
2025-02-27 20:00:00,149.96799999999999,150.15600000000001,149.63200000000001,149.80600000000001,22498,0,0
2025-02-28 00:00:00,149.80600000000001,150.14599999999999,149.274,149.298,20858,0,0
2025-02-28 04:00:00,149.298,149.88,149.09800000000001,149.82900000000001,18233,0,0
2025-02-28 08:00:00,149.83099999999999,150.68799999999999,149.78800000000001,150.25200000000001,27661,0,0
2025-02-28 12:00:00,150.25200000000001,150.989,150.24199999999999,150.65100000000001,24908,0,0
2025-02-28 16:00:00,150.65100000000001,150.86600000000001,150.23599999999999,150.364,46293,0,0
2025-02-28 20:00:00,150.364,150.62100000000001,150.24199999999999,150.60499999999999,26996,0,0
2025-03-03 00:00:00,150.66800000000001,151.023,150.316,150.40799999999999,21071,0,0
2025-03-03 04:00:00,150.40799999999999,150.529,150.24299999999999,150.411,19232,0,0
2025-03-03 08:00:00,150.411,150.52600000000001,149.946,150.346,27941,0,0
2025-03-03 12:00:00,150.346,151.303,150.346,150.96799999999999,32664,0,0
2025-03-03 16:00:00,150.96799999999999,150.97399999999999,150.04900000000001,150.18000000000001,40434,0,0
2025-03-03 20:00:00,150.18000000000001,150.30600000000001,149.09800000000001,149.495,34013,0,0
2025-03-04 00:00:00,149.495,149.625,148.59700000000001,148.935,23842,0,0
2025-03-04 04:00:00,148.935,149.46199999999999,148.84100000000001,149.376,33065,0,0
2025-03-04 08:00:00,149.37700000000001,149.578,148.79599999999999,149.05099999999999,56879,0,0
2025-03-04 12:00:00,149.05099999999999,149.05099999999999,148.09299999999999,148.21199999999999,52755,0,0
2025-03-04 16:00:00,148.21199999999999,148.917,148.19200000000001,148.745,75005,0,0
2025-03-04 20:00:00,148.74600000000001,149.87700000000001,148.70400000000001,149.71700000000001,49632,0,0
2025-03-05 00:00:00,149.71700000000001,150.18600000000001,149.578,149.97499999999999,30136,0,0
2025-03-05 04:00:00,149.97499999999999,150.096,149.69499999999999,149.71299999999999,31491,0,0
2025-03-05 08:00:00,149.71299999999999,149.815,149.09399999999999,149.37299999999999,45008,0,0
2025-03-05 12:00:00,149.37299999999999,149.739,148.93700000000001,149.02000000000001,48480,0,0
2025-03-05 16:00:00,149.02099999999999,149.107,148.38300000000001,148.863,85011,0,0
2025-03-05 20:00:00,148.86199999999999,149.143,148.738,148.87700000000001,38189,0,0
2025-03-06 00:00:00,148.87700000000001,149.33500000000001,148.72499999999999,148.99700000000001,18253,0,0
2025-03-06 04:00:00,148.99700000000001,149.309,148.93100000000001,148.934,24459,0,0
2025-03-06 08:00:00,148.934,148.965,147.78399999999999,147.88499999999999,57474,0,0
2025-03-06 12:00:00,147.88499999999999,148.07499999999999,147.352,147.42099999999999,51781,0,0
2025-03-06 16:00:00,147.416,148.393,147.31100000000001,147.916,93090,0,0
2025-03-06 20:00:00,147.91900000000001,148.059,147.56800000000001,147.97800000000001,41156,0,0
2025-03-07 00:00:00,147.97800000000001,148.16499999999999,147.65799999999999,147.90299999999999,25058,0,0
2025-03-07 04:00:00,147.90299999999999,148.035,147.446,147.453,25934,0,0
2025-03-07 08:00:00,147.453,147.75399999999999,147.20500000000001,147.44200000000001,51959,0,0
2025-03-07 12:00:00,147.44200000000001,147.97,147.11699999999999,147.22999999999999,53999,0,0
2025-03-07 16:00:00,147.22999999999999,147.72999999999999,146.94399999999999,147.48699999999999,83392,0,0
2025-03-07 20:00:00,147.48699999999999,148.20099999999999,147.482,148.017,41160,0,0
2025-03-10 00:00:00,147.61199999999999,147.852,147.089,147.40899999999999,28995,0,0
2025-03-10 04:00:00,147.40799999999999,147.791,147.33199999999999,147.52500000000001,16573,0,0
2025-03-10 08:00:00,147.52600000000001,147.78999999999999,147.13800000000001,147.239,37480,0,0
2025-03-10 12:00:00,147.24199999999999,147.28100000000001,146.72200000000001,147.054,49898,0,0
2025-03-10 16:00:00,147.053,147.31899999999999,146.63200000000001,147.18899999999999,60887,0,0
2025-03-10 20:00:00,147.19,147.46799999999999,147.08500000000001,147.16399999999999,27013,0,0
2025-03-11 00:00:00,147.16200000000001,147.18000000000001,146.542,146.80699999999999,32295,0,0
2025-03-11 04:00:00,146.80600000000001,147.28700000000001,146.762,147.21600000000001,27003,0,0
2025-03-11 08:00:00,147.21700000000001,147.517,146.761,147.37200000000001,41864,0,0
2025-03-11 12:00:00,147.37100000000001,148.113,147.33199999999999,147.73099999999999,49552,0,0
2025-03-11 16:00:00,147.727,148.119,147.02099999999999,147.18899999999999,80807,0,0
2025-03-11 20:00:00,147.18899999999999,147.91900000000001,147.154,147.69800000000001,37089,0,0
2025-03-12 00:00:00,147.69800000000001,148.15799999999999,147.69800000000001,148.03299999999999,19824,0,0
2025-03-12 04:00:00,148.03299999999999,148.291,147.86699999999999,148.054,18219,0,0
2025-03-12 08:00:00,148.053,148.67699999999999,147.96000000000001,148.60599999999999,30673,0,0
2025-03-12 12:00:00,148.60900000000001,149.196,148.08600000000001,148.69999999999999,45875,0,0
2025-03-12 16:00:00,148.702,148.709,148.12200000000001,148.12899999999999,47516,0,0
2025-03-12 20:00:00,148.13,148.416,148.108,148.21799999999999,19883,0,0
2025-03-13 00:00:00,148.202,148.37200000000001,148.072,148.11699999999999,16782,0,0
2025-03-13 04:00:00,148.12,148.251,147.69300000000001,147.72200000000001,19353,0,0
2025-03-13 08:00:00,147.72,148.19999999999999,147.577,148.15000000000001,36149,0,0
2025-03-13 12:00:00,148.15100000000001,148.35599999999999,147.69900000000001,148.096,45604,0,0
2025-03-13 16:00:00,148.095,148.17699999999999,147.41399999999999,147.62799999999999,53065,0,0
2025-03-13 20:00:00,147.631,147.821,147.56899999999999,147.75800000000001,18380,0,0
2025-03-14 00:00:00,147.75200000000001,148.43199999999999,147.74100000000001,148.17400000000001,17826,0,0
2025-03-14 04:00:00,148.173,148.65000000000001,148.15799999999999,148.471,14931,0,0
2025-03-14 08:00:00,148.47,149.02099999999999,148.42699999999999,148.97200000000001,34948,0,0
2025-03-14 12:00:00,148.971,148.983,148.52000000000001,148.61699999999999,30897,0,0
2025-03-14 16:00:00,148.62,148.89500000000001,148.25800000000001,148.44,39143,0,0
2025-03-14 20:00:00,148.44200000000001,148.667,148.44,148.58699999999999,9391,0,0
2025-03-17 00:00:00,148.71899999999999,148.887,148.46199999999999,148.79499999999999,12794,0,0
2025-03-17 04:00:00,148.797,149.041,148.535,149.03700000000001,16405,0,0
2025-03-17 08:00:00,149.041,149.09800000000001,148.68299999999999,148.923,24173,0,0
2025-03-17 12:00:00,148.92400000000001,148.952,148.21000000000001,148.81899999999999,30198,0,0
2025-03-17 16:00:00,148.81999999999999,149.095,148.44300000000001,148.73699999999999,47722,0,0
2025-03-17 20:00:00,148.732,149.28299999999999,148.702,149.19900000000001,17660,0,0
2025-03-18 00:00:00,149.17500000000001,149.48699999999999,149.09,149.476,9546,0,0
2025-03-18 04:00:00,149.482,149.72999999999999,149.36199999999999,149.559,13599,0,0
2025-03-18 08:00:00,149.56,149.90000000000001,149.512,149.749,16395,0,0
2025-03-18 12:00:00,149.751,149.935,149.56399999999999,149.84399999999999,19247,0,0
2025-03-18 16:00:00,149.84299999999999,149.89500000000001,149.28100000000001,149.40899999999999,33832,0,0
2025-03-18 20:00:00,149.404,149.42099999999999,149.09800000000001,149.25399999999999,17965,0,0
2025-03-19 00:00:00,149.23599999999999,149.643,149.18600000000001,149.61000000000001,8415,1,0
2025-03-19 04:00:00,149.61099999999999,149.643,149.20099999999999,149.53899999999999,11163,1,0
2025-03-19 08:00:00,149.53999999999999,150.024,149.13800000000001,149.62799999999999,22515,1,0
2025-03-19 12:00:00,149.62899999999999,149.88399999999999,149.56899999999999,149.80000000000001,14205,1,0
2025-03-19 16:00:00,149.79900000000001,150.14599999999999,149.74100000000001,149.93899999999999,21518,1,0
2025-03-19 20:00:00,149.93899999999999,149.99700000000001,148.602,148.678,29340,1,0
2025-03-20 00:00:00,148.678,148.87200000000001,148.279,148.30000000000001,9784,1,0
2025-03-20 04:00:00,148.29900000000001,148.44900000000001,148.18000000000001,148.398,10924,1,0
2025-03-20 08:00:00,148.398,148.68700000000001,148.179,148.54400000000001,14877,1,0
2025-03-20 12:00:00,148.54499999999999,148.78,148.39400000000001,148.55799999999999,22210,1,0
2025-03-20 16:00:00,148.559,148.96100000000001,148.44999999999999,148.75299999999999,30737,1,0
2025-03-20 20:00:00,148.75,148.92400000000001,148.71199999999999,148.77099999999999,15444,1,0
2025-03-21 00:00:00,148.75,149.02699999999999,148.58500000000001,148.99100000000001,9080,1,0
2025-03-21 04:00:00,148.99000000000001,149.47999999999999,148.93000000000001,149.41300000000001,11659,1,0
2025-03-21 08:00:00,149.41399999999999,149.66300000000001,149.24700000000001,149.482,16028,0,0
2025-03-21 12:00:00,149.476,149.48099999999999,148.636,148.66900000000001,17909,0,0
2025-03-21 16:00:00,148.66,149.25800000000001,148.60400000000001,149.239,32891,0,0
2025-03-21 20:00:00,149.238,149.36500000000001,149.15799999999999,149.26499999999999,13466,0,0
2025-03-24 00:00:00,149.333,149.77799999999999,149.316,149.74100000000001,10359,0,0
2025-03-24 04:00:00,149.74100000000001,149.95599999999999,149.68100000000001,149.77000000000001,10169,0,0
2025-03-24 08:00:00,149.77000000000001,149.869,149.52799999999999,149.62299999999999,17334,0,0
2025-03-24 12:00:00,149.614,149.86799999999999,149.495,149.81999999999999,16617,0,0
2025-03-24 16:00:00,149.81899999999999,150.756,149.73599999999999,150.57599999999999,25139,0,0
2025-03-24 20:00:00,150.57499999999999,150.71299999999999,150.48400000000001,150.691,13349,0,0
2025-03-25 00:00:00,150.691,150.94300000000001,150.59899999999999,150.934,9278,0,0
2025-03-25 04:00:00,150.93199999999999,150.93799999999999,150.50899999999999,150.55699999999999,11988,0,0
2025-03-25 08:00:00,150.55799999999999,150.76599999999999,150.417,150.62700000000001,14172,0,0
2025-03-25 12:00:00,150.62799999999999,150.66900000000001,149.86199999999999,149.971,16966,0,0
2025-03-25 16:00:00,149.97200000000001,149.97999999999999,149.55199999999999,149.77699999999999,26091,0,0
2025-03-25 20:00:00,149.78200000000001,149.94,149.71199999999999,149.90000000000001,9928,0,0
2025-03-26 00:00:00,149.86799999999999,150.19399999999999,149.83500000000001,150.16900000000001,8962,0,0
2025-03-26 04:00:00,150.16399999999999,150.548,150.05000000000001,150.53999999999999,12812,0,0
2025-03-26 08:00:00,150.541,150.62299999999999,150.09200000000001,150.131,17105,0,0
2025-03-26 12:00:00,150.12799999999999,150.43899999999999,150.01900000000001,150.386,15767,0,0
2025-03-26 16:00:00,150.387,150.74600000000001,150.30600000000001,150.566,27022,0,0
2025-03-26 20:00:00,150.565,150.71899999999999,150.31299999999999,150.55799999999999,18163,0,0
2025-03-27 00:00:00,150.55799999999999,150.62100000000001,150.28899999999999,150.48400000000001,11062,0,0
2025-03-27 04:00:00,150.48500000000001,150.48500000000001,150.06,150.196,13606,0,0
2025-03-27 08:00:00,150.197,150.636,150.13800000000001,150.636,21533,0,0
2025-03-27 12:00:00,150.63499999999999,151.09100000000001,150.59700000000001,150.72999999999999,20887,0,0
2025-03-27 16:00:00,150.72900000000001,151.15600000000001,150.58099999999999,151.00999999999999,34399,0,0
2025-03-27 20:00:00,151.00999999999999,151.148,150.964,151.03899999999999,14854,0,0
2025-03-28 00:00:00,151.03899999999999,151.20699999999999,150.76499999999999,150.96299999999999,10319,0,0
2025-03-28 04:00:00,150.96299999999999,150.977,150.703,150.87100000000001,13916,0,0
2025-03-28 08:00:00,150.87200000000001,150.93600000000001,150.36000000000001,150.53299999999999,19365,0,0
2025-03-28 12:00:00,150.53399999999999,150.91999999999999,150.5,150.64099999999999,19290,0,0
2025-03-28 16:00:00,150.642,150.78399999999999,149.90899999999999,150.09200000000001,42771,0,0
2025-03-28 20:00:00,150.09100000000001,150.137,149.684,149.809,15645,0,0
2025-03-31 00:00:00,149.73500000000001,149.78999999999999,149.066,149.304,19344,0,0
2025-03-31 04:00:00,149.30500000000001,149.37799999999999,148.72300000000001,149.08000000000001,23274,0,0
2025-03-31 08:00:00,149.08099999999999,149.292,148.69999999999999,149.03800000000001,33874,0,0
2025-03-31 12:00:00,149.035,149.642,148.96600000000001,149.602,27717,0,0
2025-03-31 16:00:00,149.60300000000001,149.98599999999999,149.40700000000001,149.89500000000001,41089,0,0
2025-03-31 20:00:00,149.89500000000001,150.267,149.87200000000001,149.953,19538,0,0
2025-04-01 00:00:00,149.953,150.13999999999999,149.67599999999999,149.73599999999999,12185,0,0
2025-04-01 04:00:00,149.73599999999999,149.91499999999999,149.53299999999999,149.56200000000001,15613,0,0
2025-04-01 08:00:00,149.56200000000001,149.989,149.5,149.667,22539,0,0
2025-04-01 12:00:00,149.66800000000001,149.72,149.12299999999999,149.392,26284,0,0
2025-04-01 16:00:00,149.398,149.74100000000001,148.97499999999999,149.51499999999999,46006,0,0
2025-04-01 20:00:00,149.517,149.65000000000001,149.23599999999999,149.58600000000001,20497,0,0
2025-04-02 00:00:00,149.57300000000001,149.91800000000001,149.518,149.79300000000001,12391,0,0
2025-04-02 04:00:00,149.792,149.94999999999999,149.71199999999999,149.90000000000001,13075,0,0
2025-04-02 08:00:00,149.90100000000001,150.00200000000001,149.52000000000001,149.65799999999999,20334,0,0
2025-04-02 12:00:00,149.65700000000001,149.71700000000001,149.102,149.178,25325,0,0
2025-04-02 16:00:00,149.179,150.255,149.15299999999999,150.19300000000001,41298,0,0
2025-04-02 20:00:00,150.19399999999999,150.489,149.209,149.21899999999999,35558,0,0
2025-04-03 00:00:00,149.21899999999999,149.24100000000001,147.68299999999999,147.887,39253,0,0
2025-04-03 04:00:00,147.88800000000001,148.10900000000001,147.11799999999999,147.55699999999999,31297,0,0
2025-04-03 08:00:00,147.56,147.637,146.68600000000001,146.81100000000001,42933,0,0
2025-04-03 12:00:00,146.81200000000001,146.85300000000001,145.751,145.88200000000001,45883,0,0
2025-04-03 16:00:00,145.881,146.429,145.18700000000001,146.16800000000001,63380,0,0
2025-04-03 20:00:00,146.15899999999999,146.51599999999999,145.96899999999999,146.029,37092,0,0
2025-04-04 00:00:00,145.995,146.40799999999999,145.54300000000001,145.96299999999999,22354,0,0
2025-04-04 04:00:00,145.96899999999999,146.405,145.36099999999999,145.428,32348,0,0
2025-04-04 08:00:00,145.42699999999999,146.488,145.30000000000001,146.43299999999999,48346,0,0
2025-04-04 12:00:00,146.43100000000001,146.55099999999999,144.55099999999999,145.607,76814,0,0
2025-04-04 16:00:00,145.60300000000001,146.78100000000001,145.04499999999999,146.715,82212,0,0
2025-04-04 20:00:00,146.715,147.435,146.53,146.92500000000001,56766,0,0
2025-04-07 00:00:00,145.47499999999999,145.84700000000001,144.81700000000001,145.82300000000001,52664,0,0
2025-04-07 04:00:00,145.822,146.845,145.78100000000001,145.88499999999999,51088,0,0
2025-04-07 08:00:00,145.88300000000001,146.37,145.072,146.214,67709,0,0
2025-04-07 12:00:00,146.21299999999999,147.05199999999999,145.822,146.958,67446,0,0
2025-04-07 16:00:00,146.964,148.107,146.51400000000001,147.952,87524,0,0
2025-04-07 20:00:00,147.95400000000001,148.149,147.529,147.79599999999999,58008,0,0
2025-04-08 00:00:00,147.77199999999999,148.12200000000001,147.50299999999999,147.602,27867,0,0
2025-04-08 04:00:00,147.595,147.768,147.25299999999999,147.761,35348,0,0
2025-04-08 08:00:00,147.76400000000001,147.80099999999999,146.96700000000001,147.42500000000001,43081,0,0
2025-04-08 12:00:00,147.422,147.518,146.673,146.83600000000001,45362,0,0
2025-04-08 16:00:00,146.83500000000001,147.667,146.501,146.53399999999999,65366,0,0
2025-04-08 20:00:00,146.53100000000001,146.74000000000001,145.964,146.22499999999999,62840,0,0
2025-04-09 00:00:00,146.22800000000001,146.34399999999999,145.13200000000001,145.40799999999999,31724,0,0
2025-04-09 04:00:00,145.40700000000001,145.94200000000001,144.57900000000001,144.94300000000001,54651,0,0
2025-04-09 08:00:00,144.94499999999999,145.78299999999999,144.70599999999999,145.29599999999999,62962,0,0
2025-04-09 12:00:00,145.298,145.48599999999999,143.99700000000001,144.31899999999999,54455,0,0
2025-04-09 16:00:00,144.31999999999999,145.20599999999999,144.215,144.92599999999999,60495,0,0
2025-04-09 20:00:00,144.92099999999999,148.28,144.58500000000001,147.697,65938,0,0
2025-04-10 00:00:00,147.78100000000001,147.78100000000001,146.68100000000001,146.727,32000,0,0
2025-04-10 04:00:00,146.72,147.03800000000001,146.50200000000001,146.62100000000001,36624,0,0
2025-04-10 08:00:00,146.62,147.14400000000001,146.15100000000001,146.30600000000001,45388,0,0
2025-04-10 12:00:00,146.303,146.33699999999999,144.869,145.44800000000001,45253,0,0
2025-04-10 16:00:00,145.44499999999999,145.53999999999999,144.01400000000001,144.536,71016,0,0
2025-04-10 20:00:00,144.53800000000001,145.13300000000001,144.41499999999999,144.41999999999999,55384,0,0
2025-04-11 00:00:00,144.41999999999999,144.601,142.87700000000001,143.34399999999999,35635,0,0
2025-04-11 04:00:00,143.334,143.78299999999999,142.88800000000001,142.92699999999999,38915,0,0
2025-04-11 08:00:00,142.92500000000001,144.14400000000001,142.06700000000001,142.417,55477,0,0
2025-04-11 12:00:00,142.41800000000001,143.22200000000001,142.041,142.52500000000001,54973,0,0
2025-04-11 16:00:00,142.52699999999999,143.98699999999999,142.21899999999999,143.78100000000001,60622,0,0
2025-04-11 20:00:00,143.785,144.203,143.41800000000001,143.465,33502,0,0
2025-04-14 00:00:00,143.886,144.065,142.892,142.90600000000001,28690,0,0
2025-04-14 04:00:00,142.90199999999999,143.202,142.249,143.03700000000001,31769,0,0
2025-04-14 08:00:00,143.03800000000001,143.27699999999999,142.232,142.91499999999999,34513,0,0
2025-04-14 12:00:00,142.916,143.69900000000001,142.76599999999999,143.66399999999999,33422,0,0
2025-04-14 16:00:00,143.66300000000001,144.08099999999999,142.78,143.214,55681,0,0
2025-04-14 20:00:00,143.21100000000001,143.35300000000001,142.85900000000001,143.00800000000001,27912,0,0
2025-04-15 00:00:00,142.99299999999999,143.59100000000001,142.93199999999999,143.50399999999999,14025,0,0
2025-04-15 04:00:00,143.50299999999999,143.595,142.90600000000001,143.03999999999999,17324,0,0
2025-04-15 08:00:00,143.041,143.512,142.84399999999999,142.88900000000001,29115,0,0
2025-04-15 12:00:00,142.88800000000001,143.18600000000001,142.59800000000001,142.88999999999999,28965,0,0
2025-04-15 16:00:00,142.88900000000001,143.268,142.67099999999999,143.089,39182,0,0
2025-04-15 20:00:00,143.09200000000001,143.27099999999999,143.041,143.16900000000001,16911,0,0
2025-04-16 00:00:00,143.101,143.28,142.76499999999999,142.881,15627,0,0
2025-04-16 04:00:00,142.88399999999999,142.994,142.46799999999999,142.637,16238,0,0
2025-04-16 08:00:00,142.63800000000001,142.95500000000001,142.04400000000001,142.63399999999999,35278,0,0
2025-04-16 12:00:00,142.63800000000001,142.917,142.43199999999999,142.636,31384,0,0
2025-04-16 16:00:00,142.63499999999999,142.86099999999999,142.31999999999999,142.553,36314,0,0
2025-04-16 20:00:00,142.553,142.697,141.642,141.81999999999999,32644,0,0
2025-04-17 00:00:00,141.81100000000001,142.60400000000001,141.61199999999999,142.583,19120,0,0
2025-04-17 04:00:00,142.584,142.86500000000001,142.38399999999999,142.66999999999999,21072,0,0
2025-04-17 08:00:00,142.66999999999999,143.08500000000001,142.489,142.68299999999999,24848,0,0
2025-04-17 12:00:00,142.685,142.84800000000001,142.28899999999999,142.321,24814,0,0
2025-04-17 16:00:00,142.31800000000001,142.63300000000001,141.89699999999999,142.46199999999999,41732,0,0
2025-04-17 20:00:00,142.46299999999999,142.715,142.34999999999999,142.39699999999999,20471,0,0
2025-04-18 00:00:00,142.39699999999999,142.48099999999999,142.16399999999999,142.39699999999999,16862,0,0
2025-04-18 04:00:00,142.398,142.44200000000001,142.28800000000001,142.34200000000001,66056,0,0
2025-04-18 08:00:00,142.34100000000001,142.411,142.30500000000001,142.37899999999999,32219,0,0
2025-04-18 12:00:00,142.37799999999999,142.39599999999999,142.26499999999999,142.33500000000001,32748,0,0
2025-04-18 16:00:00,142.333,142.36000000000001,142.10499999999999,142.214,36244,0,0
2025-04-18 20:00:00,142.215,142.292,142.09100000000001,142.12299999999999,39283,0,0
2025-04-21 00:00:00,142.08000000000001,142.11500000000001,141.13800000000001,141.18799999999999,20712,0,0
2025-04-21 04:00:00,141.18799999999999,141.202,140.61699999999999,140.76900000000001,21312,0,0
2025-04-21 08:00:00,140.77000000000001,140.90799999999999,140.54300000000001,140.57300000000001,18668,0,0
2025-04-21 12:00:00,140.57400000000001,141.077,140.471,140.78200000000001,20360,0,0
2025-04-21 16:00:00,140.78399999999999,141.03999999999999,140.56800000000001,140.83600000000001,29462,0,0
2025-04-21 20:00:00,140.83699999999999,140.97499999999999,140.55199999999999,140.834,13875,0,0
2025-04-22 00:00:00,140.834,141.17400000000001,140.649,140.84999999999999,14328,0,0
2025-04-22 04:00:00,140.85400000000001,140.99199999999999,140.09399999999999,140.19800000000001,19486,0,0
2025-04-22 08:00:00,140.197,140.63399999999999,139.886,140.51599999999999,30360,0,0
2025-04-22 12:00:00,140.52099999999999,140.58000000000001,140.173,140.52099999999999,22118,0,0
2025-04-22 16:00:00,140.51400000000001,141.363,140.50899999999999,141.30500000000001,32356,0,0
2025-04-22 20:00:00,141.29300000000001,141.66999999999999,141.041,141.52799999999999,22371,0,0
2025-04-23 00:00:00,141.52799999999999,143.22399999999999,141.43600000000001,142.07400000000001,27864,0,0
2025-04-23 04:00:00,142.07300000000001,142.256,141.666,141.95699999999999,22663,0,0
2025-04-23 08:00:00,141.95599999999999,142.149,141.52699999999999,141.74100000000001,29750,0,0
2025-04-23 12:00:00,141.74199999999999,142.18899999999999,141.57499999999999,141.857,24951,0,0
2025-04-23 16:00:00,141.86000000000001,143.077,141.75399999999999,143.01499999999999,51573,0,0
2025-04-23 20:00:00,143.017,143.57400000000001,142.93299999999999,143.43700000000001,21156,0,0
2025-04-24 00:00:00,143.43299999999999,143.43299999999999,142.857,142.965,15415,0,0
2025-04-24 04:00:00,142.96199999999999,143.07900000000001,142.601,142.75299999999999,15750,0,0
2025-04-24 08:00:00,142.75399999999999,142.95699999999999,142.49799999999999,142.63999999999999,22783,0,0
2025-04-24 12:00:00,142.643,142.69800000000001,142.28899999999999,142.40899999999999,19988,0,0
2025-04-24 16:00:00,142.41,142.79400000000001,142.27699999999999,142.648,32402,0,0
2025-04-24 20:00:00,142.648,142.834,142.488,142.61600000000001,13885,0,0
2025-04-25 00:00:00,142.62299999999999,143.11500000000001,142.559,143.066,11596,0,0
2025-04-25 04:00:00,143.06700000000001,143.80199999999999,142.827,143.61699999999999,19694,0,0
2025-04-25 08:00:00,143.62,143.84800000000001,143.22399999999999,143.417,22495,0,0
2025-04-25 12:00:00,143.42099999999999,143.73400000000001,143.22499999999999,143.417,21018,0,0
2025-04-25 16:00:00,143.41800000000001,144.03100000000001,143.40899999999999,143.816,30510,0,0
2025-04-25 20:00:00,143.81299999999999,143.851,143.44300000000001,143.62,13431,0,0
2025-04-28 00:00:00,143.565,143.87799999999999,143.476,143.48500000000001,11065,0,0
2025-04-28 04:00:00,143.482,143.86000000000001,143.31899999999999,143.322,13482,0,0
2025-04-28 08:00:00,143.321,143.89500000000001,143.28800000000001,143.542,21153,0,0
2025-04-28 12:00:00,143.541,143.57599999999999,143.149,143.34800000000001,18004,0,0
2025-04-28 16:00:00,143.34700000000001,143.43899999999999,142.27099999999999,142.33600000000001,31607,0,0
2025-04-28 20:00:00,142.33600000000001,142.387,141.958,141.958,13186,0,0
2025-04-29 00:00:00,141.958,142.316,141.958,142.245,9335,0,0
2025-04-29 04:00:00,142.245,142.58000000000001,142.125,142.52500000000001,13093,0,0
2025-04-29 08:00:00,142.524,142.61099999999999,142.29900000000001,142.59299999999999,18967,0,0
2025-04-29 12:00:00,142.59200000000001,142.75899999999999,142.251,142.30699999999999,16573,0,0
2025-04-29 16:00:00,142.31,142.39500000000001,141.97,142.047,33673,0,0
2025-04-29 20:00:00,142.04300000000001,142.43899999999999,142.00999999999999,142.27500000000001,14573,0,0
2025-04-30 00:00:00,142.27500000000001,142.50700000000001,142.15700000000001,142.429,9829,0,0
2025-04-30 04:00:00,142.43000000000001,142.55799999999999,142.22900000000001,142.517,11916,0,0
2025-04-30 08:00:00,142.51599999999999,142.947,142.452,142.90600000000001,15311,0,0
2025-04-30 12:00:00,142.905,143.15199999999999,142.68600000000001,142.81399999999999,23292,0,0
2025-04-30 16:00:00,142.81100000000001,143.04300000000001,142.506,142.67599999999999,38378,0,0
2025-04-30 20:00:00,142.678,143.191,142.601,143.066,18328,0,0
2025-05-01 00:00:00,142.96100000000001,143.08199999999999,142.881,143.00399999999999,7869,0,0
2025-05-01 04:00:00,143.00299999999999,143.90000000000001,142.965,143.88,11720,0,0
2025-05-01 08:00:00,143.87899999999999,144.74199999999999,143.87200000000001,144.221,20781,0,0
2025-05-01 12:00:00,144.22,144.768,144.12700000000001,144.709,19042,0,0
2025-05-01 16:00:00,144.70099999999999,145.655,144.50999999999999,145.386,30426,0,0
2025-05-01 20:00:00,145.387,145.73500000000001,145.304,145.30500000000001,13687,0,0
2025-05-02 00:00:00,145.30500000000001,145.92699999999999,145.23400000000001,145.87,11628,0,0
2025-05-02 04:00:00,145.87100000000001,145.874,145.14500000000001,145.38900000000001,16734,0,0
2025-05-02 08:00:00,145.381,145.41499999999999,144.82400000000001,144.833,20771,0,0
2025-05-02 12:00:00,144.83500000000001,144.95400000000001,144.33500000000001,144.64400000000001,26613,0,0
2025-05-02 16:00:00,144.64099999999999,144.79400000000001,143.72800000000001,144.67699999999999,42849,0,0
2025-05-02 20:00:00,144.67500000000001,145.084,144.577,144.923,17316,0,0
2025-05-05 00:00:00,144.66399999999999,144.995,144.50899999999999,144.625,10701,0,0
2025-05-05 04:00:00,144.619,144.63,144.06399999999999,144.148,12640,0,0
2025-05-05 08:00:00,144.149,144.42500000000001,143.89599999999999,144.048,17941,0,0
2025-05-05 12:00:00,144.047,144.072,143.57499999999999,143.636,18984,0,0
2025-05-05 16:00:00,143.637,144.23500000000001,143.53899999999999,144.16999999999999,26900,0,0
2025-05-05 20:00:00,144.17099999999999,144.17500000000001,143.655,143.68000000000001,11205,0,0
2025-05-06 00:00:00,143.68000000000001,144.01900000000001,143.554,144,7636,1,0
2025-05-06 04:00:00,144.011,144.27500000000001,143.62100000000001,143.71899999999999,13412,0,0
2025-05-06 08:00:00,143.71799999999999,143.92599999999999,142.904,143.136,21883,0,0
2025-05-06 12:00:00,143.13499999999999,143.351,142.488,142.52000000000001,20284,0,0
2025-05-06 16:00:00,142.52799999999999,143.035,142.352,142.72999999999999,26446,0,0
2025-05-06 20:00:00,142.72999999999999,142.738,142.35599999999999,142.411,13685,0,0
2025-05-07 00:00:00,142.411,143.31299999999999,142.38,142.94999999999999,16869,0,0
2025-05-07 04:00:00,142.94999999999999,143.32499999999999,142.74700000000001,143.28100000000001,17454,0,0
2025-05-07 08:00:00,143.28200000000001,143.44300000000001,142.82900000000001,143.321,18433,0,0
2025-05-07 12:00:00,143.31999999999999,143.45699999999999,143.155,143.35499999999999,18113,0,0
2025-05-07 16:00:00,143.35599999999999,143.58699999999999,143.11799999999999,143.41399999999999,25004,0,0
2025-05-07 20:00:00,143.41499999999999,143.994,142.90700000000001,143.80799999999999,28698,0,0
2025-05-08 00:00:00,143.80799999999999,143.95400000000001,143.56700000000001,143.851,8812,0,0
2025-05-08 04:00:00,143.86000000000001,143.89599999999999,143.44399999999999,143.77799999999999,16863,0,0
2025-05-08 08:00:00,143.78200000000001,144.84999999999999,143.774,144.81200000000001,23994,0,0
2025-05-08 12:00:00,144.81100000000001,145.006,144.50999999999999,144.68100000000001,24442,0,0
2025-05-08 16:00:00,144.679,145.78700000000001,144.434,145.72300000000001,37158,0,0
2025-05-08 20:00:00,145.733,146.17500000000001,145.62,145.90799999999999,16032,0,0
2025-05-09 00:00:00,145.876,146.18600000000001,145.672,145.697,11128,0,0
2025-05-09 04:00:00,145.696,145.97300000000001,145.45099999999999,145.499,15687,0,0
2025-05-09 08:00:00,145.49799999999999,145.63200000000001,145.07400000000001,145.18700000000001,18760,0,0
2025-05-09 12:00:00,145.18799999999999,145.404,144.93199999999999,145.25200000000001,16137,0,0
2025-05-09 16:00:00,145.251,145.298,144.82400000000001,145.28,24106,0,0
2025-05-09 20:00:00,145.279,145.37200000000001,145.148,145.35400000000001,9327,0,0
2025-05-12 00:00:00,146.20699999999999,146.233,145.70400000000001,145.904,13841,0,0
2025-05-12 04:00:00,145.916,146.28399999999999,145.715,145.92400000000001,16080,0,0
2025-05-12 08:00:00,145.917,148.227,145.87200000000001,147.773,36473,0,0
2025-05-12 12:00:00,147.77199999999999,148.595,147.667,148.05000000000001,32158,0,0
2025-05-12 16:00:00,148.04599999999999,148.55500000000001,147.81299999999999,148.512,36102,0,0
2025-05-12 20:00:00,148.511,148.648,148.27099999999999,148.45099999999999,14782,0,0
2025-05-13 00:00:00,148.45099999999999,148.45699999999999,147.791,147.815,9945,1,0
2025-05-13 04:00:00,147.81200000000001,148.03299999999999,147.697,147.70099999999999,12025,0,0
2025-05-13 08:00:00,147.69999999999999,148.06100000000001,147.642,147.923,23011,0,0
2025-05-13 12:00:00,147.922,148.27799999999999,147.82900000000001,147.99700000000001,22690,0,0
2025-05-13 16:00:00,147.99600000000001,148.06200000000001,147.45500000000001,147.61000000000001,35127,0,0
2025-05-13 20:00:00,147.61199999999999,147.774,147.376,147.47,12624,0,0
2025-05-14 00:00:00,147.47,147.672,147.28,147.36500000000001,8031,0,0
2025-05-14 04:00:00,147.357,147.41399999999999,146.87899999999999,146.947,16095,0,0
2025-05-14 08:00:00,146.946,147.21799999999999,146.12700000000001,146.23599999999999,25022,0,0
2025-05-14 12:00:00,146.23500000000001,146.39699999999999,145.60499999999999,146.191,26456,0,0
2025-05-14 16:00:00,146.19,147.119,145.762,146.697,35700,0,0
2025-05-14 20:00:00,146.697,146.90199999999999,146.43899999999999,146.744,16570,0,0
2025-05-15 00:00:00,146.744,146.75200000000001,146.167,146.214,9137,0,0
2025-05-15 04:00:00,146.214,146.38399999999999,145.952,146.09,14747,0,0
2025-05-15 08:00:00,146.09,146.142,145.483,145.75,22109,0,0
2025-05-15 12:00:00,145.75200000000001,146.25200000000001,145.60499999999999,145.798,21315,0,0
2025-05-15 16:00:00,145.79599999999999,146.042,145.41200000000001,145.62,33369,0,0
2025-05-15 20:00:00,145.62100000000001,145.768,145.548,145.65700000000001,12555,0,0
2025-05-16 00:00:00,145.65700000000001,145.68100000000001,145,145.089,10765,0,0
2025-05-16 04:00:00,145.09100000000001,145.464,144.96100000000001,145.30699999999999,13801,0,0
2025-05-16 08:00:00,145.30799999999999,145.42099999999999,144.91800000000001,145.31200000000001,18026,0,0
2025-05-16 12:00:00,145.315,145.69300000000001,145.26300000000001,145.511,19088,0,0
2025-05-16 16:00:00,145.50999999999999,146.102,145.40000000000001,145.929,21033,0,0
2025-05-16 20:00:00,145.922,146.03399999999999,145.547,145.58099999999999,9971,0,0
2025-05-19 00:00:00,145.227,145.47,144.839,144.905,13547,1,0
2025-05-19 04:00:00,144.905,145.34399999999999,144.80500000000001,145.31299999999999,15918,0,0
2025-05-19 08:00:00,145.316,145.316,144.66399999999999,144.88499999999999,23120,0,0
2025-05-19 12:00:00,144.88200000000001,145.04400000000001,144.702,145.02099999999999,21571,0,0
2025-05-19 16:00:00,145.02799999999999,145.21700000000001,144.786,144.98500000000001,30082,0,0
2025-05-19 20:00:00,144.976,145.11199999999999,144.774,144.84100000000001,10353,0,0
2025-05-20 00:00:00,144.81800000000001,145.51300000000001,144.785,145.26300000000001,8057,0,0
2025-05-20 04:00:00,145.262,145.297,144.71000000000001,144.76599999999999,15728,0,0
2025-05-20 08:00:00,144.76499999999999,144.76499999999999,144.089,144.48500000000001,25780,0,0
2025-05-20 12:00:00,144.48699999999999,144.83600000000001,144.37100000000001,144.815,20926,0,0
2025-05-20 16:00:00,144.81100000000001,144.97399999999999,144.51599999999999,144.81299999999999,28081,0,0
2025-05-20 20:00:00,144.81200000000001,144.88499999999999,144.43100000000001,144.5,11076,0,0
2025-05-21 00:00:00,144.47,144.56700000000001,144.125,144.16999999999999,10318,0,0
2025-05-21 04:00:00,144.16900000000001,144.34999999999999,143.63999999999999,143.74600000000001,15360,0,0
2025-05-21 08:00:00,143.74799999999999,144.19399999999999,143.459,144.10599999999999,23283,0,0
2025-05-21 12:00:00,144.10499999999999,144.184,143.46700000000001,143.685,26396,0,0
2025-05-21 16:00:00,143.684,143.89500000000001,143.559,143.65000000000001,30093,0,0
2025-05-21 20:00:00,143.649,143.76300000000001,143.28299999999999,143.66499999999999,21456,0,0
2025-05-22 00:00:00,143.63999999999999,144.40000000000001,143.286,143.47399999999999,15549,0,0
2025-05-22 04:00:00,143.47300000000001,143.63800000000001,143.14400000000001,143.298,15812,0,0
2025-05-22 08:00:00,143.29900000000001,143.43600000000001,142.803,143.274,26707,0,0
2025-05-22 12:00:00,143.27199999999999,143.78100000000001,143.25999999999999,143.553,29406,0,0
2025-05-22 16:00:00,143.55199999999999,144.11199999999999,143.43199999999999,144.02000000000001,38091,0,0
2025-05-22 20:00:00,144.02000000000001,144.33099999999999,143.90299999999999,144.00200000000001,13935,0,0
2025-05-23 00:00:00,144.00200000000001,144.05799999999999,143.745,143.86099999999999,10315,0,0
2025-05-23 04:00:00,143.858,143.96799999999999,143.358,143.46799999999999,12440,0,0
2025-05-23 08:00:00,143.46899999999999,143.58199999999999,143.232,143.31299999999999,20254,0,0
2025-05-23 12:00:00,143.31399999999999,143.43199999999999,142.45099999999999,142.607,37125,0,0
2025-05-23 16:00:00,142.60900000000001,142.898,142.51900000000001,142.64400000000001,35343,0,0
2025-05-23 20:00:00,142.642,142.73400000000001,142.41999999999999,142.548,11851,0,0
2025-05-26 00:00:00,142.43000000000001,143.083,142.40700000000001,142.565,13638,0,0
2025-05-26 04:00:00,142.56399999999999,142.685,142.22800000000001,142.566,15015,0,0
2025-05-26 08:00:00,142.565,142.922,142.47499999999999,142.88999999999999,17536,0,0
2025-05-26 12:00:00,142.89099999999999,143.03299999999999,142.81999999999999,142.976,9460,0,0
2025-05-26 16:00:00,142.977,142.989,142.726,142.72800000000001,7322,0,0
2025-05-26 20:00:00,142.72900000000001,142.83799999999999,142.71199999999999,142.83500000000001,2022,0,0
2025-05-27 00:00:00,142.83500000000001,142.946,142.24700000000001,142.279,7809,0,0
2025-05-27 04:00:00,142.279,142.86099999999999,142.114,142.857,13233,0,0
2025-05-27 08:00:00,142.85499999999999,143.887,142.85499999999999,143.87,28771,0,0
2025-05-27 12:00:00,143.87100000000001,144.18799999999999,143.80500000000001,144.02600000000001,24326,0,0
2025-05-27 16:00:00,144.024,144.45699999999999,143.876,144.37299999999999,28768,0,0
2025-05-27 20:00:00,144.37,144.411,144.24100000000001,144.31800000000001,8417,0,0
2025-05-28 00:00:00,144.31800000000001,144.35300000000001,143.851,144.125,6854,0,0
2025-05-28 04:00:00,144.12700000000001,144.768,144.089,144.42699999999999,22139,0,0
2025-05-28 08:00:00,144.42599999999999,144.773,143.99799999999999,144.042,23010,0,0
2025-05-28 12:00:00,144.04300000000001,144.53700000000001,144,144.51499999999999,17996,0,0
2025-05-28 16:00:00,144.51599999999999,145.077,144.51599999999999,144.917,29077,0,0
2025-05-28 20:00:00,144.916,145.00999999999999,144.756,144.821,13080,0,0
2025-05-29 00:00:00,144.821,146.10900000000001,144.71600000000001,146.10499999999999,21243,0,0
2025-05-29 04:00:00,146.10400000000001,146.291,145.59800000000001,145.74600000000001,18403,0,0
2025-05-29 08:00:00,145.74700000000001,146.09399999999999,145.137,145.273,24163,0,0
2025-05-29 12:00:00,145.279,145.286,144.40899999999999,144.43299999999999,28362,0,0
2025-05-29 16:00:00,144.434,144.541,144.04599999999999,144.13999999999999,34599,0,0
2025-05-29 20:00:00,144.14099999999999,144.25700000000001,143.96000000000001,144.154,13200,0,0
2025-05-30 00:00:00,144.154,144.17400000000001,143.58600000000001,143.76499999999999,10097,0,0
2025-05-30 04:00:00,143.762,143.995,143.441,143.77699999999999,17906,0,0
2025-05-30 08:00:00,143.78,144.15899999999999,143.71199999999999,144.05500000000001,24719,0,0
2025-05-30 12:00:00,144.054,144.22399999999999,143.46899999999999,143.738,29274,0,0
2025-05-30 16:00:00,143.74000000000001,144.44300000000001,143.71100000000001,143.899,37372,0,0
2025-05-30 20:00:00,143.899,144.08099999999999,143.792,143.953,15004,0,0
2025-06-02 00:00:00,143.714,143.98599999999999,143.52799999999999,143.52799999999999,10724,0,0
2025-06-02 04:00:00,143.52600000000001,143.643,143.32599999999999,143.536,15721,0,0
2025-06-02 08:00:00,143.536,143.56299999999999,142.79400000000001,142.92699999999999,25344,0,0
2025-06-02 12:00:00,142.92500000000001,142.976,142.62200000000001,142.833,24523,0,0
2025-06-02 16:00:00,142.83000000000001,143.07400000000001,142.53800000000001,142.934,33947,0,0
2025-06-02 20:00:00,142.93700000000001,143.001,142.661,142.661,14013,0,0
2025-06-03 00:00:00,142.661,142.78700000000001,142.37799999999999,142.71299999999999,8168,0,0
2025-06-03 04:00:00,142.71000000000001,143.268,142.708,142.94399999999999,14867,0,0
2025-06-03 08:00:00,142.94499999999999,143.12200000000001,142.608,142.804,21709,0,0
2025-06-03 12:00:00,142.803,143.44499999999999,142.77099999999999,143.41999999999999,18357,0,0
2025-06-03 16:00:00,143.41900000000001,144.11099999999999,143.33199999999999,143.982,29178,0,0
2025-06-03 20:00:00,143.97200000000001,144.108,143.84,143.864,9741,0,0
2025-06-04 00:00:00,143.88900000000001,144.047,143.596,143.99199999999999,8322,0,0
2025-06-04 04:00:00,143.99199999999999,144.29499999999999,143.67400000000001,144.255,15910,0,0
2025-06-04 08:00:00,144.256,144.39099999999999,143.797,143.892,20278,0,0
2025-06-04 12:00:00,143.88900000000001,144.315,143.506,143.55500000000001,23831,0,0
2025-06-04 16:00:00,143.553,143.83099999999999,142.60400000000001,142.637,31570,0,0
2025-06-04 20:00:00,142.63900000000001,142.928,142.63,142.73400000000001,9563,0,0
2025-06-05 00:00:00,142.73400000000001,142.84999999999999,142.529,142.66200000000001,9083,1,0
2025-06-05 04:00:00,142.661,143.07599999999999,142.56899999999999,143.029,15493,0,0
2025-06-05 08:00:00,143.03299999999999,143.40000000000001,143.00399999999999,143.28100000000001,19882,0,0
2025-06-05 12:00:00,143.28200000000001,143.67699999999999,142.774,143.36600000000001,25840,0,0
2025-06-05 16:00:00,143.36799999999999,143.977,142.899,143.524,39230,0,0
2025-06-05 20:00:00,143.523,143.85300000000001,143.41800000000001,143.41800000000001,16143,0,0
2025-06-06 00:00:00,143.41800000000001,143.75,143.245,143.732,7317,0,0
2025-06-06 04:00:00,143.733,143.90299999999999,143.62299999999999,143.84200000000001,12442,0,0
2025-06-06 08:00:00,143.84100000000001,144.13800000000001,143.80199999999999,144.05699999999999,18565,0,0
2025-06-06 12:00:00,144.059,144.744,144.001,144.63800000000001,26371,0,0
2025-06-06 16:00:00,144.636,145.08799999999999,144.554,144.96199999999999,40828,0,0
2025-06-06 20:00:00,144.95400000000001,144.97,144.773,144.80000000000001,12401,0,0
2025-06-09 00:00:00,144.76599999999999,144.947,144.58000000000001,144.93000000000001,6682,0,0
2025-06-09 04:00:00,144.92599999999999,144.94,144.34700000000001,144.381,11696,0,0
2025-06-09 08:00:00,144.38,144.49600000000001,144.03700000000001,144.16,16707,0,0
2025-06-09 12:00:00,144.161,144.69399999999999,143.97499999999999,144.63900000000001,19011,0,0
2025-06-09 16:00:00,144.63999999999999,144.773,144.34700000000001,144.39599999999999,23320,0,0
2025-06-09 20:00:00,144.39500000000001,144.637,144.38900000000001,144.524,9464,0,0
2025-06-10 00:00:00,144.524,144.65600000000001,144.40199999999999,144.51400000000001,6483,0,0
2025-06-10 04:00:00,144.51599999999999,145.291,144.428,144.93700000000001,17693,0,0
2025-06-10 08:00:00,144.934,144.94399999999999,144.42400000000001,144.648,26535,0,0
2025-06-10 12:00:00,144.64699999999999,144.77099999999999,144.45699999999999,144.66300000000001,17911,0,0
2025-06-10 16:00:00,144.667,145.04499999999999,144.441,144.96199999999999,23541,0,0
2025-06-10 20:00:00,144.96199999999999,145.03399999999999,144.78299999999999,144.80699999999999,9916,0,0
2025-06-11 00:00:00,144.80699999999999,145.16300000000001,144.654,144.92400000000001,11484,0,0
2025-06-11 04:00:00,144.92599999999999,145.15100000000001,144.84399999999999,145.03899999999999,13277,0,0
2025-06-11 08:00:00,145.03800000000001,145.24600000000001,144.96600000000001,145.07300000000001,17795,0,0
2025-06-11 12:00:00,145.07300000000001,145.46600000000001,144.32400000000001,144.714,26408,0,0
2025-06-11 16:00:00,144.715,145.18600000000001,144.43799999999999,144.62,29247,0,0
2025-06-11 20:00:00,144.619,144.69300000000001,144.327,144.52699999999999,14378,0,0
2025-06-12 00:00:00,144.52699999999999,144.53700000000001,143.95699999999999,144.04300000000001,12348,0,0
2025-06-12 04:00:00,144.04300000000001,144.11799999999999,143.72300000000001,143.94800000000001,17782,0,0
2025-06-12 08:00:00,143.953,144.13800000000001,143.63399999999999,143.798,23291,0,0
2025-06-12 12:00:00,143.797,143.875,143.184,143.28899999999999,26491,0,0
2025-06-12 16:00:00,143.28800000000001,143.904,143.19800000000001,143.61199999999999,34634,0,0
2025-06-12 20:00:00,143.601,143.73500000000001,143.459,143.459,11533,0,0
2025-06-13 00:00:00,143.42699999999999,143.505,142.791,143.03399999999999,18927,0,0
2025-06-13 04:00:00,143.03299999999999,143.762,142.91900000000001,143.65199999999999,29979,0,0
2025-06-13 08:00:00,143.65299999999999,143.89599999999999,143.38,143.79499999999999,29004,0,0
2025-06-13 12:00:00,143.79400000000001,144.446,143.74799999999999,144.30000000000001,26237,0,0
2025-06-13 16:00:00,144.29499999999999,144.483,143.95599999999999,144.024,25940,0,0
2025-06-13 20:00:00,144.02199999999999,144.196,143.851,144.041,16630,0,0
2025-06-16 00:00:00,143.93600000000001,144.751,143.81800000000001,144.36699999999999,18591,0,0
2025-06-16 04:00:00,144.375,144.49000000000001,144.15899999999999,144.304,15747,0,0
2025-06-16 08:00:00,144.303,144.39099999999999,143.97300000000001,144.268,23111,0,0
2025-06-16 12:00:00,144.27699999999999,144.339,143.976,144.09999999999999,20121,0,0
2025-06-16 16:00:00,144.09800000000001,144.22800000000001,143.65000000000001,144.17099999999999,29774,0,0
2025-06-16 20:00:00,144.16999999999999,144.875,144.15899999999999,144.71199999999999,11977,0,0
2025-06-17 00:00:00,144.71199999999999,145.11099999999999,144.57900000000001,145.05799999999999,12951,0,0
2025-06-17 04:00:00,145.05699999999999,145.05699999999999,144.404,144.59200000000001,17023,0,0
2025-06-17 08:00:00,144.59100000000001,145.02600000000001,144.40299999999999,144.91300000000001,26363,0,0
2025-06-17 12:00:00,144.91200000000001,144.94399999999999,144.34100000000001,144.84399999999999,24836,0,0
2025-06-17 16:00:00,144.846,145.28899999999999,144.691,145.21899999999999,29561,0,0
2025-06-17 20:00:00,145.226,145.38,145.12899999999999,145.173,16968,0,0
2025-06-18 00:00:00,145.15700000000001,145.441,145.136,145.31700000000001,9948,0,0
2025-06-18 04:00:00,145.31800000000001,145.34200000000001,144.92400000000001,145.02600000000001,13185,0,0
2025-06-18 08:00:00,145.024,145.12899999999999,144.857,144.96600000000001,21095,0,0
2025-06-18 12:00:00,144.96700000000001,145.02699999999999,144.739,144.90000000000001,19707,0,0
2025-06-18 16:00:00,144.90100000000001,144.965,144.53100000000001,144.679,26597,0,0
2025-06-18 20:00:00,144.68000000000001,145.22399999999999,144.328,145.102,26785,0,0
2025-06-19 00:00:00,145.05500000000001,145.15199999999999,144.84,144.88300000000001,9476,0,0
2025-06-19 04:00:00,144.88399999999999,145.22200000000001,144.73500000000001,145.03899999999999,14530,0,0
2025-06-19 08:00:00,145.03800000000001,145.41,145.03,145.28700000000001,21465,0,0
2025-06-19 12:00:00,145.28800000000001,145.76900000000001,145.249,145.547,17968,0,0
2025-06-19 16:00:00,145.54599999999999,145.75800000000001,145.34899999999999,145.714,16325,0,0
2025-06-19 20:00:00,145.715,145.72900000000001,145.30000000000001,145.309,5872,0,0
2025-06-20 00:00:00,145.309,145.565,145.12100000000001,145.25200000000001,11288,0,0
2025-06-20 04:00:00,145.255,145.39500000000001,145.19300000000001,145.34999999999999,15076,0,0
2025-06-20 08:00:00,145.351,145.48500000000001,145.26599999999999,145.328,18900,0,0
2025-06-20 12:00:00,145.327,145.71700000000001,145.251,145.58699999999999,20267,0,0
2025-06-20 16:00:00,145.58799999999999,145.95699999999999,145.56100000000001,145.839,25753,0,0
2025-06-20 20:00:00,145.834,146.21700000000001,145.78,146.05199999999999,10069,0,0
2025-06-23 00:00:00,146.65600000000001,146.697,146.14400000000001,146.446,13453,0,0
2025-06-23 04:00:00,146.447,147.03299999999999,146.369,146.989,18855,0,0
2025-06-23 08:00:00,146.98699999999999,147.63,146.94999999999999,147.613,28169,0,0
2025-06-23 12:00:00,147.61699999999999,148.029,147.35300000000001,147.41900000000001,30106,0,0
2025-06-23 16:00:00,147.41999999999999,147.50399999999999,146.232,146.36199999999999,38379,0,0
2025-06-23 20:00:00,146.363,146.52600000000001,146.00999999999999,146.08099999999999,19930,0,0
2025-06-24 00:00:00,146.08099999999999,146.17599999999999,145.565,145.60400000000001,17052,0,0
2025-06-24 04:00:00,145.601,145.733,145.28999999999999,145.41499999999999,17830,0,0
2025-06-24 08:00:00,145.41800000000001,145.51499999999999,144.94499999999999,145.09399999999999,28580,0,0
2025-06-24 12:00:00,145.096,145.18299999999999,144.84999999999999,144.99299999999999,23872,0,0
2025-06-24 16:00:00,144.99199999999999,145.196,144.51300000000001,144.70400000000001,32697,0,0
2025-06-24 20:00:00,144.703,144.91200000000001,144.559,144.88399999999999,10819,0,0
2025-06-25 00:00:00,144.88399999999999,145.04499999999999,144.709,144.87899999999999,8817,0,0
2025-06-25 04:00:00,144.881,144.989,144.607,144.94800000000001,14947,0,0
2025-06-25 08:00:00,144.94999999999999,145.49600000000001,144.94999999999999,145.47900000000001,20593,0,0
2025-06-25 12:00:00,145.47800000000001,145.91999999999999,145.45599999999999,145.86000000000001,19804,0,0
2025-06-25 16:00:00,145.86099999999999,145.952,145.393,145.453,26669,0,0
2025-06-25 20:00:00,145.45500000000001,145.50800000000001,145.10599999999999,145.16999999999999,12403,0,0
2025-06-26 00:00:00,145.04499999999999,145.26400000000001,144.68199999999999,144.691,10260,0,0
2025-06-26 04:00:00,144.69200000000001,144.964,144.566,144.786,14583,0,0
2025-06-26 08:00:00,144.785,144.91800000000001,143.751,143.92699999999999,27683,0,0
2025-06-26 12:00:00,143.92599999999999,144.49600000000001,143.898,144.297,26529,0,0
2025-06-26 16:00:00,144.29499999999999,144.53700000000001,144.05500000000001,144.25,33191,0,0
2025-06-26 20:00:00,144.24700000000001,144.465,144.13,144.35400000000001,13490,0,0
2025-06-27 00:00:00,144.34200000000001,144.80799999999999,144.24700000000001,144.64599999999999,10974,0,0
2025-06-27 04:00:00,144.64500000000001,144.74299999999999,144.197,144.541,16942,0,0
2025-06-27 08:00:00,144.53899999999999,144.59299999999999,144.17699999999999,144.42500000000001,23004,0,0
2025-06-27 12:00:00,144.428,144.68199999999999,144.34899999999999,144.459,22995,0,0
2025-06-27 16:00:00,144.46000000000001,144.946,144.381,144.64500000000001,29722,0,0
2025-06-27 20:00:00,144.64500000000001,144.90299999999999,144.583,144.614,14841,0,0
2025-06-30 00:00:00,144.30799999999999,144.761,144.30699999999999,144.613,11811,0,0
2025-06-30 04:00:00,144.61199999999999,144.655,143.91399999999999,143.94999999999999,15361,0,0
2025-06-30 08:00:00,143.946,144.215,143.779,144.11500000000001,24170,0,0
2025-06-30 12:00:00,144.114,144.495,144.054,144.459,20940,0,0
2025-06-30 16:00:00,144.458,144.511,144.14099999999999,144.22200000000001,34514,0,0
2025-06-30 20:00:00,144.22,144.32499999999999,143.95500000000001,143.96899999999999,15051,0,0
2025-07-01 00:00:00,143.96899999999999,144.04499999999999,143.55500000000001,143.55600000000001,8589,0,0
2025-07-01 04:00:00,143.55799999999999,143.934,143.434,143.75,16364,0,0
2025-07-01 08:00:00,143.75,143.76499999999999,142.887,143.03800000000001,28804,0,0
2025-07-01 12:00:00,143.03800000000001,143.16900000000001,142.68100000000001,143.07400000000001,31585,0,0
2025-07-01 16:00:00,143.07499999999999,143.78200000000001,142.93100000000001,143.691,42655,0,0
2025-07-01 20:00:00,143.691,143.803,143.358,143.381,15643,0,0
2025-07-02 00:00:00,143.38200000000001,143.661,143.31299999999999,143.476,9507,0,0
2025-07-02 04:00:00,143.47399999999999,143.75,143.44399999999999,143.55500000000001,15822,0,0
2025-07-02 08:00:00,143.55600000000001,144.04900000000001,143.54400000000001,143.97200000000001,24424,0,0
2025-07-02 12:00:00,143.97300000000001,144.245,143.48599999999999,143.87200000000001,32666,0,0
2025-07-02 16:00:00,143.87299999999999,144.15100000000001,143.636,143.74100000000001,36282,0,0
2025-07-02 20:00:00,143.74000000000001,143.749,143.56899999999999,143.58000000000001,11870,0,0
2025-07-03 00:00:00,143.58000000000001,143.65799999999999,143.44399999999999,143.578,9065,0,0
2025-07-03 04:00:00,143.577,143.88300000000001,143.489,143.83600000000001,11347,0,0
2025-07-03 08:00:00,143.83799999999999,143.93199999999999,143.673,143.87899999999999,21132,0,0
2025-07-03 12:00:00,143.88,145.23500000000001,143.739,145.00800000000001,28830,0,0
2025-07-03 16:00:00,145.012,145.214,144.60900000000001,145.05199999999999,40144,0,0
2025-07-03 20:00:00,145.05099999999999,145.11600000000001,144.90700000000001,144.917,6711,0,0
2025-07-04 00:00:00,144.886,144.96799999999999,144.55699999999999,144.602,7652,0,0
2025-07-04 04:00:00,144.601,144.78999999999999,144.327,144.37799999999999,13453,0,0
2025-07-04 08:00:00,144.37700000000001,144.429,144.18100000000001,144.346,20896,0,0
2025-07-04 12:00:00,144.34700000000001,144.447,144.27699999999999,144.42699999999999,17994,0,0
2025-07-04 16:00:00,144.42599999999999,144.565,144.387,144.51300000000001,14938,0,0
2025-07-04 20:00:00,144.512,144.578,144.29599999999999,144.29599999999999,19739,0,0
2025-07-07 00:00:00,144.36799999999999,144.63499999999999,144.29300000000001,144.36199999999999,10606,0,0
2025-07-07 04:00:00,144.36099999999999,145.00299999999999,144.22499999999999,144.98500000000001,16530,0,0
2025-07-07 08:00:00,144.983,145.345,144.935,145.33500000000001,25887,0,0
2025-07-07 12:00:00,145.334,145.64500000000001,145.27600000000001,145.59100000000001,21780,0,0
2025-07-07 16:00:00,145.59200000000001,146.148,145.56999999999999,146.12200000000001,28144,0,0
2025-07-07 20:00:00,146.12,146.24199999999999,146.01499999999999,146.02000000000001,17610,0,0
2025-07-08 00:00:00,145.99700000000001,146.20500000000001,145.828,146.15299999999999,11766,0,0
2025-07-08 04:00:00,146.15199999999999,146.44,145.88300000000001,146,18603,0,0
2025-07-08 08:00:00,146.001,146.28,145.946,146.197,24137,0,0
2025-07-08 12:00:00,146.196,146.68899999999999,146.054,146.66,21704,0,0
2025-07-08 16:00:00,146.65899999999999,146.977,146.63200000000001,146.726,31861,0,0
2025-07-08 20:00:00,146.727,146.809,146.512,146.51400000000001,15962,0,0
2025-07-09 00:00:00,146.51400000000001,146.91300000000001,146.47900000000001,146.78999999999999,8448,0,0
2025-07-09 04:00:00,146.791,147.18100000000001,146.73699999999999,147.042,17238,0,0
2025-07-09 08:00:00,147.03800000000001,147.06800000000001,146.595,146.678,22920,0,0
2025-07-09 12:00:00,146.67699999999999,146.77799999999999,146.46799999999999,146.47999999999999,23260,0,0
2025-07-09 16:00:00,146.48099999999999,146.566,146.27099999999999,146.41300000000001,29125,0,0
2025-07-09 20:00:00,146.41300000000001,146.48400000000001,146.25,146.30600000000001,13706,0,0
2025-07-10 00:00:00,146.30600000000001,146.31399999999999,145.75299999999999,145.81700000000001,9979,0,0
2025-07-10 04:00:00,145.821,146.40700000000001,145.75899999999999,146.22,12067,0,0
2025-07-10 08:00:00,146.21700000000001,146.465,146.06700000000001,146.35599999999999,19529,0,0
2025-07-10 12:00:00,146.36000000000001,146.547,146.083,146.43899999999999,20793,0,0
2025-07-10 16:00:00,146.43799999999999,146.78700000000001,146.351,146.46299999999999,32026,0,0
2025-07-10 20:00:00,146.46199999999999,146.47800000000001,146.166,146.23400000000001,14154,0,0
2025-07-11 00:00:00,146.23400000000001,146.63999999999999,146.13300000000001,146.55600000000001,11757,0,0
2025-07-11 04:00:00,146.55500000000001,147.185,146.51900000000001,147.08199999999999,18758,0,0
2025-07-11 08:00:00,147.08199999999999,147.11099999999999,146.71899999999999,146.982,24319,0,0
2025-07-11 12:00:00,146.97999999999999,147.09,146.767,146.96799999999999,23283,0,0
2025-07-11 16:00:00,146.97,147.52199999999999,146.898,147.37,29734,0,0
2025-07-11 20:00:00,147.369,147.48099999999999,147.31899999999999,147.39699999999999,8598,0,0
2025-07-14 00:00:00,147.154,147.57300000000001,146.917,146.94999999999999,13687,0,0
2025-07-14 04:00:00,146.95099999999999,147.44399999999999,146.851,147.376,16029,0,0
2025-07-14 08:00:00,147.376,147.48400000000001,147.16999999999999,147.31899999999999,22573,0,0
2025-07-14 12:00:00,147.322,147.464,147.15299999999999,147.39099999999999,20535,0,0
2025-07-14 16:00:00,147.392,147.75700000000001,147.309,147.71600000000001,28740,0,0
2025-07-14 20:00:00,147.71700000000001,147.779,147.66900000000001,147.68100000000001,8423,0,0
2025-07-15 00:00:00,147.68100000000001,147.89099999999999,147.56200000000001,147.58199999999999,6622,0,0
2025-07-15 04:00:00,147.583,147.822,147.553,147.66399999999999,9970,0,0
2025-07-15 08:00:00,147.66300000000001,147.78899999999999,147.548,147.678,16805,0,0
2025-07-15 12:00:00,147.679,148.149,147.61099999999999,147.892,24417,0,0
2025-07-15 16:00:00,147.89400000000001,149.02000000000001,147.88900000000001,148.88900000000001,37335,0,0
2025-07-15 20:00:00,148.88900000000001,148.99299999999999,148.80500000000001,148.81999999999999,10543,0,0
2025-07-16 00:00:00,148.81999999999999,149.035,148.70599999999999,148.97800000000001,8525,0,0
2025-07-16 04:00:00,148.98599999999999,149.184,148.739,148.93899999999999,12821,0,0
2025-07-16 08:00:00,148.94200000000001,148.94900000000001,148.61699999999999,148.83699999999999,21838,0,0
2025-07-16 12:00:00,148.83600000000001,148.886,148.46000000000001,148.70400000000001,23408,0,0
2025-07-16 16:00:00,148.70599999999999,148.929,146.911,148.04400000000001,69539,0,0
2025-07-16 20:00:00,148.02099999999999,148.059,147.48699999999999,147.78399999999999,20602,0,0
2025-07-17 00:00:00,147.785,148.42099999999999,147.727,148.38300000000001,9839,0,0
2025-07-17 04:00:00,148.38200000000001,148.66200000000001,148.28,148.41900000000001,15609,0,0
2025-07-17 08:00:00,148.41999999999999,148.804,148.36699999999999,148.57400000000001,25955,0,0
2025-07-17 12:00:00,148.57499999999999,149.08500000000001,148.51900000000001,148.721,29293,0,0
2025-07-17 16:00:00,148.71899999999999,148.755,148.38,148.62100000000001,35321,0,0
2025-07-17 20:00:00,148.62100000000001,148.755,148.49799999999999,148.49799999999999,12339,0,0
2025-07-18 00:00:00,148.49799999999999,148.62100000000001,148.28999999999999,148.58099999999999,8493,0,0
2025-07-18 04:00:00,148.58199999999999,148.726,148.38,148.667,14558,0,0
2025-07-18 08:00:00,148.673,148.88200000000001,148.49799999999999,148.58600000000001,21667,0,0
2025-07-18 12:00:00,148.58799999999999,148.72499999999999,148.31999999999999,148.35599999999999,21728,0,0
2025-07-18 16:00:00,148.34999999999999,148.733,148.18100000000001,148.69,32659,0,0
2025-07-18 20:00:00,148.691,148.846,148.655,148.81800000000001,13002,0,0
2025-07-21 00:00:00,147.898,148.667,147.84100000000001,148.41200000000001,12818,0,0
2025-07-21 04:00:00,148.411,148.56100000000001,148.333,148.44499999999999,11638,0,0
2025-07-21 08:00:00,148.44499999999999,148.44900000000001,147.69,147.89400000000001,25366,0,0
2025-07-21 12:00:00,147.89500000000001,147.97900000000001,147.33799999999999,147.49799999999999,23382,0,0
2025-07-21 16:00:00,147.501,147.721,147.078,147.16499999999999,30129,0,0
2025-07-21 20:00:00,147.16499999999999,147.43899999999999,147.108,147.27500000000001,11114,0,0
2025-07-22 00:00:00,147.27500000000001,147.71299999999999,147.203,147.48500000000001,8704,0,0
2025-07-22 04:00:00,147.48400000000001,147.66900000000001,147.41200000000001,147.63900000000001,10784,0,0
2025-07-22 08:00:00,147.63800000000001,147.94900000000001,147.602,147.61199999999999,17833,0,0
2025-07-22 12:00:00,147.61099999999999,147.61099999999999,146.739,146.80199999999999,23370,0,0
2025-07-22 16:00:00,146.80099999999999,146.89400000000001,146.30799999999999,146.42699999999999,37975,0,0
2025-07-22 20:00:00,146.43000000000001,146.679,146.428,146.58500000000001,13048,0,0
2025-07-23 00:00:00,146.58500000000001,146.94300000000001,146.19800000000001,146.441,17120,0,0
2025-07-23 04:00:00,146.43700000000001,147.20500000000001,146.38900000000001,146.941,20836,0,0
2025-07-23 08:00:00,146.93899999999999,147.21299999999999,146.59899999999999,146.797,25727,0,0
2025-07-23 12:00:00,146.798,146.80099999999999,146.107,146.41399999999999,22720,0,0
2025-07-23 16:00:00,146.41200000000001,146.72900000000001,146.23599999999999,146.57900000000001,36190,0,0
2025-07-23 20:00:00,146.58000000000001,146.625,146.36699999999999,146.40700000000001,15178,0,0
2025-07-24 00:00:00,146.40700000000001,146.52000000000001,146.238,146.43100000000001,10768,0,0
2025-07-24 04:00:00,146.42699999999999,146.43899999999999,145.85599999999999,146.017,20527,0,0
2025-07-24 08:00:00,146.01599999999999,146.56700000000001,145.95099999999999,146.548,27606,0,0
2025-07-24 12:00:00,146.54599999999999,146.83199999999999,146.446,146.79499999999999,27280,0,0
2025-07-24 16:00:00,146.79900000000001,146.952,146.357,146.89500000000001,39192,0,0
2025-07-24 20:00:00,146.898,147.02099999999999,146.755,146.99299999999999,12719,0,0
2025-07-25 00:00:00,146.99299999999999,147.33600000000001,146.93000000000001,147.208,10948,0,0
2025-07-25 04:00:00,147.21199999999999,147.49600000000001,147.09700000000001,147.13900000000001,16924,0,0
2025-07-25 08:00:00,147.13999999999999,147.833,146.81,147.755,30663,0,0
2025-07-25 12:00:00,147.75399999999999,147.93899999999999,147.60400000000001,147.85599999999999,23688,0,0
2025-07-25 16:00:00,147.857,147.92099999999999,147.53,147.761,38190,0,0
2025-07-25 20:00:00,147.761,147.78100000000001,147.53100000000001,147.643,11458,0,0
2025-07-28 00:00:00,147.708,147.87700000000001,147.59800000000001,147.61699999999999,12363,0,0
2025-07-28 04:00:00,147.61600000000001,148.02199999999999,147.517,147.76599999999999,18289,0,0
2025-07-28 08:00:00,147.77199999999999,148.37200000000001,147.72900000000001,148.262,30281,0,0
2025-07-28 12:00:00,148.26599999999999,148.44399999999999,148.02600000000001,148.04599999999999,30804,0,0
2025-07-28 16:00:00,148.04300000000001,148.52000000000001,147.93600000000001,148.489,33239,0,0
2025-07-28 20:00:00,148.488,148.577,148.393,148.49199999999999,9744,0,0
2025-07-29 00:00:00,148.49199999999999,148.708,148.33799999999999,148.68100000000001,8592,0,0
2025-07-29 04:00:00,148.68199999999999,148.70599999999999,148.28899999999999,148.351,15295,0,0
2025-07-29 08:00:00,148.351,148.75,148.155,148.554,27013,0,0
2025-07-29 12:00:00,148.553,148.77099999999999,148.38499999999999,148.708,23146,0,0
2025-07-29 16:00:00,148.71700000000001,148.81,148.34999999999999,148.56299999999999,34377,0,0
2025-07-29 20:00:00,148.56399999999999,148.583,148.334,148.405,12322,0,0
2025-07-30 00:00:00,148.405,148.523,148.03200000000001,148.054,7921,0,0
2025-07-30 04:00:00,148.03700000000001,148.17099999999999,147.84299999999999,148.15600000000001,15356,0,0
2025-07-30 08:00:00,148.15600000000001,148.16999999999999,147.80199999999999,147.96000000000001,26747,0,0
2025-07-30 12:00:00,147.96100000000001,148.88900000000001,147.851,148.85300000000001,30595,0,0
2025-07-30 16:00:00,148.852,149.13,148.83000000000001,148.934,31536,0,0
2025-07-30 20:00:00,148.934,149.52699999999999,148.52099999999999,149.48099999999999,32792,0,0
2025-07-31 00:00:00,149.48099999999999,149.48099999999999,149.17599999999999,149.304,9663,0,0
2025-07-31 04:00:00,149.303,149.34100000000001,148.59,148.88900000000001,19550,0,0
2025-07-31 08:00:00,148.88999999999999,149.72200000000001,148.68000000000001,149.64099999999999,33861,0,0
2025-07-31 12:00:00,149.63999999999999,150.25800000000001,149.62299999999999,150.18899999999999,31205,0,0
2025-07-31 16:00:00,150.18799999999999,150.78800000000001,150.17699999999999,150.691,38866,0,0
2025-07-31 20:00:00,150.69,150.84100000000001,150.55500000000001,150.72399999999999,18699,0,0
2025-08-01 00:00:00,150.72399999999999,150.89599999999999,150.59399999999999,150.73699999999999,12749,0,0
2025-08-01 04:00:00,150.74100000000001,150.916,150.55099999999999,150.614,17225,0,0
2025-08-01 08:00:00,150.61500000000001,150.65700000000001,150.41200000000001,150.60300000000001,22458,0,0
2025-08-01 12:00:00,150.60499999999999,150.62899999999999,148.565,148.59800000000001,41345,0,0
2025-08-01 16:00:00,148.59700000000001,148.66300000000001,147.47900000000001,147.83099999999999,79761,0,0
2025-08-01 20:00:00,147.83699999999999,147.95099999999999,147.292,147.36000000000001,30743,0,0
2025-08-04 00:00:00,147.214,147.69399999999999,147.05199999999999,147.65299999999999,18040,0,0
2025-08-04 04:00:00,147.654,147.91200000000001,147.55699999999999,147.68600000000001,22595,0,0
2025-08-04 08:00:00,147.68700000000001,148.09100000000001,147.52799999999999,147.893,35074,0,0
2025-08-04 12:00:00,147.892,147.94499999999999,147.00800000000001,147.196,35202,0,0
2025-08-04 16:00:00,147.19499999999999,147.35400000000001,146.86199999999999,147.03999999999999,45271,0,0
2025-08-04 20:00:00,147.03899999999999,147.10599999999999,146.90799999999999,147.07300000000001,19484,0,0
2025-08-05 00:00:00,147.05600000000001,147.08000000000001,146.61600000000001,146.92400000000001,12928,0,0
2025-08-05 04:00:00,146.92699999999999,147.26400000000001,146.88,147.09399999999999,17759,0,0
2025-08-05 08:00:00,147.095,147.63499999999999,147.03100000000001,147.583,29248,0,0
2025-08-05 12:00:00,147.58199999999999,147.77799999999999,147.44999999999999,147.655,28752,0,0
2025-08-05 16:00:00,147.65700000000001,147.83500000000001,147.30099999999999,147.541,47696,0,0
2025-08-05 20:00:00,147.542,147.703,147.48500000000001,147.584,17308,0,0
2025-08-06 00:00:00,147.46600000000001,147.64500000000001,147.44499999999999,147.59800000000001,10842,0,0
2025-08-06 04:00:00,147.59800000000001,147.751,147.30000000000001,147.346,17292,0,0
2025-08-06 08:00:00,147.34299999999999,147.84399999999999,147.33099999999999,147.80799999999999,27111,0,0
2025-08-06 12:00:00,147.80799999999999,147.886,147.404,147.43899999999999,27545,0,0
2025-08-06 16:00:00,147.43799999999999,147.65600000000001,147.21100000000001,147.34800000000001,37251,0,0
2025-08-06 20:00:00,147.34800000000001,147.63300000000001,146.977,147.31,19081,0,0
2025-08-07 00:00:00,147.31,147.601,147.148,147.584,11829,0,0
2025-08-07 04:00:00,147.58500000000001,147.709,147.268,147.30799999999999,19017,0,0
2025-08-07 08:00:00,147.30699999999999,147.34800000000001,146.69,147.13300000000001,35905,0,0
2025-08-07 12:00:00,147.131,147.49600000000001,147.02000000000001,147.291,32882,0,0
2025-08-07 16:00:00,147.291,147.589,147.11000000000001,147.36199999999999,40622,0,0
2025-08-07 20:00:00,147.36099999999999,147.56700000000001,146.94399999999999,147.10499999999999,23965,0,0
2025-08-08 00:00:00,147.10499999999999,147.19300000000001,146.715,147.14599999999999,14246,0,0
2025-08-08 04:00:00,147.14699999999999,147.37200000000001,147.11699999999999,147.16900000000001,16810,0,0
2025-08-08 08:00:00,147.16900000000001,147.69300000000001,147.13300000000001,147.64599999999999,30795,0,0
2025-08-08 12:00:00,147.64500000000001,147.89500000000001,147.54400000000001,147.846,31380,0,0
2025-08-08 16:00:00,147.84700000000001,147.905,147.63300000000001,147.74100000000001,31471,0,0
2025-08-08 20:00:00,147.738,147.81999999999999,147.619,147.619,20173,0,0
2025-08-11 00:00:00,147.446,147.79300000000001,147.44399999999999,147.66200000000001,8800,0,0
2025-08-11 04:00:00,147.666,147.71600000000001,147.42400000000001,147.482,14153,0,0
2025-08-11 08:00:00,147.483,147.66300000000001,147.34899999999999,147.50700000000001,24240,0,0
2025-08-11 12:00:00,147.51300000000001,147.95099999999999,147.48500000000001,147.809,25927,0,0
2025-08-11 16:00:00,147.81,148.114,147.78800000000001,147.98400000000001,31102,0,0
2025-08-11 20:00:00,147.989,148.25299999999999,147.96600000000001,148.13999999999999,15693,0,0
2025-08-12 00:00:00,148.13999999999999,148.429,148.048,148.40299999999999,9067,0,0
2025-08-12 04:00:00,148.404,148.44499999999999,148.209,148.35300000000001,14422,0,0
2025-08-12 08:00:00,148.357,148.46700000000001,148.148,148.416,29847,0,0
2025-08-12 12:00:00,148.41499999999999,148.51900000000001,147.82300000000001,148.05099999999999,33831,0,0
2025-08-12 16:00:00,148.05199999999999,148.44900000000001,147.577,147.71199999999999,56926,0,0
2025-08-12 20:00:00,147.71299999999999,147.875,147.68700000000001,147.83699999999999,18019,0,0
2025-08-13 00:00:00,147.65000000000001,147.892,147.65000000000001,147.80199999999999,9464,0,0
2025-08-13 04:00:00,147.804,148.16499999999999,147.72900000000001,147.93299999999999,16861,0,0
2025-08-13 08:00:00,147.934,148.00999999999999,147.19999999999999,147.25999999999999,27408,0,0
2025-08-13 12:00:00,147.25899999999999,147.566,147.15600000000001,147.41399999999999,28409,0,0
2025-08-13 16:00:00,147.41499999999999,147.43299999999999,147.08699999999999,147.34399999999999,34040,0,0
2025-08-13 20:00:00,147.34700000000001,147.51400000000001,147.315,147.36600000000001,14700,0,0
2025-08-14 00:00:00,147.304,147.34899999999999,146.61699999999999,146.68700000000001,9938,0,0
2025-08-14 04:00:00,146.68600000000001,146.74799999999999,146.33799999999999,146.387,20919,0,0
2025-08-14 08:00:00,146.38800000000001,146.63200000000001,146.214,146.554,34008,0,0
2025-08-14 12:00:00,146.553,147.10599999999999,146.42599999999999,146.95099999999999,35716,0,0
2025-08-14 16:00:00,146.95500000000001,147.892,146.94800000000001,147.84899999999999,44723,0,0
2025-08-14 20:00:00,147.84899999999999,147.96100000000001,147.72399999999999,147.74700000000001,16593,0,0
2025-08-15 00:00:00,147.74700000000001,147.87,147.464,147.48400000000001,8425,0,0
2025-08-15 04:00:00,147.47499999999999,147.51599999999999,147.11000000000001,147.13800000000001,14813,0,0
2025-08-15 08:00:00,147.14500000000001,147.221,146.85300000000001,146.857,24454,0,0
2025-08-15 12:00:00,146.86000000000001,147.274,146.73599999999999,146.88800000000001,26670,0,0
2025-08-15 16:00:00,146.87700000000001,147.26300000000001,146.77099999999999,147.202,39487,0,0
2025-08-15 20:00:00,147.203,147.333,147.10300000000001,147.161,13087,0,0
2025-08-18 00:00:00,147.09899999999999,147.458,147.08000000000001,147.429,10429,0,0
2025-08-18 04:00:00,147.43000000000001,147.584,147.30099999999999,147.37299999999999,15012,0,0
2025-08-18 08:00:00,147.374,147.52099999999999,147.11799999999999,147.34299999999999,27463,0,0
2025-08-18 12:00:00,147.34399999999999,147.79499999999999,147.27600000000001,147.72399999999999,25036,0,0
2025-08-18 16:00:00,147.727,147.98699999999999,147.67699999999999,147.78999999999999,29193,0,0
2025-08-18 20:00:00,147.78899999999999,147.92599999999999,147.65299999999999,147.869,13726,0,0
2025-08-19 00:00:00,147.869,147.982,147.68199999999999,147.774,8968,0,0
2025-08-19 04:00:00,147.77199999999999,148.108,147.62100000000001,147.75999999999999,20027,0,0
2025-08-19 08:00:00,147.75899999999999,147.77600000000001,147.53,147.66399999999999,23862,0,0
2025-08-19 12:00:00,147.66200000000001,147.851,147.59999999999999,147.78800000000001,24902,0,0
2025-08-19 16:00:00,147.786,147.90299999999999,147.553,147.62200000000001,31531,0,0
2025-08-19 20:00:00,147.62299999999999,147.68899999999999,147.44399999999999,147.66300000000001,16456,0,0
2025-08-20 00:00:00,147.66300000000001,147.81800000000001,147.5,147.56800000000001,9145,0,0
2025-08-20 04:00:00,147.565,147.66499999999999,147.42500000000001,147.57499999999999,17808,0,0
2025-08-20 08:00:00,147.57499999999999,147.697,147.142,147.58799999999999,25911,0,0
2025-08-20 12:00:00,147.59100000000001,147.59299999999999,147.24000000000001,147.27600000000001,21167,0,0
2025-08-20 16:00:00,147.27500000000001,147.44,146.86699999999999,147.11600000000001,37430,0,0
2025-08-20 20:00:00,147.113,147.49000000000001,147.00800000000001,147.31399999999999,15826,0,0
2025-08-21 00:00:00,147.30000000000001,147.46199999999999,147.233,147.387,10832,0,0
2025-08-21 04:00:00,147.38499999999999,147.50700000000001,147.25299999999999,147.38499999999999,15115,0,0
2025-08-21 08:00:00,147.38399999999999,147.64099999999999,147.34,147.58500000000001,23452,0,0
2025-08-21 12:00:00,147.58600000000001,147.93600000000001,147.47900000000001,147.75999999999999,26019,0,0
2025-08-21 16:00:00,147.75700000000001,148.40100000000001,147.584,148.274,41205,0,0
2025-08-21 20:00:00,148.26900000000001,148.40700000000001,148.167,148.36099999999999,12799,0,0
2025-08-22 00:00:00,148.36099999999999,148.506,148.17599999999999,148.48099999999999,10092,0,0
2025-08-22 04:00:00,148.48400000000001,148.76400000000001,148.41200000000001,148.74600000000001,14759,0,0
2025-08-22 08:00:00,148.74700000000001,148.779,148.40899999999999,148.642,21216,0,0
2025-08-22 12:00:00,148.64400000000001,148.738,148.59899999999999,148.709,21057,0,0
2025-08-22 16:00:00,148.71000000000001,148.721,146.57300000000001,146.70599999999999,54807,0,0
2025-08-22 20:00:00,146.70500000000001,147,146.57400000000001,146.90799999999999,16564,0,0
2025-08-25 00:00:00,146.82599999999999,147.52699999999999,146.74000000000001,147.38399999999999,12393,0,0
2025-08-25 04:00:00,147.38300000000001,147.52000000000001,147.20500000000001,147.239,13771,0,0
2025-08-25 08:00:00,147.24700000000001,147.375,147.09800000000001,147.28700000000001,18647,0,0
2025-08-25 12:00:00,147.28800000000001,147.44900000000001,147.22399999999999,147.376,17528,0,0
2025-08-25 16:00:00,147.375,147.67400000000001,147.28800000000001,147.53899999999999,29224,0,0
2025-08-25 20:00:00,147.53800000000001,147.93899999999999,147.499,147.745,19949,0,0
2025-08-26 00:00:00,147.745,147.875,146.98699999999999,147.11199999999999,19551,0,0
2025-08-26 04:00:00,147.11099999999999,147.81200000000001,147.11099999999999,147.768,20280,0,0
2025-08-26 08:00:00,147.767,147.90600000000001,147.49299999999999,147.57599999999999,32945,0,0
2025-08-26 12:00:00,147.578,147.67099999999999,147.32300000000001,147.54599999999999,28062,0,0
2025-08-26 16:00:00,147.547,147.721,147.09800000000001,147.30799999999999,33347,0,0
2025-08-26 20:00:00,147.30600000000001,147.54499999999999,147.268,147.339,15415,0,0
2025-08-27 00:00:00,147.339,147.578,147.238,147.577,9223,0,0
2025-08-27 04:00:00,147.577,147.959,147.51400000000001,147.94499999999999,15838,0,0
2025-08-27 08:00:00,147.946,148.00299999999999,147.655,147.916,24388,0,0
2025-08-27 12:00:00,147.91900000000001,148.184,147.86500000000001,148.06999999999999,24748,0,0
2025-08-27 16:00:00,148.071,148.12799999999999,147.33699999999999,147.35599999999999,31760,0,0
2025-08-27 20:00:00,147.35499999999999,147.518,147.29300000000001,147.358,16993,0,0
2025-08-28 00:00:00,147.358,147.48099999999999,147.203,147.29300000000001,11502,0,0
2025-08-28 04:00:00,147.28899999999999,147.44499999999999,147.077,147.16200000000001,15577,0,0
2025-08-28 08:00:00,147.16399999999999,147.40600000000001,146.999,147.184,26198,0,0
2025-08-28 12:00:00,147.18600000000001,147.18700000000001,146.80600000000001,147.10400000000001,30556,0,0
2025-08-28 16:00:00,147.10900000000001,147.233,146.828,146.84800000000001,35077,0,0
2025-08-28 20:00:00,146.84999999999999,146.99700000000001,146.65899999999999,146.92099999999999,14676,0,0
2025-08-29 00:00:00,146.92099999999999,147.08199999999999,146.75800000000001,146.81800000000001,11986,0,0
2025-08-29 04:00:00,146.81899999999999,147.11000000000001,146.78999999999999,146.904,16330,0,0
2025-08-29 08:00:00,146.904,147.19999999999999,146.86699999999999,146.952,22040,0,0
2025-08-29 12:00:00,146.953,147.40899999999999,146.93700000000001,147.333,25570,0,0
2025-08-29 16:00:00,147.334,147.392,146.76599999999999,146.91499999999999,37225,0,0
2025-08-29 20:00:00,146.916,147.11199999999999,146.88,146.999,10746,0,0
2025-09-01 00:00:00,147.03700000000001,147.25999999999999,146.90899999999999,147.23400000000001,8024,0,0
2025-09-01 04:00:00,147.23500000000001,147.38200000000001,146.83799999999999,147.04599999999999,16551,0,0
2025-09-01 08:00:00,147.053,147.20400000000001,146.78399999999999,146.989,21852,0,0
2025-09-01 12:00:00,146.988,147.23400000000001,146.93600000000001,147.191,20464,0,0
2025-09-01 16:00:00,147.19,147.30799999999999,147.16800000000001,147.239,17878,0,0
2025-09-01 20:00:00,147.24000000000001,147.244,147.143,147.16800000000001,6063,0,0
2025-09-02 00:00:00,147.16800000000001,147.35599999999999,147.04300000000001,147.31100000000001,10476,0,0
2025-09-02 04:00:00,147.31,147.86199999999999,147.18899999999999,147.726,18626,0,0
2025-09-02 08:00:00,147.72900000000001,148.791,147.69900000000001,148.441,38004,0,0
2025-09-02 12:00:00,148.45400000000001,148.94499999999999,148.37,148.83199999999999,40294,0,0
2025-09-02 16:00:00,148.83099999999999,148.84899999999999,147.93899999999999,148.29900000000001,44580,0,0
2025-09-02 20:00:00,148.298,148.535,148.245,148.35499999999999,14574,0,0
2025-09-03 00:00:00,148.35499999999999,148.767,148.214,148.75999999999999,10066,0,0
2025-09-03 04:00:00,148.761,148.92400000000001,148.554,148.595,14904,0,0
2025-09-03 08:00:00,148.596,149.13300000000001,148.48400000000001,148.58799999999999,28278,0,0
2025-09-03 12:00:00,148.58699999999999,148.80099999999999,148.434,148.72999999999999,28510,0,0
2025-09-03 16:00:00,148.72900000000001,148.79599999999999,147.90600000000001,147.93600000000001,41080,0,0
2025-09-03 20:00:00,147.93600000000001,148.161,147.875,148.06100000000001,14349,0,0
2025-09-04 00:00:00,148.06100000000001,148.172,147.90299999999999,148.02699999999999,11496,0,0
2025-09-04 04:00:00,148.02699999999999,148.28200000000001,147.78700000000001,148.24100000000001,18738,0,0
2025-09-04 08:00:00,148.24299999999999,148.41499999999999,148.11000000000001,148.21600000000001,24210,0,0
2025-09-04 12:00:00,148.215,148.53100000000001,147.999,148.43100000000001,28391,0,0
2025-09-04 16:00:00,148.43199999999999,148.779,148.34999999999999,148.61799999999999,35133,0,0
2025-09-04 20:00:00,148.61699999999999,148.673,148.43799999999999,148.47900000000001,11319,0,0
2025-09-05 00:00:00,148.47900000000001,148.51499999999999,148.125,148.172,10736,0,0
2025-09-05 04:00:00,148.17099999999999,148.26599999999999,148.08099999999999,148.22,11595,0,0
2025-09-05 08:00:00,148.21799999999999,148.27500000000001,148.11199999999999,148.16300000000001,19515,0,0
2025-09-05 12:00:00,148.16200000000001,148.25399999999999,147.17599999999999,147.274,33410,0,0
2025-09-05 16:00:00,147.27500000000001,147.46700000000001,146.81800000000001,147.14099999999999,51220,0,0
2025-09-05 20:00:00,147.13999999999999,147.50700000000001,147.131,147.33600000000001,18942,0,0
2025-09-08 00:00:00,148.042,148.58099999999999,147.886,148.339,20425,0,0
2025-09-08 04:00:00,148.33600000000001,148.38800000000001,148.001,148.16300000000001,19714,0,0
2025-09-08 08:00:00,148.17099999999999,148.18199999999999,147.464,147.68700000000001,26683,0,0
2025-09-08 12:00:00,147.68600000000001,147.87899999999999,147.65000000000001,147.696,24806,0,0
2025-09-08 16:00:00,147.69499999999999,147.87200000000001,147.53800000000001,147.68700000000001,30190,0,0
2025-09-08 20:00:00,147.69,147.767,147.33600000000001,147.422,13026,0,0
2025-09-09 00:00:00,147.422,147.52099999999999,147.15199999999999,147.34899999999999,11926,0,0
2025-09-09 04:00:00,147.35400000000001,147.40299999999999,147.09200000000001,147.126,15720,0,0
2025-09-09 08:00:00,147.12700000000001,147.333,146.56,146.61000000000001,28737,0,0
2025-09-09 12:00:00,146.61099999999999,147.00700000000001,146.304,146.923,26296,0,0
2025-09-09 16:00:00,146.922,147.352,146.52199999999999,147.274,42141,0,0
2025-09-09 20:00:00,147.274,147.46899999999999,147.233,147.405,14709,0,0
2025-09-10 00:00:00,147.405,147.477,147.19399999999999,147.429,9544,0,0
2025-09-10 04:00:00,147.428,147.572,147.268,147.328,16244,0,0
2025-09-10 08:00:00,147.32900000000001,147.58500000000001,147.27699999999999,147.52199999999999,24397,0,0
2025-09-10 12:00:00,147.523,147.64699999999999,147.06299999999999,147.56299999999999,28599,0,0
2025-09-10 16:00:00,147.56700000000001,147.60499999999999,147.26400000000001,147.374,32512,0,0
2025-09-10 20:00:00,147.37299999999999,147.46899999999999,147.24600000000001,147.45699999999999,12141,0,0
2025-09-11 00:00:00,147.45699999999999,147.471,147.27799999999999,147.464,9738,0,0
2025-09-11 04:00:00,147.46700000000001,147.482,147.31899999999999,147.43600000000001,12284,0,0
2025-09-11 08:00:00,147.435,147.86500000000001,147.42500000000001,147.85400000000001,21283,0,0
2025-09-11 12:00:00,147.85300000000001,148.18100000000001,147.36000000000001,147.501,31542,0,0
2025-09-11 16:00:00,147.5,147.619,146.98599999999999,147.05500000000001,41390,0,0
2025-09-11 20:00:00,147.05500000000001,147.30600000000001,147.04900000000001,147.19900000000001,15854,0,0
2025-09-12 00:00:00,147.19900000000001,147.334,147.11799999999999,147.22900000000001,10023,0,0
2025-09-12 04:00:00,147.22999999999999,147.54599999999999,147.21299999999999,147.50399999999999,13861,0,0
2025-09-12 08:00:00,147.505,147.928,147.24000000000001,147.898,26143,0,0
2025-09-12 12:00:00,147.89699999999999,148.072,147.684,147.852,25151,0,0
2025-09-12 16:00:00,147.85400000000001,147.892,147.58699999999999,147.68199999999999,26858,0,0
2025-09-12 20:00:00,147.67699999999999,147.72300000000001,147.46000000000001,147.636,11622,0,0
2025-09-15 00:00:00,147.49799999999999,147.786,147.482,147.55099999999999,9228,0,0
2025-09-15 04:00:00,147.55199999999999,147.61099999999999,147.33799999999999,147.399,17404,0,0
2025-09-15 08:00:00,147.39400000000001,147.608,147.37100000000001,147.40899999999999,22080,0,0
2025-09-15 12:00:00,147.41499999999999,147.47800000000001,147.24700000000001,147.26599999999999,21461,0,0
2025-09-15 16:00:00,147.268,147.47,147.23099999999999,147.33799999999999,25843,0,0
2025-09-15 20:00:00,147.33799999999999,147.43100000000001,147.24000000000001,147.35400000000001,14827,0,0
2025-09-16 00:00:00,147.357,147.501,147.232,147.446,10584,0,0
2025-09-16 04:00:00,147.446,147.53999999999999,146.97,147.01599999999999,22825,0,0
2025-09-16 08:00:00,147.01499999999999,147.09299999999999,146.68899999999999,146.99799999999999,28433,0,0
2025-09-16 12:00:00,146.99600000000001,147.255,146.86600000000001,147.101,23231,0,0
2025-09-16 16:00:00,147.10300000000001,147.13800000000001,146.34999999999999,146.35599999999999,22793,0,0
2025-09-16 20:00:00,146.35499999999999,146.50700000000001,146.27600000000001,146.446,12594,0,0
2025-09-17 00:00:00,146.446,146.56899999999999,146.21199999999999,146.53800000000001,9785,0,0
2025-09-17 04:00:00,146.53999999999999,146.60599999999999,146.428,146.45599999999999,10774,0,0
2025-09-17 08:00:00,146.45699999999999,146.68100000000001,146.369,146.45500000000001,12871,0,0
2025-09-17 12:00:00,146.45400000000001,146.476,146.19300000000001,146.37700000000001,13463,0,0
2025-09-17 16:00:00,146.376,146.40000000000001,146.21100000000001,146.28999999999999,14252,0,0
2025-09-17 20:00:00,146.28899999999999,147.05000000000001,145.48500000000001,146.94900000000001,45968,0,0
2025-09-18 00:00:00,146.94900000000001,147.03,146.77000000000001,146.916,12715,0,0
2025-09-18 04:00:00,146.91499999999999,147.22200000000001,146.845,147.209,15022,0,0
2025-09-18 08:00:00,147.21000000000001,147.53299999999999,147.02699999999999,147.435,22750,0,0
2025-09-18 12:00:00,147.434,147.803,147.16200000000001,147.80000000000001,29932,0,0
2025-09-18 16:00:00,147.80099999999999,148.26599999999999,147.80099999999999,147.86699999999999,42230,0,0
2025-09-18 20:00:00,147.86600000000001,148.011,147.803,147.983,13692,0,0
2025-09-19 00:00:00,147.983,148.11600000000001,147.79900000000001,148.01300000000001,12742,0,0
2025-09-19 04:00:00,148.011,148.108,147.19300000000001,147.524,33748,0,0
2025-09-19 08:00:00,147.523,148.036,147.41800000000001,147.85599999999999,41143,0,0
2025-09-19 12:00:00,147.85599999999999,148.28700000000001,147.75200000000001,148.15199999999999,27773,0,0
2025-09-19 16:00:00,148.15100000000001,148.155,147.792,147.84700000000001,34952,0,0
2025-09-19 20:00:00,147.84700000000001,147.99600000000001,147.84200000000001,147.94399999999999,13549,0,0
2025-09-22 00:00:00,147.863,148.25999999999999,147.82400000000001,148.15600000000001,8563,0,0
2025-09-22 04:00:00,148.15299999999999,148.37299999999999,148.08799999999999,148.286,13224,0,0
2025-09-22 08:00:00,148.28700000000001,148.30600000000001,147.81800000000001,147.85400000000001,19068,0,0
2025-09-22 12:00:00,147.85499999999999,147.946,147.739,147.84100000000001,19931,0,0
2025-09-22 16:00:00,147.84399999999999,147.98599999999999,147.73099999999999,147.74299999999999,22514,0,0
2025-09-22 20:00:00,147.74199999999999,147.78200000000001,147.65299999999999,147.69499999999999,10353,0,0
2025-09-23 00:00:00,147.69499999999999,147.81999999999999,147.64699999999999,147.66800000000001,8084,0,0
2025-09-23 04:00:00,147.66499999999999,147.86699999999999,147.59899999999999,147.809,16461,0,0
2025-09-23 08:00:00,147.80600000000001,147.84100000000001,147.53399999999999,147.55699999999999,20275,0,0
2025-09-23 12:00:00,147.55600000000001,147.886,147.505,147.77799999999999,17622,0,0
2025-09-23 16:00:00,147.77699999999999,147.928,147.61799999999999,147.773,28010,0,0
2025-09-23 20:00:00,147.77199999999999,147.77699999999999,147.459,147.58500000000001,17780,0,0
2025-09-24 00:00:00,147.56200000000001,147.82599999999999,147.483,147.77699999999999,10792,0,0
2025-09-24 04:00:00,147.77500000000001,147.96100000000001,147.71100000000001,147.90299999999999,15601,0,0
2025-09-24 08:00:00,147.90299999999999,148.292,147.81299999999999,148.26499999999999,18611,0,0
2025-09-24 12:00:00,148.25399999999999,148.71299999999999,148.21000000000001,148.667,17627,0,0
2025-09-24 16:00:00,148.66800000000001,148.79499999999999,148.59399999999999,148.76499999999999,23261,0,0
2025-09-24 20:00:00,148.76599999999999,148.91200000000001,148.70500000000001,148.88800000000001,10440,0,0
2025-09-25 00:00:00,148.88800000000001,148.88800000000001,148.55600000000001,148.56999999999999,10570,0,0
2025-09-25 04:00:00,148.572,148.86000000000001,148.55500000000001,148.601,15437,0,0
2025-09-25 08:00:00,148.59999999999999,148.864,148.59700000000001,148.74199999999999,19128,0,0
2025-09-25 12:00:00,148.74299999999999,149.358,148.684,149.245,22057,0,0
2025-09-25 16:00:00,149.24700000000001,149.86699999999999,149.14599999999999,149.82400000000001,32093,0,0
2025-09-25 20:00:00,149.81899999999999,149.92500000000001,149.72999999999999,149.786,15626,0,0
2025-09-26 00:00:00,149.72999999999999,149.95699999999999,149.636,149.684,13271,0,0
2025-09-26 04:00:00,149.68100000000001,149.851,149.62700000000001,149.63999999999999,14531,0,0
2025-09-26 08:00:00,149.63900000000001,149.88900000000001,149.614,149.75399999999999,17814,0,0
2025-09-26 12:00:00,149.755,149.95400000000001,149.589,149.62299999999999,20197,0,0
2025-09-26 16:00:00,149.626,149.78399999999999,149.42400000000001,149.548,26643,0,0
2025-09-26 20:00:00,149.55000000000001,149.56100000000001,149.40299999999999,149.495,10661,0,0
2025-09-29 00:00:00,149.39699999999999,149.517,149.11699999999999,149.179,10277,0,0
2025-09-29 04:00:00,149.17699999999999,149.279,148.881,148.95400000000001,17789,0,0
2025-09-29 08:00:00,148.952,148.97999999999999,148.46799999999999,148.53100000000001,22294,0,0
2025-09-29 12:00:00,148.53,148.81399999999999,148.471,148.60400000000001,19810,0,0
2025-09-29 16:00:00,148.60300000000001,148.74100000000001,148.48099999999999,148.58199999999999,22431,0,0
2025-09-29 20:00:00,148.584,148.69399999999999,148.547,148.57300000000001,10011,0,0
2025-09-30 00:00:00,148.57300000000001,148.845,148.50200000000001,148.78999999999999,11814,1,0
2025-09-30 04:00:00,148.78800000000001,148.80500000000001,148.38399999999999,148.40600000000001,18223,1,0
2025-09-30 08:00:00,148.40299999999999,148.447,147.83799999999999,147.851,22718,1,0
2025-09-30 12:00:00,147.84999999999999,148.09100000000001,147.833,147.959,17554,0,0
2025-09-30 16:00:00,147.95599999999999,148.065,147.65199999999999,147.74199999999999,29053,0,0
2025-09-30 20:00:00,147.73699999999999,147.97399999999999,147.65199999999999,147.86500000000001,14399,0,0
2025-10-01 00:00:00,147.86500000000001,148.226,147.756,148.10400000000001,10335,1,0
2025-10-01 04:00:00,148.10499999999999,148.167,147.53899999999999,147.542,14768,1,0
2025-10-01 08:00:00,147.53800000000001,147.643,146.90000000000001,147.15700000000001,26427,1,0
2025-10-01 12:00:00,147.15600000000001,147.26400000000001,146.58699999999999,146.78899999999999,28900,0,0
2025-10-01 16:00:00,146.791,147.255,146.62,147.16300000000001,36550,0,0
2025-10-01 20:00:00,147.16200000000001,147.227,147.02099999999999,147.03800000000001,12950,0,0
2025-10-02 00:00:00,147.03800000000001,147.32400000000001,146.95400000000001,147.19399999999999,8730,1,0
2025-10-02 04:00:00,147.19399999999999,147.227,146.93899999999999,147.17599999999999,12706,1,0
2025-10-02 08:00:00,147.17699999999999,147.37899999999999,146.727,146.79900000000001,21517,1,0
2025-10-02 12:00:00,146.80500000000001,147.19800000000001,146.59800000000001,147.15299999999999,20954,0,0
2025-10-02 16:00:00,147.15199999999999,147.51499999999999,147.05799999999999,147.16800000000001,27806,0,0
2025-10-02 20:00:00,147.16999999999999,147.28800000000001,147.126,147.209,8720,0,0
2025-10-03 00:00:00,147.209,147.38200000000001,147.09100000000001,147.35599999999999,6893,1,0
2025-10-03 04:00:00,147.35499999999999,147.76599999999999,147.17699999999999,147.72499999999999,13051,1,0
2025-10-03 08:00:00,147.726,147.816,147.28100000000001,147.33000000000001,18768,1,0
2025-10-03 12:00:00,147.32900000000001,147.43600000000001,147.21600000000001,147.26400000000001,16376,0,0
2025-10-03 16:00:00,147.26499999999999,147.53700000000001,147.042,147.505,28113,0,0
2025-10-03 20:00:00,147.50299999999999,147.54499999999999,147.38499999999999,147.41900000000001,12040,0,0
2025-10-06 00:00:00,149.41499999999999,149.86699999999999,149.03800000000001,149.70599999999999,24251,1,0
2025-10-06 04:00:00,149.70500000000001,150.346,149.58500000000001,150.315,22055,1,0
2025-10-06 08:00:00,150.31399999999999,150.43899999999999,149.94900000000001,150.374,30487,1,0
2025-10-06 12:00:00,150.37299999999999,150.477,149.75299999999999,149.78399999999999,27777,0,0
2025-10-06 16:00:00,149.786,150.173,149.755,150.15799999999999,26767,0,0
2025-10-06 20:00:00,150.16,150.39500000000001,150.078,150.34399999999999,9471,0,0
2025-10-07 00:00:00,150.34399999999999,150.61600000000001,150.18000000000001,150.495,11458,1,0
2025-10-07 04:00:00,150.49600000000001,150.61500000000001,150.24700000000001,150.41900000000001,11297,1,0
2025-10-07 08:00:00,150.423,150.82900000000001,150.399,150.78899999999999,19837,1,0
2025-10-07 12:00:00,150.78999999999999,151.029,150.70400000000001,150.82900000000001,17258,0,0
2025-10-07 16:00:00,150.83199999999999,151.40799999999999,150.732,151.327,30991,0,0
2025-10-07 20:00:00,151.32499999999999,152.041,151.24600000000001,151.89400000000001,16488,0,0
2025-10-08 00:00:00,151.869,152.37299999999999,151.739,152.31800000000001,14549,1,0
2025-10-08 04:00:00,152.33099999999999,152.64599999999999,152.27199999999999,152.364,18960,1,0
2025-10-08 08:00:00,152.36199999999999,152.78299999999999,152.255,152.74199999999999,27144,1,0
2025-10-08 12:00:00,152.74100000000001,153,152.435,152.505,23443,0,0
2025-10-08 16:00:00,152.506,152.80099999999999,152.376,152.75299999999999,28109,0,0
2025-10-08 20:00:00,152.75399999999999,152.94399999999999,152.63800000000001,152.679,15595,0,0
2025-10-09 00:00:00,152.679,152.74100000000001,152.45400000000001,152.73699999999999,14243,1,0
2025-10-09 04:00:00,152.73500000000001,152.767,152.40199999999999,152.471,16737,1,0
2025-10-09 08:00:00,152.47800000000001,153.221,152.464,152.80500000000001,27309,1,0
2025-10-09 12:00:00,152.809,152.858,152.46799999999999,152.74299999999999,25579,0,0
2025-10-09 16:00:00,152.744,153.239,152.11000000000001,153.00299999999999,39902,0,0
2025-10-09 20:00:00,153.00399999999999,153.21000000000001,152.90600000000001,153.017,19841,0,0
2025-10-10 00:00:00,153.017,153.273,152.85499999999999,152.958,13984,1,0
2025-10-10 04:00:00,152.95599999999999,153.04900000000001,152.63399999999999,152.75,16764,1,0
2025-10-10 08:00:00,152.751,152.952,152.37799999999999,152.64400000000001,30688,1,0
2025-10-10 12:00:00,152.64500000000001,152.84800000000001,152.51499999999999,152.55799999999999,22560,0,0
2025-10-10 16:00:00,152.559,152.71299999999999,151.505,151.88,52766,0,0
2025-10-10 20:00:00,151.88399999999999,151.94499999999999,151.108,151.143,25371,0,0
2025-10-13 00:00:00,151.822,152.28200000000001,151.739,151.83000000000001,22539,1,0
2025-10-13 04:00:00,151.82499999999999,152.012,151.804,151.90299999999999,18655,1,0
2025-10-13 08:00:00,151.89699999999999,152.44900000000001,151.72200000000001,152.34100000000001,28890,1,0
2025-10-13 12:00:00,152.34,152.37,151.977,152.209,25564,0,0
2025-10-13 16:00:00,152.21100000000001,152.447,152.102,152.28100000000001,28395,0,0
2025-10-13 20:00:00,152.28100000000001,152.34999999999999,152.215,152.26599999999999,11513,0,0
2025-10-14 00:00:00,152.26599999999999,152.61099999999999,152.05600000000001,152.46799999999999,12843,1,0
2025-10-14 04:00:00,152.464,152.5,151.78100000000001,151.858,24154,1,0
2025-10-14 08:00:00,151.85900000000001,152.13,151.619,151.97800000000001,38356,1,0
2025-10-14 12:00:00,151.977,152.155,151.85900000000001,152.047,29184,0,0
2025-10-14 16:00:00,152.048,152.167,151.66999999999999,151.74100000000001,46050,0,0
2025-10-14 20:00:00,151.74299999999999,151.869,151.601,151.821,20422,0,0
2025-10-15 00:00:00,151.821,151.875,151.49700000000001,151.54900000000001,14012,1,0
2025-10-15 04:00:00,151.55000000000001,151.60599999999999,151.00299999999999,151.26499999999999,19171,1,0
2025-10-15 08:00:00,151.26400000000001,151.399,150.899,151.22,25156,1,0
2025-10-15 12:00:00,151.221,151.684,151.22,151.643,24510,0,0
2025-10-15 16:00:00,151.64400000000001,151.739,151.03800000000001,151.203,34689,0,0
2025-10-15 20:00:00,151.202,151.38900000000001,151.02099999999999,151.03999999999999,20361,0,0
2025-10-16 00:00:00,150.94900000000001,151.12700000000001,150.512,150.70699999999999,15128,1,0
2025-10-16 04:00:00,150.70599999999999,151.114,150.51300000000001,151.05000000000001,18075,1,0
2025-10-16 08:00:00,151.05099999999999,151.387,150.93899999999999,151.24600000000001,27646,1,0
2025-10-16 12:00:00,151.24700000000001,151.40299999999999,151.03,151.089,20785,0,0
2025-10-16 16:00:00,151.09,151.285,150.233,150.40299999999999,43013,0,0
2025-10-16 20:00:00,150.404,150.47499999999999,150.209,150.42099999999999,27254,0,0
2025-10-17 00:00:00,150.42099999999999,150.43899999999999,150.04499999999999,150.23699999999999,13435,1,0
2025-10-17 04:00:00,150.238,150.386,149.892,149.965,17675,1,0
2025-10-17 08:00:00,149.964,149.97399999999999,149.37899999999999,149.779,38422,1,0
2025-10-17 12:00:00,149.774,150.53999999999999,149.60499999999999,150.38800000000001,37014,0,0
2025-10-17 16:00:00,150.41900000000001,150.59200000000001,150.16200000000001,150.41,41392,0,0
2025-10-17 20:00:00,150.41,150.62899999999999,150.364,150.596,14317,0,0
2025-10-20 00:00:00,150.37200000000001,150.97399999999999,150.309,150.90799999999999,13280,1,0
2025-10-20 04:00:00,150.91,151.20400000000001,150.51400000000001,150.60300000000001,13524,1,0
2025-10-20 08:00:00,150.602,150.83199999999999,150.495,150.58099999999999,24521,1,0
2025-10-20 12:00:00,150.58000000000001,150.85400000000001,150.27199999999999,150.67500000000001,24891,0,0
2025-10-20 16:00:00,150.673,150.84999999999999,150.40700000000001,150.68000000000001,25580,0,0
2025-10-20 20:00:00,150.68299999999999,150.828,150.625,150.727,8982,0,0
2025-10-21 00:00:00,150.727,150.84700000000001,150.464,150.667,9241,1,0
2025-10-21 04:00:00,150.66499999999999,151.23699999999999,150.52600000000001,151.095,17338,1,0
2025-10-21 08:00:00,151.09999999999999,151.67599999999999,150.85900000000001,151.61000000000001,34146,1,0
2025-10-21 12:00:00,151.61099999999999,152.17500000000001,151.59,152.02699999999999,29629,0,0
2025-10-21 16:00:00,152.024,152.089,151.45599999999999,151.85300000000001,35533,0,0
2025-10-21 20:00:00,151.85300000000001,151.97300000000001,151.81299999999999,151.92099999999999,10093,0,0
2025-10-22 00:00:00,151.92099999999999,151.95699999999999,151.602,151.63,9802,1,0
2025-10-22 04:00:00,151.62200000000001,151.875,151.48599999999999,151.75899999999999,13115,1,0
2025-10-22 08:00:00,151.75899999999999,151.94999999999999,151.62100000000001,151.68799999999999,28049,1,0
2025-10-22 12:00:00,151.68899999999999,151.96899999999999,151.64699999999999,151.93000000000001,29995,0,0
2025-10-22 16:00:00,151.929,152.048,151.50200000000001,151.768,33836,0,0
2025-10-22 20:00:00,151.76900000000001,152.011,151.60400000000001,151.953,15891,0,0
2025-10-23 00:00:00,151.90600000000001,152.26400000000001,151.821,152.15299999999999,9883,1,0
2025-10-23 04:00:00,152.154,152.57300000000001,152.11600000000001,152.411,10191,1,0
2025-10-23 08:00:00,152.41499999999999,152.65100000000001,152.31899999999999,152.61099999999999,19268,1,0
2025-10-23 12:00:00,152.61199999999999,152.79400000000001,152.45500000000001,152.535,21070,0,0
2025-10-23 16:00:00,152.53,152.80000000000001,152.47399999999999,152.72200000000001,25507,0,0
2025-10-23 20:00:00,152.72300000000001,152.76499999999999,152.49199999999999,152.53399999999999,8907,0,0
2025-10-24 00:00:00,152.53100000000001,152.67099999999999,152.46700000000001,152.649,7585,1,0
2025-10-24 04:00:00,152.648,152.916,152.63800000000001,152.89099999999999,11593,1,0
2025-10-24 08:00:00,152.89500000000001,153.06399999999999,152.75299999999999,152.94800000000001,22058,1,0
2025-10-24 12:00:00,152.94900000000001,152.995,152.215,152.66800000000001,23198,0,0
2025-10-24 16:00:00,152.66900000000001,153.02000000000001,152.59899999999999,152.83799999999999,29158,0,0
2025-10-24 20:00:00,152.83699999999999,152.89599999999999,152.74600000000001,152.83199999999999,7800,0,0
2025-10-27 00:00:00,152.756,153.17699999999999,152.73599999999999,152.892,11719,1,0
2025-10-27 04:00:00,152.893,153.16200000000001,152.654,153.13800000000001,11846,1,0
2025-10-27 08:00:00,153.13999999999999,153.256,152.744,152.821,19278,1,0
2025-10-27 12:00:00,152.81999999999999,152.89500000000001,152.56299999999999,152.84,22220,0,0
2025-10-27 16:00:00,152.84700000000001,153.197,152.80600000000001,152.99700000000001,23962,0,0
2025-10-27 20:00:00,152.99600000000001,153.095,152.75800000000001,152.86600000000001,9453,0,0
2025-10-28 00:00:00,152.86500000000001,152.887,152.39699999999999,152.499,7607,1,0
2025-10-28 04:00:00,152.5,152.512,151.851,151.87899999999999,17114,1,0
2025-10-28 08:00:00,151.87799999999999,152.352,151.75700000000001,151.95400000000001,28402,1,0
2025-10-28 12:00:00,151.953,152.21799999999999,151.82400000000001,152.13399999999999,24086,0,0
2025-10-28 16:00:00,152.136,152.374,151.851,152.11000000000001,29677,0,0
2025-10-28 20:00:00,152.11099999999999,152.245,151.946,152.09800000000001,10895,0,0
2025-10-29 00:00:00,152.09800000000001,152.19499999999999,151.53899999999999,151.62899999999999,12121,1,0
2025-10-29 04:00:00,151.62799999999999,152.13999999999999,151.55199999999999,152.07499999999999,13889,1,0
2025-10-29 08:00:00,152.07499999999999,152.53899999999999,152,152.34,20983,1,0
2025-10-29 12:00:00,152.34100000000001,152.46799999999999,152.13399999999999,152.24199999999999,20129,0,0
2025-10-29 16:00:00,152.24299999999999,152.24299999999999,151.86000000000001,152.15199999999999,24332,0,0
2025-10-29 20:00:00,152.15199999999999,153.06100000000001,152.089,152.71899999999999,34195,0,0
2025-10-30 00:00:00,152.71899999999999,152.946,152.50399999999999,152.63399999999999,10665,1,0
2025-10-30 04:00:00,152.63800000000001,153.136,152.15600000000001,152.774,28027,1,0
2025-10-30 08:00:00,152.78,153.88800000000001,152.67599999999999,153.74799999999999,30805,1,0
2025-10-30 12:00:00,153.75200000000001,154.30600000000001,153.62200000000001,154.30600000000001,26774,0,0
2025-10-30 16:00:00,154.30500000000001,154.446,154.042,154.09700000000001,32106,0,0
2025-10-30 20:00:00,154.096,154.167,154.02000000000001,154.11600000000001,12108,0,0
2025-10-31 00:00:00,154.125,154.166,153.81800000000001,153.89599999999999,8727,1,0
2025-10-31 04:00:00,153.89400000000001,154.06700000000001,153.65199999999999,153.935,12156,1,0
2025-10-31 08:00:00,153.934,154.41499999999999,153.83199999999999,154.24600000000001,21661,1,0
2025-10-31 12:00:00,154.245,154.292,153.88999999999999,154.14400000000001,21135,0,0
2025-10-31 16:00:00,154.148,154.22999999999999,153.88999999999999,154.11199999999999,29762,0,0
2025-10-31 20:00:00,154.11099999999999,154.179,153.946,153.977,10606,0,0
2025-11-03 00:00:00,153.95599999999999,154.24700000000001,153.95599999999999,154.11699999999999,9277,1,0
2025-11-03 04:00:00,154.11699999999999,154.13399999999999,153.989,154.12100000000001,6344,1,0
2025-11-03 08:00:00,154.12200000000001,154.28200000000001,154.05199999999999,154.166,15804,1,0
2025-11-03 12:00:00,154.167,154.29599999999999,154.096,154.25,14135,0,0
2025-11-03 16:00:00,154.249,154.27199999999999,153.90199999999999,154.154,20705,0,0
2025-11-03 20:00:00,154.15299999999999,154.25,154.11600000000001,154.20500000000001,8363,0,0
2025-11-04 00:00:00,154.20500000000001,154.48699999999999,154.126,154.33099999999999,10259,1,0
2025-11-04 04:00:00,154.32900000000001,154.357,153.68600000000001,153.732,14911,1,0
2025-11-04 08:00:00,153.73099999999999,153.792,153.32900000000001,153.483,27421,1,0
2025-11-04 12:00:00,153.482,153.624,153.316,153.38900000000001,21109,0,0
2025-11-04 16:00:00,153.38800000000001,153.642,153.34,153.59100000000001,24264,0,0
2025-11-04 20:00:00,153.59,153.69300000000001,153.54499999999999,153.66399999999999,11202,0,0
2025-11-05 00:00:00,153.631,153.74700000000001,152.95500000000001,153.15799999999999,18727,1,0
2025-11-05 04:00:00,153.16,153.56700000000001,153.06299999999999,153.51400000000001,16924,1,0
2025-11-05 08:00:00,153.51499999999999,153.74299999999999,153.41900000000001,153.69399999999999,20636,1,0
2025-11-05 12:00:00,153.69300000000001,153.988,153.56399999999999,153.983,21003,0,0
2025-11-05 16:00:00,153.98500000000001,154.35499999999999,153.89500000000001,154.07499999999999,26330,0,0
2025-11-05 20:00:00,154.07499999999999,154.143,154.005,154.10599999999999,8131,0,0
2025-11-06 00:00:00,154.09899999999999,154.142,153.804,153.864,10208,1,0
2025-11-06 04:00:00,153.86799999999999,154.02600000000001,153.79300000000001,153.88800000000001,8534,1,0
2025-11-06 08:00:00,153.887,154.006,153.529,153.72,17080,1,0
2025-11-06 12:00:00,153.727,153.77600000000001,153.40199999999999,153.499,18208,0,0
2025-11-06 16:00:00,153.49799999999999,153.589,152.83199999999999,153.01599999999999,29783,0,0
2025-11-06 20:00:00,153.01499999999999,153.155,152.91999999999999,153.04599999999999,14195,0,0
2025-11-07 00:00:00,153.04599999999999,153.30699999999999,152.815,153.131,15142,1,0
2025-11-07 04:00:00,153.12799999999999,153.36600000000001,152.96100000000001,153.34899999999999,11334,1,0
2025-11-07 08:00:00,153.352,153.53899999999999,153.34999999999999,153.49299999999999,18091,1,0
2025-11-07 12:00:00,153.495,153.49799999999999,153.00999999999999,153.36199999999999,22754,0,0
2025-11-07 16:00:00,153.364,153.47399999999999,153.01400000000001,153.09700000000001,32494,0,0
2025-11-07 20:00:00,153.095,153.59399999999999,153.036,153.303,15349,0,0
2025-11-10 00:00:00,153.65799999999999,153.94900000000001,153.40700000000001,153.834,16579,1,0
2025-11-10 04:00:00,153.833,154.06899999999999,153.78700000000001,153.93799999999999,13688,1,0
2025-11-10 08:00:00,153.93700000000001,154.23099999999999,153.90299999999999,154.16,22865,1,0
2025-11-10 12:00:00,154.161,154.24700000000001,153.98400000000001,154.05799999999999,17738,0,0
2025-11-10 16:00:00,154.06,154.166,153.892,153.959,22182,0,0
2025-11-10 20:00:00,153.96199999999999,154.166,153.92400000000001,154.13499999999999,8949,0,0
2025-11-11 00:00:00,154.13800000000001,154.49600000000001,153.91499999999999,154.32599999999999,12671,1,0
2025-11-11 04:00:00,154.32400000000001,154.392,154.08600000000001,154.126,10635,1,0
2025-11-11 08:00:00,154.12700000000001,154.44499999999999,154.08500000000001,154.334,16744,1,0
2025-11-11 12:00:00,154.33600000000001,154.36099999999999,153.66399999999999,153.77000000000001,19287,0,0
2025-11-11 16:00:00,153.77199999999999,154.13399999999999,153.70099999999999,154.07400000000001,21488,0,0
2025-11-11 20:00:00,154.07499999999999,154.17400000000001,154.05099999999999,154.14099999999999,7559,0,0
2025-11-12 00:00:00,154.14099999999999,154.35300000000001,154.02600000000001,154.328,11892,1,0
2025-11-12 04:00:00,154.327,154.79300000000001,154.239,154.64400000000001,12777,1,0
2025-11-12 08:00:00,154.65100000000001,154.90700000000001,154.49299999999999,154.84399999999999,19445,1,0
2025-11-12 12:00:00,154.846,154.99299999999999,154.70400000000001,154.941,17523,0,0
2025-11-12 16:00:00,154.93899999999999,155.04300000000001,154.49299999999999,154.59800000000001,21882,0,0
2025-11-12 20:00:00,154.59899999999999,154.86600000000001,154.57900000000001,154.77600000000001,10197,0,0
2025-11-13 00:00:00,154.77600000000001,155.018,154.68600000000001,154.72200000000001,13078,0,0
2025-11-13 04:00:00,154.721,155.00200000000001,154.62,154.95400000000001,12780,1,0
2025-11-13 08:00:00,154.95400000000001,155.00700000000001,154.32400000000001,154.52699999999999,23977,1,0
2025-11-13 12:00:00,154.52799999999999,154.767,154.483,154.642,22342,0,0
2025-11-13 16:00:00,154.64099999999999,154.67599999999999,154.126,154.31700000000001,35034,0,0
2025-11-13 20:00:00,154.31700000000001,154.589,154.27500000000001,154.53100000000001,16965,0,0
2025-11-14 00:00:00,154.53100000000001,154.745,154.40700000000001,154.50200000000001,15468,1,0
2025-11-14 04:00:00,154.50200000000001,154.578,154.30799999999999,154.483,14962,1,0
2025-11-14 08:00:00,154.48400000000001,154.73400000000001,154.434,154.69200000000001,26645,1,0
2025-11-14 12:00:00,154.691,154.76400000000001,153.61500000000001,154.08699999999999,30820,0,0
2025-11-14 16:00:00,154.08799999999999,154.744,153.97900000000001,154.64400000000001,35283,0,0
2025-11-14 20:00:00,154.643,154.66200000000001,154.49600000000001,154.51499999999999,15063,0,0
2025-11-17 00:00:00,154.48599999999999,154.65700000000001,154.41399999999999,154.56899999999999,14653,1,0
2025-11-17 04:00:00,154.56999999999999,154.78399999999999,154.56899999999999,154.68799999999999,9845,1,0
2025-11-17 08:00:00,154.68700000000001,154.834,154.624,154.751,19783,1,0
2025-11-17 12:00:00,154.74799999999999,154.91399999999999,154.69399999999999,154.88800000000001,18535,0,0
2025-11-17 16:00:00,154.88900000000001,155.30500000000001,154.86500000000001,155.15700000000001,22305,0,0
2025-11-17 20:00:00,155.15700000000001,155.261,155.06899999999999,155.208,12598,0,0
2025-11-18 00:00:00,155.208,155.375,155.072,155.20099999999999,12228,1,0
2025-11-18 04:00:00,155.202,155.285,154.81399999999999,155.08500000000001,19392,1,0
2025-11-18 08:00:00,155.08600000000001,155.26400000000001,154.869,155.22999999999999,32839,1,0
2025-11-18 12:00:00,155.23099999999999,155.44499999999999,155.06299999999999,155.16999999999999,25013,0,0
2025-11-18 16:00:00,155.16800000000001,155.696,155.05000000000001,155.69200000000001,34969,0,0
2025-11-18 20:00:00,155.69300000000001,155.72999999999999,155.47,155.47,15915,0,0
2025-11-19 00:00:00,155.374,155.589,155.37200000000001,155.49700000000001,15438,1,0
2025-11-19 04:00:00,155.50399999999999,155.54900000000001,155.21199999999999,155.36699999999999,16989,1,0
2025-11-19 08:00:00,155.37,155.964,155.32499999999999,155.95400000000001,21403,1,0
2025-11-19 12:00:00,155.95500000000001,156.29499999999999,155.93600000000001,156.28399999999999,24587,0,0
2025-11-19 16:00:00,156.28299999999999,156.869,156.26300000000001,156.75299999999999,31532,0,0
2025-11-19 20:00:00,156.755,157.18000000000001,156.68600000000001,157.14500000000001,17658,0,0
2025-11-20 00:00:00,157.12299999999999,157.43600000000001,156.87700000000001,157.42699999999999,15604,1,0
2025-11-20 04:00:00,157.42500000000001,157.57300000000001,157.26400000000001,157.56399999999999,15492,1,0
2025-11-20 08:00:00,157.56299999999999,157.779,157.10900000000001,157.179,24308,1,0
2025-11-20 12:00:00,157.18000000000001,157.858,157.15199999999999,157.57300000000001,27296,0,0
2025-11-20 16:00:00,157.572,157.89500000000001,157.262,157.51900000000001,46361,0,0
2025-11-20 20:00:00,157.518,157.697,157.43000000000001,157.43899999999999,23364,0,0
2025-11-21 00:00:00,157.43899999999999,157.54300000000001,157.19200000000001,157.44200000000001,16210,1,0
2025-11-21 04:00:00,157.43799999999999,157.48699999999999,157.08199999999999,157.227,16984,1,0
2025-11-21 08:00:00,157.22800000000001,157.25899999999999,156.565,156.75999999999999,27961,1,0
2025-11-21 12:00:00,156.762,156.89500000000001,156.55600000000001,156.81299999999999,36344,0,0
2025-11-21 16:00:00,156.816,156.965,156.19900000000001,156.542,42844,0,0
2025-11-21 20:00:00,156.542,156.63999999999999,156.262,156.33799999999999,15691,0,0
2025-11-24 00:00:00,156.28100000000001,156.79900000000001,156.28100000000001,156.71600000000001,12653,1,0
2025-11-24 04:00:00,156.71700000000001,156.73400000000001,156.494,156.58799999999999,8109,1,0
2025-11-24 08:00:00,156.58600000000001,156.93600000000001,156.53999999999999,156.74700000000001,21627,1,0
2025-11-24 12:00:00,156.74700000000001,156.98599999999999,156.697,156.91900000000001,21855,0,0
2025-11-24 16:00:00,156.91800000000001,157.18899999999999,156.73699999999999,156.886,24503,0,0
2025-11-24 20:00:00,156.87799999999999,156.911,156.709,156.81999999999999,8888,0,0
2025-11-25 00:00:00,156.821,156.98400000000001,156.55500000000001,156.65199999999999,9839,1,0
2025-11-25 04:00:00,156.64400000000001,156.851,156.607,156.751,8196,1,0
2025-11-25 08:00:00,156.75399999999999,156.79599999999999,156.142,156.303,20972,1,0
2025-11-25 12:00:00,156.30099999999999,156.52199999999999,156.02500000000001,156.149,25432,0,0
2025-11-25 16:00:00,156.15000000000001,156.334,155.80500000000001,155.90000000000001,33198,0,0
2025-11-25 20:00:00,155.90000000000001,156.18700000000001,155.80500000000001,156.01599999999999,12203,0,0
2025-11-26 00:00:00,156.01599999999999,156.37200000000001,155.816,155.94499999999999,15868,1,0
2025-11-26 04:00:00,155.947,156.185,155.65199999999999,156.11199999999999,18090,1,0
2025-11-26 08:00:00,156.114,156.50299999999999,156.04400000000001,156.45699999999999,24670,1,0
2025-11-26 12:00:00,156.45599999999999,156.68799999999999,156.32599999999999,156.66399999999999,29133,0,0
2025-11-26 16:00:00,156.66499999999999,156.73599999999999,156.28800000000001,156.40700000000001,23589,0,0
2025-11-26 20:00:00,156.40799999999999,156.50999999999999,156.345,156.44200000000001,10026,0,0
2025-11-27 00:00:00,156.44200000000001,156.446,155.721,156.047,13610,1,0
2025-11-27 04:00:00,156.04599999999999,156.185,155.81200000000001,155.99199999999999,10387,1,0
2025-11-27 08:00:00,155.99100000000001,156.404,155.91200000000001,156.35400000000001,16189,1,0
2025-11-27 12:00:00,156.35499999999999,156.38800000000001,156.24600000000001,156.267,13710,0,0
2025-11-27 16:00:00,156.26900000000001,156.36799999999999,156.23599999999999,156.33199999999999,8755,0,0
2025-11-27 20:00:00,156.328,156.369,156.262,156.268,3556,0,0
2025-11-28 00:00:00,156.268,156.57900000000001,156.17599999999999,156.37200000000001,12152,1,0
2025-11-28 04:00:00,156.37299999999999,156.41200000000001,156.095,156.34100000000001,56570,1,0
2025-11-28 08:00:00,156.34200000000001,156.44,156.178,156.322,61275,1,0
2025-11-28 12:00:00,156.32300000000001,156.381,156.00200000000001,156.017,42669,0,0
2025-11-28 16:00:00,156.01599999999999,156.38999999999999,155.98099999999999,156.22499999999999,25928,0,0
2025-11-28 20:00:00,156.22999999999999,156.239,156.06100000000001,156.14400000000001,14284,0,0
2025-12-01 00:00:00,156.04300000000001,156.15299999999999,155.48099999999999,155.642,16205,1,0
2025-12-01 04:00:00,155.65000000000001,155.655,155.39400000000001,155.59399999999999,9919,1,0
2025-12-01 08:00:00,155.595,155.69399999999999,155.25800000000001,155.28200000000001,19002,1,0
2025-12-01 12:00:00,155.28100000000001,155.34200000000001,154.666,154.84299999999999,19646,0,0
2025-12-01 16:00:00,154.84200000000001,155.38499999999999,154.83799999999999,155.351,22196,0,0
2025-12-01 20:00:00,155.34999999999999,155.523,155.339,155.42400000000001,9754,0,0
2025-12-02 00:00:00,155.41300000000001,155.77500000000001,155.40299999999999,155.63300000000001,8242,1,0
2025-12-02 04:00:00,155.63499999999999,155.732,155.553,155.65299999999999,7018,1,0
2025-12-02 08:00:00,155.65700000000001,156.08500000000001,155.63399999999999,155.96600000000001,14639,1,0
2025-12-02 12:00:00,155.96700000000001,156.07300000000001,155.89599999999999,155.97399999999999,14031,0,0
2025-12-02 16:00:00,155.97499999999999,156.17500000000001,155.75200000000001,155.93899999999999,20386,0,0
2025-12-02 20:00:00,155.93899999999999,156.02000000000001,155.77500000000001,155.77500000000001,12309,0,0
2025-12-03 00:00:00,155.77500000000001,155.904,155.607,155.655,6982,1,0
2025-12-03 04:00:00,155.65600000000001,155.80199999999999,155.624,155.69399999999999,5719,1,0
2025-12-03 08:00:00,155.69300000000001,155.755,155.50999999999999,155.61699999999999,13718,1,0
2025-12-03 12:00:00,155.61799999999999,155.64099999999999,155.19999999999999,155.49100000000001,16126,0,0
2025-12-03 16:00:00,155.49199999999999,155.596,155.012,155.12299999999999,25478,0,0
2025-12-03 20:00:00,155.12299999999999,155.316,155.07300000000001,155.20599999999999,9473,0,0
2025-12-04 00:00:00,155.20599999999999,155.416,155.01900000000001,155.262,9023,1,0
2025-12-04 04:00:00,155.262,155.541,155.18600000000001,155.22300000000001,9844,1,0
2025-12-04 08:00:00,155.22399999999999,155.45099999999999,154.774,154.81700000000001,17597,1,0
2025-12-04 12:00:00,154.816,155.059,154.50899999999999,154.804,19295,0,0
2025-12-04 16:00:00,154.803,154.964,154.55699999999999,154.947,22220,0,0
2025-12-04 20:00:00,154.94800000000001,155.137,154.89699999999999,155.06200000000001,13380,0,0
2025-12-05 00:00:00,155.06200000000001,155.22900000000001,154.91800000000001,155.017,9110,1,0
2025-12-05 04:00:00,155.01599999999999,155.15600000000001,154.54499999999999,154.59899999999999,10620,1,0
2025-12-05 08:00:00,154.59800000000001,154.96600000000001,154.34399999999999,154.91800000000001,18369,1,0
2025-12-05 12:00:00,154.91900000000001,155.262,154.89099999999999,155.196,15839,0,0
2025-12-05 16:00:00,155.19399999999999,155.49199999999999,155.11600000000001,155.28200000000001,25085,0,0
2025-12-05 20:00:00,155.28299999999999,155.375,155.238,155.25800000000001,11054,0,0
2025-12-08 00:00:00,155.137,155.38399999999999,154.91300000000001,154.91900000000001,13541,1,0
2025-12-08 04:00:00,154.911,155.267,154.90199999999999,155.19999999999999,12847,1,0
2025-12-08 08:00:00,155.19900000000001,155.54400000000001,155.10400000000001,155.47300000000001,22040,1,0
2025-12-08 12:00:00,155.47399999999999,155.66,155.40799999999999,155.62200000000001,22027,0,0
2025-12-08 16:00:00,155.624,155.98699999999999,155.392,155.75200000000001,28928,0,0
2025-12-08 20:00:00,155.74600000000001,155.96199999999999,155.702,155.916,11497,0,0
2025-12-09 00:00:00,155.916,156.03399999999999,155.76400000000001,155.80099999999999,10710,1,0
2025-12-09 04:00:00,155.80199999999999,156.10900000000001,155.739,156.011,12430,1,0
2025-12-09 08:00:00,156.012,156.43100000000001,155.95699999999999,156.08600000000001,23306,1,0
2025-12-09 12:00:00,156.08799999999999,156.512,156.042,156.34299999999999,23105,0,0
2025-12-09 16:00:00,156.34200000000001,156.928,156.31200000000001,156.916,28177,0,0
2025-12-09 20:00:00,156.917,156.95500000000001,156.80600000000001,156.85900000000001,10510,0,0
2025-12-10 00:00:00,156.84700000000001,156.94,156.66900000000001,156.708,10366,1,0
2025-12-10 04:00:00,156.70699999999999,156.72300000000001,156.56100000000001,156.70599999999999,7612,1,0
2025-12-10 08:00:00,156.70500000000001,156.88900000000001,156.577,156.81999999999999,16586,1,0
2025-12-10 12:00:00,156.82400000000001,156.86000000000001,156.55099999999999,156.55099999999999,18240,0,0
2025-12-10 16:00:00,156.55000000000001,156.631,156.24299999999999,156.31100000000001,20108,0,0
2025-12-10 20:00:00,156.31200000000001,156.68299999999999,155.792,155.923,27597,0,0
2025-12-11 00:00:00,155.90100000000001,156.03700000000001,155.56700000000001,155.71700000000001,13730,1,0
2025-12-11 04:00:00,155.71799999999999,156.06899999999999,155.48400000000001,156.06399999999999,15772,1,0
2025-12-11 08:00:00,156.06299999999999,156.16399999999999,155.785,155.85400000000001,22826,1,0
2025-12-11 12:00:00,155.85599999999999,155.94999999999999,155.22800000000001,155.286,24771,0,0
2025-12-11 16:00:00,155.297,155.298,154.94200000000001,155.24100000000001,28644,0,0
2025-12-11 20:00:00,155.24100000000001,155.673,155.21299999999999,155.56999999999999,14090,0,0
2025-12-12 00:00:00,155.56999999999999,155.768,155.446,155.66900000000001,14492,1,0
2025-12-12 04:00:00,155.66900000000001,155.774,155.631,155.74199999999999,10583,1,0
2025-12-12 08:00:00,155.74299999999999,155.90899999999999,155.53999999999999,155.88900000000001,19504,1,0
2025-12-12 12:00:00,155.88999999999999,156.12799999999999,155.773,156.04900000000001,16482,0,0
2025-12-12 16:00:00,156.05000000000001,156.09899999999999,155.678,155.78200000000001,23123,0,0
2025-12-12 20:00:00,155.77500000000001,155.93700000000001,155.71700000000001,155.77600000000001,11074,0,0
2025-12-15 00:00:00,155.75399999999999,155.982,155.602,155.608,10371,1,0
2025-12-15 04:00:00,155.60400000000001,155.65100000000001,155.03399999999999,155.035,13742,1,0
2025-12-15 08:00:00,155.03999999999999,155.29400000000001,154.935,154.96799999999999,20421,1,0
2025-12-15 12:00:00,154.965,155.185,154.84999999999999,155.18100000000001,16173,0,0
2025-12-15 16:00:00,155.18199999999999,155.36799999999999,154.834,155.309,23638,0,0
2025-12-15 20:00:00,155.309,155.399,155.113,155.12299999999999,7514,0,0
2025-12-16 00:00:00,155.13800000000001,155.22800000000001,154.733,154.863,15131,1,0
2025-12-16 04:00:00,154.86199999999999,154.92500000000001,154.685,154.84299999999999,14236,1,0
2025-12-16 08:00:00,154.84399999999999,154.97999999999999,154.76900000000001,154.83600000000001,21602,1,0
2025-12-16 12:00:00,154.83699999999999,154.90600000000001,154.39400000000001,154.715,24260,0,0
2025-12-16 16:00:00,154.71600000000001,154.99799999999999,154.46299999999999,154.679,34454,0,0
2025-12-16 20:00:00,154.678,154.92500000000001,154.56700000000001,154.70500000000001,13747,0,0
2025-12-17 00:00:00,154.70500000000001,154.874,154.512,154.67500000000001,12577,1,0
2025-12-17 04:00:00,154.67400000000001,155.173,154.67400000000001,155.149,14613,1,0
2025-12-17 08:00:00,155.148,155.59800000000001,155.12799999999999,155.535,23370,1,0
2025-12-17 12:00:00,155.536,155.636,155.38399999999999,155.43799999999999,21775,0,0
2025-12-17 16:00:00,155.43700000000001,155.63300000000001,155.34899999999999,155.535,26976,0,0
2025-12-17 20:00:00,155.536,155.74700000000001,155.49700000000001,155.66399999999999,9809,0,0
2025-12-18 00:00:00,155.64599999999999,155.78200000000001,155.42500000000001,155.78200000000001,11543,1,0
2025-12-18 04:00:00,155.78100000000001,155.88300000000001,155.65899999999999,155.803,11826,1,0
2025-12-18 08:00:00,155.804,155.95400000000001,155.76300000000001,155.93000000000001,19950,1,0
2025-12-18 12:00:00,155.929,155.97499999999999,155.32599999999999,155.608,24265,0,0
2025-12-18 16:00:00,155.60599999999999,155.69499999999999,155.28200000000001,155.63,29310,0,0
2025-12-18 20:00:00,155.62899999999999,155.709,155.494,155.529,9979,0,0
2025-12-19 00:00:00,155.529,155.79300000000001,155.40199999999999,155.73599999999999,9692,1,0
2025-12-19 04:00:00,155.73500000000001,156.17400000000001,155.58600000000001,155.995,21700,1,0
2025-12-19 08:00:00,155.99700000000001,157.22,155.84700000000001,157.21299999999999,30784,1,0
2025-12-19 12:00:00,157.21700000000001,157.40100000000001,157.12899999999999,157.32499999999999,20362,0,0
2025-12-19 16:00:00,157.32599999999999,157.667,156.93299999999999,157.43700000000001,24145,0,0
2025-12-19 20:00:00,157.43700000000001,157.77000000000001,157.40100000000001,157.74100000000001,10014,0,0
2025-12-22 00:00:00,157.65899999999999,157.70500000000001,157.255,157.29400000000001,17344,1,0
2025-12-22 04:00:00,157.29499999999999,157.46799999999999,157.22900000000001,157.36199999999999,10967,1,0
2025-12-22 08:00:00,157.363,157.56999999999999,157.26599999999999,157.46000000000001,16550,1,0
2025-12-22 12:00:00,157.459,157.46299999999999,156.87100000000001,157.185,18707,0,0
2025-12-22 16:00:00,157.184,157.22399999999999,156.703,156.84299999999999,24538,0,0
2025-12-22 20:00:00,156.845,157.042,156.845,157.03700000000001,9719,0,0
2025-12-23 00:00:00,157.03700000000001,157.03700000000001,156.423,156.464,12436,1,0
2025-12-23 04:00:00,156.46299999999999,156.482,155.91,156.00999999999999,15406,1,0
2025-12-23 08:00:00,156.00899999999999,156.184,155.65100000000001,155.95699999999999,23612,1,0
2025-12-23 12:00:00,155.95599999999999,156.36699999999999,155.86199999999999,156.36099999999999,21425,0,0
2025-12-23 16:00:00,156.36000000000001,156.541,156.20699999999999,156.29599999999999,33262,0,0
2025-12-23 20:00:00,156.29599999999999,156.34200000000001,156.17099999999999,156.17099999999999,16425,0,0
2025-12-24 00:00:00,156.16999999999999,156.28299999999999,155.59999999999999,155.655,20875,1,0
2025-12-24 04:00:00,155.64099999999999,156.06100000000001,155.55600000000001,155.797,18371,1,0
2025-12-24 08:00:00,155.79599999999999,155.971,155.661,155.834,25377,1,0
2025-12-24 12:00:00,155.83600000000001,156.06800000000001,155.81700000000001,156.02199999999999,19065,0,0
2025-12-24 16:00:00,156.02099999999999,156.036,155.67699999999999,155.97300000000001,20817,0,0
2025-12-24 20:00:00,155.97499999999999,156.02000000000001,155.79499999999999,155.89099999999999,8599,0,0
2025-12-26 00:00:00,155.90100000000001,156.488,155.756,156.28299999999999,15938,1,0
2025-12-26 04:00:00,156.285,156.309,155.988,156.20699999999999,14265,1,0
2025-12-26 08:00:00,156.20400000000001,156.471,156.089,156.46600000000001,14875,1,0
2025-12-26 12:00:00,156.46299999999999,156.48699999999999,156.22499999999999,156.31299999999999,13207,0,0
2025-12-26 16:00:00,156.31100000000001,156.72900000000001,156.27600000000001,156.56999999999999,18867,0,0
2025-12-26 20:00:00,156.571,156.595,156.435,156.446,8290,0,0
2025-12-29 00:00:00,156.44800000000001,156.53100000000001,156.05600000000001,156.328,17939,1,0
2025-12-29 04:00:00,156.327,156.511,156.244,156.31,13294,1,0
2025-12-29 08:00:00,156.31100000000001,156.40100000000001,156.04900000000001,156.33000000000001,17772,1,0
2025-12-29 12:00:00,156.33099999999999,156.428,156.19,156.232,18878,0,0
2025-12-29 16:00:00,156.233,156.28700000000001,155.91499999999999,156.18600000000001,24322,0,0
2025-12-29 20:00:00,156.185,156.25,155.989,156.018,8339,0,0
2025-12-30 00:00:00,156,156.33000000000001,155.91999999999999,156.214,12452,1,0
2025-12-30 04:00:00,156.215,156.339,156.00999999999999,156.03999999999999,13802,1,0
2025-12-30 08:00:00,156.03899999999999,156.107,155.85300000000001,155.92599999999999,18136,1,0
2025-12-30 12:00:00,155.92500000000001,156.21199999999999,155.744,156.19800000000001,18263,0,0
2025-12-30 16:00:00,156.197,156.56800000000001,156.124,156.33500000000001,19766,0,0
2025-12-30 20:00:00,156.33699999999999,156.52500000000001,156.309,156.36699999999999,10625,0,0
2025-12-31 00:00:00,156.30000000000001,156.46799999999999,156.30000000000001,156.43799999999999,8213,1,0
2025-12-31 04:00:00,156.43700000000001,156.63499999999999,156.42400000000001,156.589,8096,1,0
2025-12-31 08:00:00,156.59,156.654,156.505,156.62,14720,1,0
2025-12-31 12:00:00,156.61699999999999,156.834,156.55199999999999,156.816,17344,0,0
2025-12-31 16:00:00,156.81299999999999,156.99600000000001,156.64500000000001,156.82300000000001,26140,0,0
2025-12-31 20:00:00,156.822,156.92400000000001,156.578,156.65199999999999,9934,0,0
2026-01-02 00:00:00,156.62,156.88800000000001,156.517,156.63499999999999,6838,1,0
2026-01-02 04:00:00,156.63399999999999,156.941,156.595,156.90799999999999,6981,1,0
2026-01-02 08:00:00,156.90700000000001,156.99700000000001,156.76599999999999,156.91399999999999,16182,1,0
2026-01-02 12:00:00,156.91499999999999,157.001,156.803,156.90799999999999,14896,0,0
2026-01-02 16:00:00,156.90600000000001,156.91800000000001,156.56200000000001,156.76900000000001,21029,0,0
2026-01-02 20:00:00,156.767,156.95699999999999,156.76300000000001,156.78700000000001,8660,0,0
2026-01-05 00:00:00,156.68899999999999,157.25,156.67599999999999,157.01599999999999,16381,1,0
2026-01-05 04:00:00,157.01300000000001,157.29900000000001,156.95099999999999,157.18299999999999,13509,1,0
2026-01-05 08:00:00,157.184,157.23099999999999,156.68600000000001,156.92400000000001,20095,1,0
2026-01-05 12:00:00,156.923,156.97900000000001,156.46299999999999,156.81800000000001,22346,0,0
2026-01-05 16:00:00,156.81299999999999,156.85300000000001,156.26400000000001,156.333,26104,0,0
2026-01-05 20:00:00,156.33199999999999,156.41499999999999,156.11199999999999,156.30000000000001,9942,0,0
2026-01-06 00:00:00,156.232,156.79300000000001,156.232,156.44999999999999,12277,1,0
2026-01-06 04:00:00,156.45099999999999,156.50299999999999,156.24000000000001,156.42699999999999,12795,0,0
2026-01-06 08:00:00,156.429,156.48500000000001,156.161,156.37799999999999,23738,0,0
2026-01-06 12:00:00,156.37799999999999,156.57900000000001,156.28,156.37,25851,0,0
2026-01-06 16:00:00,156.37100000000001,156.74299999999999,156.30199999999999,156.691,27861,0,0
2026-01-06 20:00:00,156.69200000000001,156.749,156.56899999999999,156.61199999999999,9190,0,0
2026-01-07 00:00:00,156.589,156.80699999999999,156.53899999999999,156.71799999999999,11061,0,0
2026-01-07 04:00:00,156.71899999999999,156.72999999999999,156.36199999999999,156.38399999999999,11403,0,0
2026-01-07 08:00:00,156.386,156.58500000000001,156.29499999999999,156.464,17462,0,0
2026-01-07 12:00:00,156.46299999999999,156.58600000000001,156.36000000000001,156.423,17913,0,0
2026-01-07 16:00:00,156.422,156.80099999999999,156.392,156.619,26363,0,0
2026-01-07 20:00:00,156.62,156.80099999999999,156.59299999999999,156.74600000000001,11704,0,0
2026-01-08 00:00:00,156.74299999999999,156.94300000000001,156.64699999999999,156.911,10339,0,0
2026-01-08 04:00:00,156.91200000000001,156.95500000000001,156.62899999999999,156.66900000000001,19414,0,0
2026-01-08 08:00:00,156.66499999999999,156.78299999999999,156.459,156.74600000000001,25219,0,0
2026-01-08 12:00:00,156.745,156.98400000000001,156.66300000000001,156.98400000000001,14976,0,0
2026-01-08 16:00:00,156.99000000000001,157.072,156.773,156.81,28674,0,0
2026-01-08 20:00:00,156.809,156.995,156.79300000000001,156.84200000000001,17540,0,0
2026-01-09 00:00:00,156.84399999999999,157.167,156.761,157.16300000000001,15426,0,0
2026-01-09 04:00:00,157.16300000000001,157.392,157.119,157.37799999999999,18931,0,0
2026-01-09 08:00:00,157.37799999999999,157.73599999999999,157.34200000000001,157.71000000000001,22784,0,0
2026-01-09 12:00:00,157.71000000000001,157.81299999999999,157.369,157.49299999999999,29908,0,0
2026-01-09 16:00:00,157.49600000000001,158.18600000000001,157.369,158.048,36808,0,0
2026-01-09 20:00:00,158.04599999999999,158.06800000000001,157.81,157.81,12485,0,0
2026-01-12 00:00:00,158.09200000000001,158.202,157.51499999999999,157.745,15943,0,0
2026-01-12 04:00:00,157.745,158.185,157.666,158.006,11709,0,0
2026-01-12 08:00:00,158.00700000000001,158.06899999999999,157.67500000000001,157.88300000000001,17614,0,0
2026-01-12 12:00:00,157.88399999999999,157.96199999999999,157.708,157.84399999999999,17135,0,0
2026-01-12 16:00:00,157.845,158.17400000000001,157.83199999999999,158.08699999999999,24965,0,0
2026-01-12 20:00:00,158.08799999999999,158.20099999999999,158.05000000000001,158.05199999999999,12932,0,0
2026-01-13 00:00:00,158.04300000000001,158.501,157.89599999999999,158.48400000000001,22364,0,0
2026-01-13 04:00:00,158.49600000000001,158.916,158.33500000000001,158.78399999999999,25241,0,0
2026-01-13 08:00:00,158.78299999999999,159.05099999999999,158.732,158.88900000000001,30933,0,0
2026-01-13 12:00:00,158.892,158.95500000000001,158.578,158.887,32361,0,0
2026-01-13 16:00:00,158.89099999999999,159.19200000000001,158.80000000000001,159.02799999999999,38390,0,0
2026-01-13 20:00:00,159.02699999999999,159.17599999999999,158.999,159.09200000000001,18780,0,0
2026-01-14 00:00:00,159.08799999999999,159.45400000000001,159.01400000000001,159.339,18510,0,0
2026-01-14 04:00:00,159.34,159.39500000000001,159.084,159.33500000000001,20771,0,0
2026-01-14 08:00:00,159.33799999999999,159.352,158.667,158.762,33371,0,0
2026-01-14 12:00:00,158.762,158.82400000000001,158.16300000000001,158.59800000000001,35535,0,0
2026-01-14 16:00:00,158.59899999999999,158.67500000000001,158.09800000000001,158.30000000000001,42867,0,0
2026-01-14 20:00:00,158.30099999999999,158.59800000000001,158.30000000000001,158.37700000000001,24908,0,0
2026-01-15 00:00:00,158.351,158.577,158.21100000000001,158.358,23663,0,0
2026-01-15 04:00:00,158.35599999999999,158.649,158.30799999999999,158.43100000000001,24596,0,0
2026-01-15 08:00:00,158.429,158.733,158.303,158.393,33493,0,0
2026-01-15 12:00:00,158.39400000000001,158.85499999999999,158.34399999999999,158.83000000000001,30174,0,0
2026-01-15 16:00:00,158.83099999999999,158.881,158.411,158.50399999999999,37275,0,0
2026-01-15 20:00:00,158.50800000000001,158.673,158.46000000000001,158.607,21710,0,0
2026-01-16 00:00:00,158.58099999999999,158.702,158.471,158.602,15655,0,0
2026-01-16 04:00:00,158.59800000000001,158.631,157.95400000000001,158.38,23186,0,0
2026-01-16 08:00:00,158.37899999999999,158.44999999999999,158.01300000000001,158.191,28440,0,0
2026-01-16 12:00:00,158.19,158.226,157.94200000000001,158.00999999999999,26892,0,0
2026-01-16 16:00:00,158.00800000000001,158.26400000000001,157.82400000000001,158.13999999999999,35436,0,0
2026-01-16 20:00:00,158.13800000000001,158.244,158.02199999999999,158.04499999999999,19555,0,0
2026-01-19 00:00:00,157.91900000000001,157.96100000000001,157.42400000000001,157.68600000000001,25936,0,0
2026-01-19 04:00:00,157.685,157.94800000000001,157.684,157.90700000000001,15725,0,0
2026-01-19 08:00:00,157.90600000000001,158.16499999999999,157.744,157.928,17341,0,0
2026-01-19 12:00:00,157.92599999999999,158.108,157.827,157.923,12201,0,0
2026-01-19 16:00:00,157.92099999999999,158.13800000000001,157.86099999999999,158.03299999999999,13211,0,0
2026-01-19 20:00:00,158.03200000000001,158.15600000000001,158.00399999999999,158.03800000000001,7109,0,0
2026-01-20 00:00:00,158.03899999999999,158.28100000000001,157.845,157.94900000000001,15194,0,0
2026-01-20 04:00:00,157.94800000000001,158.124,157.89599999999999,158.09700000000001,22151,0,0
2026-01-20 08:00:00,158.09999999999999,158.60499999999999,157.55600000000001,157.72499999999999,43578,0,0
2026-01-20 12:00:00,157.72300000000001,157.96799999999999,157.46899999999999,157.834,39638,0,0
2026-01-20 16:00:00,157.83500000000001,158.11099999999999,157.738,157.95699999999999,41907,0,0
2026-01-20 20:00:00,157.95400000000001,158.30000000000001,157.94999999999999,158.137,24223,0,0
2026-01-21 00:00:00,158.13300000000001,158.28100000000001,157.858,157.96100000000001,20879,0,0
2026-01-21 04:00:00,157.959,158.24199999999999,157.88999999999999,158.20400000000001,22505,0,0
2026-01-21 08:00:00,158.20599999999999,158.25899999999999,157.81800000000001,158.00399999999999,27908,0,0
2026-01-21 12:00:00,158.005,158.089,157.74799999999999,157.887,29529,0,0
2026-01-21 16:00:00,157.88499999999999,158.31299999999999,157.87299999999999,158.14400000000001,43343,0,0
2026-01-21 20:00:00,158.143,158.535,158.113,158.262,28205,0,0
2026-01-22 00:00:00,158.25299999999999,158.494,158.179,158.34899999999999,19675,0,0
2026-01-22 04:00:00,158.34899999999999,158.73599999999999,158.339,158.71700000000001,20979,0,0
2026-01-22 08:00:00,158.71600000000001,158.89500000000001,158.61000000000001,158.69499999999999,30286,0,0
2026-01-22 12:00:00,158.69399999999999,158.858,158.536,158.703,31540,0,0
2026-01-22 16:00:00,158.70099999999999,158.762,158.238,158.31100000000001,35628,0,0
2026-01-22 20:00:00,158.31,158.47300000000001,158.27600000000001,158.35499999999999,22675,0,0
2026-01-23 00:00:00,158.34899999999999,158.66200000000001,158.33199999999999,158.64099999999999,18758,0,0
2026-01-23 04:00:00,158.63900000000001,158.74299999999999,158.471,158.625,20731,0,0
2026-01-23 08:00:00,158.626,159.22800000000001,157.31899999999999,158.00299999999999,39679,0,0
2026-01-23 12:00:00,158.001,158.316,157.995,158.26599999999999,26670,0,0
2026-01-23 16:00:00,158.268,158.33799999999999,156.131,156.36199999999999,38303,0,0
2026-01-23 20:00:00,156.36199999999999,156.63499999999999,155.58799999999999,155.61199999999999,35187,0,0
2026-01-26 00:00:00,154.661,155.345,154.20599999999999,154.42500000000001,35104,0,0
2026-01-26 04:00:00,154.42599999999999,154.48400000000001,153.81100000000001,154.11199999999999,38479,0,0
2026-01-26 08:00:00,154.11099999999999,154.41900000000001,153.40100000000001,153.66,44576,0,0
2026-01-26 12:00:00,153.66399999999999,154.33500000000001,153.30500000000001,154.054,39139,0,0
2026-01-26 16:00:00,154.04900000000001,154.13499999999999,153.61500000000001,153.97300000000001,37685,0,0
2026-01-26 20:00:00,153.971,154.273,153.86099999999999,154.15100000000001,27960,0,0
2026-01-27 00:00:00,154.13999999999999,154.45400000000001,154.06,154.346,21841,0,0
2026-01-27 04:00:00,154.34899999999999,154.643,154.08699999999999,154.501,26558,0,0
2026-01-27 08:00:00,154.50299999999999,154.87700000000001,153.17699999999999,153.75200000000001,34058,0,0
2026-01-27 12:00:00,153.745,154.19399999999999,152.999,153.24600000000001,36265,0,0
2026-01-27 16:00:00,153.24600000000001,153.375,152.60900000000001,152.768,31251,0,0
2026-01-27 20:00:00,152.767,152.881,152.09299999999999,152.143,24315,0,0
2026-01-28 00:00:00,152.15899999999999,152.99799999999999,152.14599999999999,152.99799999999999,29768,0,0
2026-01-28 04:00:00,153.00399999999999,153.06800000000001,152.47399999999999,152.667,28444,0,0
2026-01-28 08:00:00,152.667,152.80600000000001,152.28200000000001,152.71600000000001,37880,0,0
2026-01-28 12:00:00,152.71700000000001,152.91300000000001,152.351,152.851,33872,0,0
2026-01-28 16:00:00,152.84999999999999,153.78200000000001,152.65000000000001,153.53,46149,0,0
2026-01-28 20:00:00,153.529,154.048,153.30000000000001,153.40299999999999,36586,0,0
2026-01-29 00:00:00,153.40000000000001,153.43299999999999,152.76499999999999,153.25999999999999,30724,0,0
2026-01-29 04:00:00,153.26300000000001,153.39400000000001,152.90100000000001,153.02000000000001,30215,0,0
2026-01-29 08:00:00,153.01900000000001,153.459,152.923,153.315,34563,0,0
2026-01-29 12:00:00,153.316,153.53800000000001,153.17599999999999,153.334,34812,0,0
2026-01-29 16:00:00,153.333,153.51400000000001,152.68000000000001,152.905,51198,0,0
2026-01-29 20:00:00,152.90700000000001,153.214,152.90299999999999,153.08199999999999,29118,0,0
2026-01-30 00:00:00,153.05799999999999,153.79400000000001,152.86799999999999,153.75700000000001,30017,0,0
2026-01-30 04:00:00,153.755,154.13900000000001,153.65000000000001,153.91900000000001,37842,0,0
2026-01-30 08:00:00,153.91900000000001,154.28800000000001,153.708,154.27699999999999,41947,0,0
2026-01-30 12:00:00,154.27699999999999,154.38300000000001,153.798,154.35499999999999,40223,0,0
2026-01-30 16:00:00,154.36199999999999,154.762,154.16300000000001,154.44800000000001,46407,0,0
2026-01-30 20:00:00,154.44999999999999,154.79400000000001,154.28999999999999,154.72999999999999,36464,0,0
2026-02-02 00:00:00,154.89400000000001,155.51400000000001,154.82300000000001,155.03800000000001,35728,0,0
2026-02-02 04:00:00,155.03700000000001,155.14699999999999,154.755,154.893,38794,0,0
2026-02-02 08:00:00,154.89500000000001,155.072,154.54900000000001,154.77699999999999,44409,0,0
2026-02-02 12:00:00,154.774,155.298,154.708,155.22399999999999,35171,0,0
2026-02-02 16:00:00,155.22499999999999,155.70400000000001,155.142,155.50800000000001,45510,0,0
2026-02-02 20:00:00,155.506,155.78800000000001,155.499,155.62100000000001,21610,0,0
2026-02-03 00:00:00,155.595,155.65899999999999,155.40799999999999,155.47300000000001,21852,0,0
2026-02-03 04:00:00,155.47300000000001,155.55699999999999,155.30099999999999,155.428,28827,0,0
2026-02-03 08:00:00,155.429,155.87799999999999,155.30600000000001,155.869,38132,0,0
2026-02-03 12:00:00,155.86799999999999,155.98400000000001,155.77099999999999,155.88499999999999,24919,0,0
2026-02-03 16:00:00,155.887,156.084,155.52600000000001,155.72300000000001,31809,0,0
2026-02-03 20:00:00,155.72499999999999,155.81,155.602,155.71799999999999,20390,0,0
2026-02-04 00:00:00,155.71799999999999,156.18799999999999,155.64400000000001,156.14099999999999,23216,0,0
2026-02-04 04:00:00,156.143,156.39400000000001,156.124,156.30000000000001,24297,0,0
2026-02-04 08:00:00,156.29300000000001,156.66900000000001,156.23400000000001,156.643,31465,0,0
2026-02-04 12:00:00,156.64400000000001,156.858,156.459,156.47300000000001,35657,0,0
2026-02-04 16:00:00,156.47499999999999,156.73699999999999,156.34800000000001,156.66999999999999,43054,0,0
2026-02-04 20:00:00,156.672,156.947,156.63,156.83199999999999,20915,0,0
2026-02-05 00:00:00,156.815,156.98099999999999,156.70599999999999,156.86199999999999,19511,0,0
2026-02-05 04:00:00,156.86199999999999,156.989,156.68199999999999,156.98099999999999,23636,0,0
2026-02-05 08:00:00,156.97999999999999,157.33699999999999,156.85499999999999,157.31700000000001,24919,0,0
2026-02-05 12:00:00,157.316,157.33600000000001,156.529,156.61000000000001,26540,0,0
2026-02-05 16:00:00,156.61000000000001,157.018,156.547,156.80600000000001,31177,0,0
2026-02-05 20:00:00,156.80600000000001,157.095,156.77099999999999,157.00299999999999,12604,0,0
2026-02-06 00:00:00,156.86000000000001,157.065,156.50899999999999,156.66,19982,0,0
2026-02-06 04:00:00,156.66,156.83000000000001,156.595,156.761,15303,0,0
2026-02-06 08:00:00,156.75999999999999,157.077,156.67400000000001,157.053,24389,0,0
2026-02-06 12:00:00,157.054,157.15700000000001,156.904,156.93199999999999,17068,0,0
2026-02-06 16:00:00,156.93199999999999,157.131,156.78100000000001,157.054,32352,0,0
2026-02-06 20:00:00,157.054,157.262,156.99799999999999,157.16300000000001,21052,0,0
2026-02-09 00:00:00,157.57400000000001,157.66,156.214,156.63,30405,0,0
2026-02-09 04:00:00,156.63,156.93600000000001,156.52199999999999,156.613,25371,0,0
2026-02-09 08:00:00,156.61500000000001,156.78,156.29400000000001,156.64699999999999,38194,0,0
2026-02-09 12:00:00,156.64500000000001,156.749,155.91300000000001,155.922,41719,0,0
2026-02-09 16:00:00,155.922,156.14400000000001,155.52000000000001,155.96299999999999,36035,0,0
2026-02-09 20:00:00,155.965,156.03299999999999,155.63800000000001,155.858,21367,0,0
2026-02-10 00:00:00,155.83500000000001,156.29499999999999,155.67099999999999,155.73400000000001,22508,0,0
2026-02-10 04:00:00,155.73500000000001,155.83500000000001,155.089,155.30500000000001,26341,0,0
2026-02-10 08:00:00,155.30500000000001,155.63399999999999,155.24799999999999,155.28200000000001,29889,0,0
2026-02-10 12:00:00,155.286,155.30799999999999,154.72900000000001,154.75800000000001,32341,0,0
2026-02-10 16:00:00,154.75200000000001,154.79599999999999,154.05699999999999,154.37899999999999,40244,0,0
2026-02-10 20:00:00,154.381,154.58799999999999,154.24199999999999,154.386,22628,0,0
2026-02-11 00:00:00,154.38399999999999,154.51900000000001,153.83699999999999,153.977,14706,0,0
2026-02-11 04:00:00,153.977,153.97999999999999,152.99700000000001,153.04300000000001,16678,0,0
2026-02-11 08:00:00,153.03999999999999,153.40600000000001,152.80099999999999,153.208,24238,0,0
2026-02-11 12:00:00,153.208,154.654,152.857,153.846,27560,0,0
2026-02-11 16:00:00,153.84899999999999,153.964,152.55099999999999,152.827,37576,0,0
2026-02-11 20:00:00,152.82599999999999,153.30799999999999,152.565,153.24000000000001,16904,0,0
2026-02-12 00:00:00,153.197,153.446,152.791,152.863,16671,0,0
2026-02-12 04:00:00,152.86199999999999,153.191,152.27000000000001,153.10499999999999,21950,0,0
2026-02-12 08:00:00,153.10599999999999,153.55000000000001,152.80199999999999,152.91499999999999,28295,0,0
2026-02-12 12:00:00,152.91499999999999,153.75800000000001,152.90199999999999,153.26599999999999,22601,0,0
2026-02-12 16:00:00,153.26599999999999,153.39699999999999,152.36500000000001,152.84999999999999,37461,0,0
2026-02-12 20:00:00,152.84899999999999,152.99100000000001,152.66800000000001,152.72900000000001,18747,0,0
2026-02-13 00:00:00,152.71600000000001,153.34800000000001,152.661,153.26400000000001,17835,0,0
2026-02-13 04:00:00,153.26400000000001,153.398,152.84299999999999,153.31200000000001,16837,0,0
2026-02-13 08:00:00,153.31,153.666,153.114,153.50899999999999,23354,0,0
2026-02-13 12:00:00,153.50700000000001,153.59299999999999,152.917,153.06999999999999,26594,0,0
2026-02-13 16:00:00,153.071,153.226,152.59399999999999,152.804,31699,0,0
2026-02-13 20:00:00,152.803,152.88800000000001,152.626,152.643,12161,0,0
2026-02-16 00:00:00,152.71899999999999,153.16399999999999,152.57900000000001,153.023,14853,0,0
2026-02-16 04:00:00,153.024,153.249,152.97,153.19800000000001,11760,0,0
2026-02-16 08:00:00,153.20400000000001,153.61699999999999,153.07599999999999,153.57400000000001,16073,0,0
2026-02-16 12:00:00,153.57300000000001,153.636,153.297,153.33600000000001,13577,0,0
2026-02-16 16:00:00,153.33699999999999,153.57400000000001,153.25399999999999,153.47200000000001,11980,0,0
2026-02-16 20:00:00,153.471,153.53700000000001,153.37799999999999,153.423,3332,0,0
2026-02-17 00:00:00,153.36199999999999,153.755,153.12700000000001,153.13499999999999,20375,0,0
2026-02-17 04:00:00,153.13499999999999,153.261,152.90000000000001,152.94399999999999,24056,0,0
2026-02-17 08:00:00,152.947,153.18000000000001,152.69800000000001,152.90700000000001,25019,0,0
2026-02-17 12:00:00,152.90600000000001,153.392,152.84899999999999,153.28399999999999,26031,0,0
2026-02-17 16:00:00,153.285,153.92599999999999,153.285,153.471,34844,0,0
2026-02-17 20:00:00,153.47200000000001,153.48099999999999,153.18100000000001,153.22399999999999,14923,0,0
2026-02-18 00:00:00,153.21899999999999,153.46700000000001,153.06700000000001,153.43899999999999,18525,0,0
2026-02-18 04:00:00,153.44,153.70099999999999,153.44,153.45699999999999,13849,0,0
2026-02-18 08:00:00,153.459,153.798,153.393,153.72800000000001,16377,0,0
2026-02-18 12:00:00,153.733,153.94800000000001,153.553,153.94300000000001,16916,0,0
2026-02-18 16:00:00,153.93700000000001,154.607,153.916,154.53200000000001,25429,0,0
2026-02-18 20:00:00,154.53299999999999,154.869,154.346,154.78800000000001,17086,0,0
2026-02-19 00:00:00,154.78100000000001,154.983,154.62,154.95500000000001,12614,0,0
2026-02-19 04:00:00,154.95400000000001,155.32900000000001,154.75299999999999,155.303,18765,0,0
2026-02-19 08:00:00,155.30199999999999,155.34200000000001,154.70699999999999,154.81,20507,0,0
2026-02-19 12:00:00,154.80699999999999,155.04400000000001,154.542,154.91900000000001,21664,0,0
2026-02-19 16:00:00,154.91999999999999,155.285,154.85900000000001,155.02099999999999,28343,0,0
2026-02-19 20:00:00,155.01900000000001,155.131,154.82900000000001,154.982,13988,0,0
2026-02-20 00:00:00,154.947,155.316,154.88900000000001,155.13900000000001,18625,0,0
2026-02-20 04:00:00,155.13900000000001,155.369,155.054,155.29499999999999,15904,0,0
2026-02-20 08:00:00,155.29900000000001,155.64500000000001,154.94499999999999,155.392,22954,0,0
2026-02-20 12:00:00,155.393,155.45099999999999,155.05099999999999,155.417,21840,0,0
2026-02-20 16:00:00,155.40899999999999,155.53800000000001,154.715,154.99600000000001,40988,0,0
2026-02-20 20:00:00,154.99700000000001,155.184,154.809,154.91499999999999,20313,0,0
2026-02-23 00:00:00,154.91900000000001,154.96100000000001,154,154.214,22011,0,0
2026-02-23 04:00:00,154.21600000000001,154.489,154.07300000000001,154.43299999999999,17571,0,0
2026-02-23 08:00:00,154.434,154.864,154.226,154.80500000000001,22544,0,0
2026-02-23 12:00:00,154.80500000000001,155.04499999999999,154.566,154.61799999999999,22403,0,0
2026-02-23 16:00:00,154.61699999999999,154.82599999999999,154.21899999999999,154.392,27473,0,0
2026-02-23 20:00:00,154.392,154.76599999999999,154.39099999999999,154.59200000000001,14342,0,0
2026-02-24 00:00:00,154.58099999999999,155.13900000000001,154.52600000000001,154.97900000000001,17293,0,0
2026-02-24 04:00:00,154.98400000000001,155.31,154.864,155.15899999999999,17300,0,0
2026-02-24 08:00:00,155.15799999999999,156.28100000000001,154.94399999999999,155.858,31711,0,0
2026-02-24 12:00:00,155.86000000000001,156.095,155.679,156.05500000000001,20489,0,0
2026-02-24 16:00:00,156.05799999999999,156.17599999999999,155.58600000000001,155.75800000000001,24105,0,0
2026-02-24 20:00:00,155.75700000000001,155.92699999999999,155.691,155.821,11452,0,0
2026-02-25 00:00:00,155.81999999999999,155.99100000000001,155.62200000000001,155.77500000000001,13929,0,0
2026-02-25 04:00:00,155.77699999999999,156.04599999999999,155.34399999999999,155.595,21803,0,0
2026-02-25 08:00:00,155.59700000000001,156.66300000000001,155.52699999999999,156.56100000000001,23117,0,0
2026-02-25 12:00:00,156.559,156.82499999999999,156.541,156.697,18963,0,0
2026-02-25 16:00:00,156.696,156.762,156.24000000000001,156.327,24721,0,0
2026-02-25 20:00:00,156.32499999999999,156.53800000000001,156.28100000000001,156.30000000000001,11552,0,0
2026-02-26 00:00:00,156.303,156.435,155.81100000000001,155.83099999999999,17386,0,0
2026-02-26 04:00:00,155.83099999999999,156.096,155.69999999999999,155.941,19956,0,0
2026-02-26 08:00:00,155.935,156.178,155.893,156.072,23255,0,0
2026-02-26 12:00:00,156.071,156.17599999999999,155.923,156.16200000000001,18517,0,0
2026-02-26 16:00:00,156.16499999999999,156.40199999999999,155.83099999999999,156.39099999999999,30695,0,0
2026-02-26 20:00:00,156.39500000000001,156.43100000000001,156.05500000000001,156.11199999999999,16593,0,0
2026-02-27 00:00:00,156.06200000000001,156.148,155.66900000000001,155.98099999999999,20016,0,0
2026-02-27 04:00:00,155.982,155.982,155.536,155.84399999999999,16702,0,0
2026-02-27 08:00:00,155.85400000000001,156.23500000000001,155.77799999999999,156.071,23485,0,0
2026-02-27 12:00:00,156.07300000000001,156.18299999999999,155.833,156.166,20390,0,0
2026-02-27 16:00:00,156.202,156.22900000000001,155.91900000000001,156.048,30773,0,0
2026-02-27 20:00:00,156.05199999999999,156.19300000000001,155.886,156.02799999999999,15036,0,0
2026-03-02 00:00:00,155.928,156.80600000000001,155.92699999999999,156.21600000000001,26742,0,0
2026-03-02 04:00:00,156.21600000000001,156.858,156.15700000000001,156.83199999999999,26582,0,0
2026-03-02 08:00:00,156.834,157.25,156.798,157.012,34498,0,0
2026-03-02 12:00:00,157.00999999999999,157.60599999999999,156.79599999999999,157.52099999999999,27600,0,0
2026-03-02 16:00:00,157.52199999999999,157.75399999999999,157.339,157.363,30964,0,0
2026-03-02 20:00:00,157.35900000000001,157.494,157.113,157.28299999999999,19880,0,0
2026-03-03 00:00:00,157.28399999999999,157.59999999999999,157.17599999999999,157.30000000000001,19722,0,0
2026-03-03 04:00:00,157.30500000000001,157.43700000000001,157.17400000000001,157.39500000000001,23044,0,0
2026-03-03 08:00:00,157.393,157.82499999999999,157.15000000000001,157.67400000000001,32567,0,0
2026-03-03 12:00:00,157.67400000000001,157.971,157.501,157.80500000000001,34116,0,0
2026-03-03 16:00:00,157.80500000000001,157.95599999999999,157.601,157.83600000000001,44280,0,0
2026-03-03 20:00:00,157.83699999999999,157.846,157.47399999999999,157.69,24296,0,0
2026-03-04 00:00:00,157.65700000000001,157.864,157.398,157.59100000000001,21036,0,0
2026-03-04 04:00:00,157.59100000000001,157.64400000000001,157.18100000000001,157.578,23443,0,0
2026-03-04 08:00:00,157.577,157.65700000000001,157.09,157.20099999999999,28268,0,0
2026-03-04 12:00:00,157.202,157.351,156.85499999999999,157.30799999999999,31891,0,0
2026-03-04 16:00:00,157.31,157.41,156.88300000000001,156.97900000000001,32321,0,0
2026-03-04 20:00:00,156.97999999999999,157.17099999999999,156.97,157.02600000000001,15674,0,0
2026-03-05 00:00:00,156.99199999999999,157.09800000000001,156.452,156.77600000000001,20472,0,0
2026-03-05 04:00:00,156.77699999999999,157.21799999999999,156.71700000000001,157.19499999999999,25711,0,0
2026-03-05 08:00:00,157.197,157.37700000000001,156.90000000000001,157.15100000000001,38050,0,0
2026-03-05 12:00:00,157.148,157.779,157.09800000000001,157.76900000000001,30744,0,0
2026-03-05 16:00:00,157.77000000000001,157.84999999999999,157.39599999999999,157.69200000000001,41038,0,0
2026-03-05 20:00:00,157.69,157.851,157.41499999999999,157.506,31676,0,0
2026-03-06 00:00:00,157.44499999999999,157.60300000000001,157.38,157.47900000000001,20933,0,0
2026-03-06 04:00:00,157.47900000000001,157.87899999999999,157.44999999999999,157.845,18960,0,0
2026-03-06 08:00:00,157.846,157.90299999999999,157.501,157.863,28419,0,0
2026-03-06 12:00:00,157.86199999999999,158.089,157.376,157.875,36747,0,0
2026-03-06 16:00:00,157.88,158.09,157.51300000000001,157.80000000000001,47043,0,0
2026-03-06 20:00:00,157.803,157.96299999999999,157.61500000000001,157.68799999999999,29312,0,0
2026-03-09 00:00:00,158.03299999999999,158.697,157.98099999999999,158.661,25731,0,0
2026-03-09 04:00:00,158.66399999999999,158.90000000000001,158.56899999999999,158.71799999999999,31783,0,0
2026-03-09 08:00:00,158.721,158.774,158.32499999999999,158.63399999999999,43256,0,0
2026-03-09 12:00:00,158.63499999999999,158.65000000000001,158.191,158.565,46986,0,0
2026-03-09 16:00:00,158.56399999999999,158.58500000000001,157.97200000000001,158.136,46751,0,0
2026-03-09 20:00:00,158.13999999999999,158.41800000000001,157.63200000000001,157.64599999999999,34687,0,0
2026-03-10 00:00:00,157.626,157.95699999999999,157.56200000000001,157.59399999999999,27118,0,0
2026-03-10 04:00:00,157.59399999999999,157.934,157.53299999999999,157.77500000000001,33041,0,0
2026-03-10 08:00:00,157.78200000000001,157.78700000000001,157.273,157.69900000000001,34650,0,0
2026-03-10 12:00:00,157.69800000000001,157.97999999999999,157.548,157.81200000000001,37320,0,0
2026-03-10 16:00:00,157.81,157.916,157.53,157.572,41266,0,0
2026-03-10 20:00:00,157.572,158.12899999999999,157.40100000000001,158.04400000000001,41507,0,0
2026-03-11 00:00:00,158.04400000000001,158.22800000000001,157.91999999999999,158.19900000000001,17007,0,0
2026-03-11 04:00:00,158.19800000000001,158.39500000000001,158.09800000000001,158.10599999999999,25664,0,0
2026-03-11 08:00:00,158.10499999999999,158.44499999999999,157.86000000000001,158.399,30019,0,0
2026-03-11 12:00:00,158.399,158.63,158.25,158.62200000000001,32723,0,0
2026-03-11 16:00:00,158.62100000000001,158.86500000000001,158.30699999999999,158.83099999999999,38948,0,0
2026-03-11 20:00:00,158.83099999999999,158.97999999999999,158.81800000000001,158.94300000000001,23567,0,0
2026-03-12 00:00:00,158.92400000000001,159.239,158.756,158.977,18096,0,0
2026-03-12 04:00:00,158.98099999999999,159.15799999999999,158.78399999999999,159.126,22145,0,0
2026-03-12 08:00:00,159.126,159.12799999999999,158.672,158.88300000000001,25479,0,0
2026-03-12 12:00:00,158.87899999999999,158.93799999999999,158.56999999999999,158.88499999999999,25039,0,0
2026-03-12 16:00:00,158.88900000000001,159.291,158.80500000000001,159.21100000000001,42516,0,0
2026-03-12 20:00:00,159.20699999999999,159.43299999999999,159.113,159.34299999999999,27675,0,0
2026-03-13 00:00:00,159.30699999999999,159.42500000000001,159.00999999999999,159.09299999999999,19323,0,0
2026-03-13 04:00:00,159.09299999999999,159.685,159.035,159.50299999999999,25769,0,0
2026-03-13 08:00:00,159.501,159.54400000000001,159.31299999999999,159.31299999999999,32453,0,0
2026-03-13 12:00:00,159.31399999999999,159.505,159.20599999999999,159.322,27550,0,0
2026-03-13 16:00:00,159.32300000000001,159.637,159.005,159.613,38993,0,0
2026-03-13 20:00:00,159.61099999999999,159.745,159.548,159.70699999999999,23984,0,0
2026-03-16 00:00:00,159.50800000000001,159.74600000000001,159.25399999999999,159.309,24599,0,0
2026-03-16 04:00:00,159.30799999999999,159.642,159.28399999999999,159.56100000000001,26856,0,0
2026-03-16 08:00:00,159.559,159.58600000000001,159.173,159.34999999999999,33161,0,0
2026-03-16 12:00:00,159.34899999999999,159.387,158.96000000000001,159.113,37025,0,0
2026-03-16 16:00:00,159.10900000000001,159.36000000000001,158.84899999999999,159.26400000000001,45862,0,0
2026-03-16 20:00:00,159.26300000000001,159.30199999999999,158.91300000000001,158.958,34594,0,0
2026-03-17 00:00:00,158.99199999999999,159.346,158.93899999999999,159.328,16219,0,0
2026-03-17 04:00:00,159.33000000000001,159.452,159.214,159.23099999999999,22847,0,0
2026-03-17 08:00:00,159.22999999999999,159.49700000000001,159.059,159.09399999999999,30504,0,0
2026-03-17 12:00:00,159.09200000000001,159.215,158.96600000000001,159.018,32201,0,0
2026-03-17 16:00:00,159.01900000000001,159.11600000000001,158.72200000000001,158.94399999999999,46788,0,0
2026-03-17 20:00:00,158.94499999999999,159.065,158.89400000000001,158.959,20965,0,0
2026-03-18 00:00:00,158.959,159.143,158.80600000000001,159.066,22938,0,0
2026-03-18 04:00:00,159.06700000000001,159.08799999999999,158.75200000000001,158.81399999999999,21715,0,0
2026-03-18 08:00:00,158.81299999999999,158.99000000000001,158.56899999999999,158.94800000000001,30314,0,0
2026-03-18 12:00:00,158.94999999999999,159.46199999999999,158.893,159.447,37201,0,0
2026-03-18 16:00:00,159.446,159.58699999999999,159.36600000000001,159.47,45843,0,0
2026-03-18 20:00:00,159.471,159.899,159.25899999999999,159.792,38277,0,0
2026-03-19 00:00:00,159.791,159.84800000000001,159.672,159.78299999999999,22604,0,0
2026-03-19 04:00:00,159.785,159.81800000000001,159.542,159.65799999999999,25277,0,0
2026-03-19 08:00:00,159.65899999999999,159.80699999999999,159.03999999999999,159.17599999999999,44684,0,0
2026-03-19 12:00:00,159.17699999999999,159.29599999999999,158.85400000000001,158.899,49250,0,0
2026-03-19 16:00:00,158.89599999999999,158.941,158.04400000000001,158.048,69940,0,0
2026-03-19 20:00:00,158.048,158.09800000000001,157.506,157.67599999999999,42409,0,0
2026-03-20 00:00:00,157.63300000000001,157.99199999999999,157.57499999999999,157.85599999999999,19464,0,0
2026-03-20 04:00:00,157.85499999999999,158.41499999999999,157.74700000000001,158.38,25080,0,0
2026-03-20 08:00:00,158.38,158.489,158.256,158.48699999999999,16611,0,0
2026-03-20 12:00:00,158.48599999999999,158.90000000000001,158.44999999999999,158.69,42537,0,0
2026-03-20 16:00:00,158.69,159.28700000000001,158.67400000000001,159.26599999999999,54188,0,0
2026-03-20 20:00:00,159.267,159.38999999999999,159.14500000000001,159.18700000000001,34533,0,0
2026-03-23 00:00:00,159.233,159.52799999999999,159.01400000000001,159.505,27481,0,0
2026-03-23 04:00:00,159.505,159.62100000000001,159.327,159.40100000000001,34241,0,0
2026-03-23 08:00:00,159.40000000000001,159.65899999999999,159.309,159.43600000000001,48344,0,0
2026-03-23 12:00:00,159.43700000000001,159.63300000000001,158.255,158.49299999999999,75559,0,0
2026-03-23 16:00:00,158.494,158.846,158.202,158.68899999999999,85306,0,0
2026-03-23 20:00:00,158.68799999999999,158.73500000000001,158.01900000000001,158.43000000000001,45176,0,0
2026-03-24 00:00:00,158.39500000000001,158.71000000000001,158.21600000000001,158.566,32476,0,0
2026-03-24 04:00:00,158.56999999999999,158.79400000000001,158.44800000000001,158.755,45720,0,0
2026-03-24 08:00:00,158.75700000000001,158.785,158.40199999999999,158.64599999999999,50308,0,0
2026-03-24 12:00:00,158.64500000000001,158.86000000000001,158.613,158.81899999999999,50224,0,0
2026-03-24 16:00:00,158.81899999999999,158.95500000000001,158.56,158.92400000000001,60487,0,0
2026-03-24 20:00:00,158.92400000000001,159.19,158.369,158.66999999999999,56127,0,0
2026-03-25 00:00:00,158.66499999999999,158.83799999999999,158.55099999999999,158.655,33852,0,0
2026-03-25 04:00:00,158.654,158.94300000000001,158.61199999999999,158.88200000000001,34513,0,0
2026-03-25 08:00:00,158.88300000000001,159.202,158.72399999999999,158.77600000000001,38878,0,0
2026-03-25 12:00:00,158.77500000000001,159.08699999999999,158.727,159.012,47643,0,0
2026-03-25 16:00:00,159.01499999999999,159.30099999999999,158.93899999999999,159.249,59403,0,0
2026-03-25 20:00:00,159.24799999999999,159.50200000000001,159.15299999999999,159.464,34225,0,0
2026-03-26 00:00:00,159.458,159.50399999999999,159.328,159.47499999999999,22842,0,0
2026-03-26 04:00:00,159.47499999999999,159.53700000000001,159.37,159.43199999999999,31248,0,0
2026-03-26 08:00:00,159.43600000000001,159.54300000000001,159.285,159.46899999999999,37263,0,0
2026-03-26 12:00:00,159.47,159.696,159.423,159.63800000000001,36563,0,0
2026-03-26 16:00:00,159.64099999999999,159.702,159.43100000000001,159.65899999999999,55297,0,0
2026-03-26 20:00:00,159.661,159.84700000000001,159.34399999999999,159.78299999999999,37624,0,0
2026-03-27 00:00:00,159.77799999999999,159.77799999999999,159.49000000000001,159.56200000000001,23802,0,0
2026-03-27 04:00:00,159.56,159.64500000000001,159.45400000000001,159.62,28451,0,0
2026-03-27 08:00:00,159.626,159.97800000000001,159.57400000000001,159.827,36704,0,0
2026-03-27 12:00:00,159.83099999999999,159.94800000000001,159.762,159.874,39571,0,0
2026-03-27 16:00:00,159.875,160.298,159.69900000000001,160.15299999999999,59619,0,0
2026-03-27 20:00:00,160.15100000000001,160.41,160.071,160.22200000000001,39161,0,0
2026-03-30 00:00:00,160.12799999999999,160.46199999999999,159.88,159.88399999999999,30993,0,0
2026-03-30 04:00:00,159.88300000000001,160,159.654,159.792,34337,0,0
2026-03-30 08:00:00,159.792,159.85900000000001,159.571,159.69,41252,0,0
2026-03-30 12:00:00,159.68700000000001,159.72800000000001,159.34100000000001,159.369,41383,0,0
2026-03-30 16:00:00,159.37200000000001,159.63999999999999,159.32499999999999,159.446,49863,0,0
2026-03-30 20:00:00,159.44300000000001,159.74199999999999,159.416,159.66900000000001,28882,0,0
2026-03-31 00:00:00,159.65799999999999,159.94300000000001,159.62700000000001,159.88200000000001,25725,0,0
2026-03-31 04:00:00,159.88499999999999,159.97399999999999,159.58799999999999,159.62200000000001,38183,0,0
2026-03-31 08:00:00,159.62299999999999,159.78899999999999,159.482,159.571,35518,0,0
2026-03-31 12:00:00,159.56800000000001,159.77500000000001,159.34700000000001,159.35900000000001,42009,0,0
2026-03-31 16:00:00,159.36099999999999,159.44399999999999,158.82599999999999,158.953,56300,0,0
2026-03-31 20:00:00,158.96000000000001,159.00299999999999,158.661,158.709,39442,0,0
2026-04-01 00:00:00,158.709,158.84100000000001,158.44900000000001,158.785,23118,0,0
2026-04-01 04:00:00,158.786,159.01400000000001,158.58500000000001,158.78,33054,0,0
2026-04-01 08:00:00,158.78100000000001,158.92099999999999,158.27000000000001,158.58000000000001,45125,0,0
2026-04-01 12:00:00,158.57900000000001,158.774,158.303,158.53200000000001,42840,0,0
2026-04-01 16:00:00,158.536,158.761,158.41,158.55500000000001,52161,0,0
2026-04-01 20:00:00,158.554,158.94800000000001,158.45099999999999,158.76900000000001,31201,0,0
2026-04-02 00:00:00,158.75800000000001,158.78700000000001,158.541,158.666,21706,0,0
2026-04-02 04:00:00,158.66499999999999,159.47800000000001,158.607,159.345,46506,0,0
2026-04-02 08:00:00,159.34399999999999,159.71799999999999,159.30500000000001,159.68299999999999,39765,0,0
2026-04-02 12:00:00,159.68199999999999,159.74700000000001,159.547,159.62799999999999,34102,0,0
2026-04-02 16:00:00,159.62899999999999,159.69200000000001,159.233,159.512,50074,0,0
2026-04-02 20:00:00,159.511,159.72900000000001,159.489,159.49600000000001,26833,0,0
2026-04-03 00:00:00,159.49000000000001,159.62799999999999,159.429,159.59800000000001,13072,0,0
2026-04-03 04:00:00,159.59899999999999,159.71899999999999,159.536,159.624,14377,0,0
2026-04-03 08:00:00,159.62299999999999,159.696,159.54400000000001,159.61000000000001,17634,0,0
2026-04-03 12:00:00,159.61099999999999,159.80799999999999,159.53,159.62,27332,0,0
2026-04-03 16:00:00,159.62,159.649,159.48699999999999,159.63399999999999,15444,0,0
2026-04-03 20:00:00,159.63399999999999,159.673,159.459,159.56800000000001,8581,0,0
2026-04-06 00:00:00,159.55099999999999,159.83199999999999,159.423,159.738,22458,0,0
2026-04-06 04:00:00,159.74100000000001,159.745,159.529,159.572,23398,0,0
2026-04-06 08:00:00,159.572,159.71100000000001,159.30699999999999,159.38900000000001,27978,0,0
2026-04-06 12:00:00,159.38800000000001,159.59,159.34800000000001,159.398,27756,0,0
2026-04-06 16:00:00,159.39699999999999,159.803,159.393,159.679,38959,0,0
2026-04-06 20:00:00,159.678,159.798,159.59100000000001,159.67400000000001,24567,0,0
2026-04-07 00:00:00,159.67400000000001,159.84200000000001,159.56299999999999,159.828,20681,0,0
2026-04-07 04:00:00,159.828,159.93299999999999,159.72900000000001,159.739,20257,0,0
2026-04-07 08:00:00,159.74100000000001,159.88,159.47900000000001,159.494,32597,0,0
2026-04-07 12:00:00,159.49199999999999,159.876,159.471,159.779,36005,0,0
2026-04-07 16:00:00,159.78,160.03,159.726,159.90600000000001,43537,0,0
2026-04-07 20:00:00,159.91,159.95599999999999,159.50399999999999,159.51499999999999,35139,0,0
2026-04-08 00:00:00,159.51400000000001,159.703,158.54400000000001,158.68700000000001,42349,0,0
2026-04-08 04:00:00,158.691,158.709,158.29499999999999,158.35599999999999,40523,0,0
2026-04-08 08:00:00,158.35400000000001,158.49000000000001,158.04900000000001,158.374,44225,0,0
2026-04-08 12:00:00,158.37299999999999,158.53899999999999,157.946,158.018,42810,0,0
2026-04-08 16:00:00,158.01900000000001,158.49700000000001,157.88800000000001,158.41999999999999,55080,0,0
2026-04-08 20:00:00,158.42099999999999,158.79499999999999,158.38,158.51300000000001,33747,0,0
2026-04-09 00:00:00,158.482,158.87200000000001,158.428,158.858,17427,0,0
2026-04-09 04:00:00,158.857,158.95400000000001,158.643,158.738,21556,0,0
2026-04-09 08:00:00,158.739,159.11000000000001,158.715,159.00800000000001,27736,0,0
2026-04-09 12:00:00,159.00800000000001,159.11699999999999,158.83799999999999,159.00200000000001,28386,0,0
2026-04-09 16:00:00,159,159.29900000000001,158.63,158.761,48717,0,0
2026-04-09 20:00:00,158.762,159.131,158.678,158.90899999999999,27968,0,0
2026-04-10 00:00:00,158.85499999999999,159.244,158.84399999999999,159.18600000000001,13223,0,0
2026-04-10 04:00:00,159.19200000000001,159.23099999999999,159.024,159.19,20769,0,0
2026-04-10 08:00:00,159.18899999999999,159.375,159.18600000000001,159.31,24179,0,0
2026-04-10 12:00:00,159.31,159.33199999999999,158.88300000000001,159.16900000000001,32507,0,0
2026-04-10 16:00:00,159.16999999999999,159.352,159.03299999999999,159.268,40805,0,0
2026-04-10 20:00:00,159.267,159.34200000000001,159.16300000000001,159.17699999999999,22152,0,0
2026-04-13 00:00:00,159.56800000000001,159.851,159.453,159.703,22893,0,0
2026-04-13 04:00:00,159.70400000000001,159.786,159.65600000000001,159.72499999999999,22665,0,0
2026-04-13 08:00:00,159.72399999999999,159.75299999999999,159.56,159.71000000000001,28650,0,0
2026-04-13 12:00:00,159.71199999999999,159.86099999999999,159.648,159.74199999999999,29223,0,0
2026-04-13 16:00:00,159.74100000000001,159.803,159.45699999999999,159.53299999999999,45708,0,0
2026-04-13 20:00:00,159.53700000000001,159.53700000000001,159.292,159.44,28241,0,0
2026-04-14 00:00:00,159.43899999999999,159.43899999999999,159.142,159.166,16799,0,0
2026-04-14 04:00:00,159.166,159.267,159.011,159.03200000000001,24972,0,0
2026-04-14 08:00:00,159.03100000000001,159.285,158.947,159.066,33387,0,0
2026-04-14 12:00:00,159.066,159.096,158.691,158.72300000000001,35364,0,0
2026-04-14 16:00:00,158.726,158.934,158.602,158.83799999999999,41981,0,0
2026-04-14 20:00:00,158.83500000000001,158.91,158.68600000000001,158.749,22259,0,0
2026-04-15 00:00:00,158.75399999999999,158.886,158.71700000000001,158.81800000000001,23886,0,0
2026-04-15 04:00:00,158.81700000000001,159.066,158.816,158.98699999999999,23148,0,0
2026-04-15 08:00:00,158.98599999999999,159.03,158.64500000000001,158.77600000000001,29538,0,0
2026-04-15 12:00:00,158.77799999999999,159.155,158.715,159.107,37068,0,0
2026-04-15 16:00:00,159.108,159.12200000000001,158.75,158.881,40798,0,0
2026-04-15 20:00:00,158.88200000000001,159.12200000000001,158.876,158.94300000000001,25867,0,0
2026-04-16 00:00:00,158.92599999999999,158.98500000000001,158.71700000000001,158.72999999999999,16231,0,0
2026-04-16 04:00:00,158.72999999999999,158.828,158.26599999999999,158.71100000000001,30708,0,0
2026-04-16 08:00:00,158.71199999999999,159.059,158.697,158.98500000000001,28360,0,0
2026-04-16 12:00:00,158.98699999999999,159.13,158.88200000000001,159.11199999999999,31652,0,0
2026-04-16 16:00:00,159.113,159.30699999999999,158.98699999999999,159.17400000000001,43612,0,0
2026-04-16 20:00:00,159.17099999999999,159.29300000000001,159.096,159.108,23764,0,0
2026-04-17 00:00:00,159.06399999999999,159.36000000000001,159.01900000000001,159.33199999999999,12823,0,0
2026-04-17 04:00:00,159.33099999999999,159.483,159.30199999999999,159.46799999999999,17849,0,0
2026-04-17 08:00:00,159.46899999999999,159.53200000000001,159.13499999999999,159.13999999999999,28796,0,0
2026-04-17 12:00:00,159.14099999999999,159.226,158.399,158.41200000000001,34630,0,0
2026-04-17 16:00:00,158.411,158.518,157.59399999999999,158.054,57787,0,0
2026-04-17 20:00:00,158.06,158.643,158.05699999999999,158.55000000000001,29578,0,0
2026-04-20 00:00:00,158.77099999999999,159.202,158.68899999999999,159.00899999999999,22585,0,0
2026-04-20 04:00:00,159.00899999999999,159.017,158.78700000000001,158.89699999999999,25115,0,0
2026-04-20 08:00:00,158.899,159.07400000000001,158.727,158.97999999999999,36512,0,0
2026-04-20 12:00:00,158.97900000000001,159.024,158.75,158.87799999999999,36222,0,0
2026-04-20 16:00:00,158.87899999999999,158.93600000000001,158.54900000000001,158.65700000000001,48566,0,0
2026-04-20 20:00:00,158.65799999999999,158.92400000000001,158.61099999999999,158.739,25878,0,0
2026-04-21 00:00:00,158.739,158.995,158.684,158.953,19616,0,0
2026-04-21 04:00:00,158.95699999999999,158.99799999999999,158.91399999999999,158.958,19587,0,0
2026-04-21 08:00:00,158.95699999999999,159.21600000000001,158.79400000000001,159.178,33778,0,0
2026-04-21 12:00:00,159.179,159.256,159.01300000000001,159.172,28820,0,0
2026-04-21 16:00:00,159.17599999999999,159.50399999999999,159.012,159.46600000000001,44485,0,0
2026-04-21 20:00:00,159.464,159.63900000000001,159.172,159.334,42281,0,0
2026-04-22 00:00:00,159.30500000000001,159.46100000000001,159.178,159.291,17229,0,0
2026-04-22 04:00:00,159.286,159.404,159.227,159.34200000000001,20802,0,0
2026-04-22 08:00:00,159.34200000000001,159.37,159.09899999999999,159.35900000000001,36151,0,0
2026-04-22 12:00:00,159.35900000000001,159.37299999999999,159.155,159.35499999999999,32054,0,0
2026-04-22 16:00:00,159.35400000000001,159.53,159.11199999999999,159.506,44604,0,0
2026-04-22 20:00:00,159.505,159.57499999999999,159.416,159.42599999999999,19490,0,0
2026-04-23 00:00:00,159.404,159.69,159.292,159.33199999999999,17333,0,0
2026-04-23 04:00:00,159.33099999999999,159.58600000000001,159.29400000000001,159.54400000000001,26666,0,0
2026-04-23 08:00:00,159.54599999999999,159.70099999999999,159.51599999999999,159.69200000000001,27347,0,0
2026-04-23 12:00:00,159.69300000000001,159.779,159.43600000000001,159.50399999999999,39043,0,0
2026-04-23 16:00:00,159.505,159.62799999999999,159.31399999999999,159.458,43326,0,0
2026-04-23 20:00:00,159.459,159.84299999999999,159.452,159.655,44394,0,0
2026-04-24 00:00:00,159.626,159.81,159.49799999999999,159.79300000000001,13687,0,0
2026-04-24 04:00:00,159.792,159.846,159.72399999999999,159.77699999999999,21368,0,0
2026-04-24 08:00:00,159.77799999999999,159.81700000000001,159.601,159.71899999999999,28816,0,0
2026-04-24 12:00:00,159.72,159.77000000000001,159.339,159.54599999999999,38767,0,0
2026-04-24 16:00:00,159.547,159.65600000000001,159.31899999999999,159.36000000000001,49975,0,0
2026-04-24 20:00:00,159.35900000000001,159.46700000000001,159.27500000000001,159.27500000000001,24024,0,0
2026-04-27 00:00:00,159.547,159.59999999999999,159.43199999999999,159.476,12755,0,0
2026-04-27 04:00:00,159.47300000000001,159.47499999999999,159.15100000000001,159.23400000000001,29499,0,0
2026-04-27 08:00:00,159.23500000000001,159.48400000000001,159.11199999999999,159.149,38270,0,0
2026-04-27 12:00:00,159.149,159.27500000000001,159.09299999999999,159.23500000000001,32458,0,0
2026-04-27 16:00:00,159.23699999999999,159.38800000000001,159.107,159.38300000000001,38205,0,0
2026-04-27 20:00:00,159.38399999999999,159.46700000000001,159.34700000000001,159.40600000000001,23222,0,0
2026-04-28 00:00:00,159.40600000000001,159.48699999999999,159.309,159.47499999999999,16146,0,0
2026-04-28 04:00:00,159.47499999999999,159.56899999999999,158.96100000000001,159.08699999999999,29913,0,0
2026-04-28 08:00:00,159.08799999999999,159.69,159.03299999999999,159.47300000000001,40160,0,0
2026-04-28 12:00:00,159.47200000000001,159.78800000000001,159.417,159.46000000000001,38665,0,0
2026-04-28 16:00:00,159.459,159.74799999999999,159.43600000000001,159.55600000000001,51409,0,0
2026-04-28 20:00:00,159.55600000000001,159.685,159.50999999999999,159.61000000000001,20709,0,0
2026-04-29 00:00:00,159.60599999999999,159.60599999999999,159.476,159.55099999999999,12138,0,0
2026-04-29 04:00:00,159.55000000000001,159.66499999999999,159.529,159.63499999999999,23549,0,0
2026-04-29 08:00:00,159.63800000000001,159.78999999999999,159.60300000000001,159.78200000000001,30449,0,0
2026-04-29 12:00:00,159.786,159.97999999999999,159.74100000000001,159.97399999999999,27622,0,0
2026-04-29 16:00:00,159.97300000000001,160.321,159.94900000000001,160.30799999999999,43393,0,0
2026-04-29 20:00:00,160.30699999999999,160.47499999999999,160.17099999999999,160.292,39609,0,0
2026-04-30 00:00:00,160.291,160.44200000000001,160.07300000000001,160.30199999999999,19557,0,0
2026-04-30 04:00:00,160.30600000000001,160.58099999999999,160.21000000000001,160.536,30518,0,0
2026-04-30 08:00:00,160.535,160.72800000000001,159.458,159.56999999999999,44617,0,0
2026-04-30 12:00:00,159.571,159.59800000000001,155.55600000000001,156.83699999999999,80844,0,0
2026-04-30 16:00:00,156.84100000000001,156.96199999999999,156.20400000000001,156.58000000000001,61728,0,0
2026-04-30 20:00:00,156.57900000000001,156.69900000000001,156.31,156.55799999999999,38053,0,0
2026-05-01 00:00:00,156.52699999999999,157.304,156.41,157.08799999999999,22095,0,0
2026-05-01 04:00:00,157.08699999999999,157.33099999999999,156.99100000000001,157.245,30504,0,0
2026-05-01 08:00:00,157.244,157.298,155.48400000000001,156.47300000000001,44660,0,0
2026-05-01 12:00:00,156.471,156.76400000000001,156.38999999999999,156.59999999999999,32956,0,0
2026-05-01 16:00:00,156.59899999999999,156.94900000000001,156.34399999999999,156.94399999999999,52207,0,0
2026-05-01 20:00:00,156.94499999999999,157.119,156.84800000000001,156.94800000000001,27544,0,0
2026-05-04 00:00:00,156.68799999999999,156.99299999999999,156.636,156.90299999999999,17892,0,0
2026-05-04 04:00:00,156.90000000000001,157.251,155.70400000000001,156.73500000000001,37991,0,0
2026-05-04 08:00:00,156.73699999999999,156.983,156.53700000000001,156.953,36203,0,0
2026-05-04 12:00:00,156.95500000000001,157.20500000000001,156.892,157.16,46310,0,0
2026-05-04 16:00:00,157.16,157.304,156.92400000000001,157.26400000000001,52993,0,0
2026-05-04 20:00:00,157.26300000000001,157.285,156.55500000000001,157.203,34298,0,0
2026-05-05 00:00:00,157.19300000000001,157.27000000000001,157.08199999999999,157.21199999999999,13529,0,0
2026-05-05 04:00:00,157.214,157.298,157.19,157.28999999999999,17191,0,0
2026-05-05 08:00:00,157.29400000000001,157.30099999999999,157.07599999999999,157.28800000000001,32776,0,0
2026-05-05 12:00:00,157.28800000000001,157.875,157.11699999999999,157.76400000000001,37153,0,0
2026-05-05 16:00:00,157.768,157.828,157.607,157.792,47108,0,0
2026-05-05 20:00:00,157.792,157.92099999999999,157.77000000000001,157.86799999999999,24028,0,0
2026-05-06 00:00:00,157.858,157.935,157.54400000000001,157.596,25977,0,0
2026-05-06 04:00:00,157.596,157.89500000000001,155.036,155.94,43258,0,0
2026-05-06 08:00:00,155.929,156.56700000000001,155.72399999999999,155.97800000000001,53103,0,0
2026-05-06 12:00:00,155.977,156.30699999999999,155.61000000000001,156.28800000000001,57862,0,0
2026-05-06 16:00:00,156.29400000000001,156.489,156.04599999999999,156.43600000000001,53290,0,0
2026-05-06 20:00:00,156.434,156.511,156.297,156.33099999999999,33658,0,0
2026-05-07 00:00:00,156.315,156.52699999999999,156.208,156.322,20198,0,0
2026-05-07 04:00:00,156.31700000000001,156.43299999999999,156.02000000000001,156.357,31141,0,0
2026-05-07 08:00:00,156.358,156.41200000000001,156.017,156.328,35739,0,0
2026-05-07 12:00:00,156.328,156.471,156.24000000000001,156.29499999999999,31182,0,0
2026-05-07 16:00:00,156.297,156.64599999999999,156.172,156.63,40966,0,0
2026-05-07 20:00:00,156.631,156.95099999999999,156.608,156.87799999999999,36720,0,0
2026-05-08 00:00:00,156.86099999999999,156.994,156.678,156.96899999999999,17699,0,0
2026-05-08 04:00:00,156.96700000000001,156.977,156.77099999999999,156.84800000000001,24198,0,0
2026-05-08 08:00:00,156.84999999999999,156.886,156.63399999999999,156.697,30623,0,0
2026-05-08 12:00:00,156.69499999999999,156.81899999999999,156.51499999999999,156.649,30671,0,0
2026-05-08 16:00:00,156.64699999999999,156.70699999999999,156.43199999999999,156.702,38985,0,0
2026-05-08 20:00:00,156.70099999999999,156.768,156.56899999999999,156.58000000000001,20027,0,0
2026-05-11 00:00:00,156.483,157.06399999999999,156.46100000000001,156.94,15901,0,0
2026-05-11 04:00:00,156.93899999999999,157.18100000000001,156.92500000000001,157.13,20587,0,0
2026-05-11 08:00:00,157.13200000000001,157.15100000000001,156.94800000000001,157.09200000000001,24332,0,0
2026-05-11 12:00:00,157.09100000000001,157.16499999999999,157.05699999999999,157.11099999999999,26971,0,0
2026-05-11 16:00:00,157.10900000000001,157.166,156.97999999999999,157.154,33071,0,0
2026-05-11 20:00:00,157.15700000000001,157.27099999999999,157.09,157.161,21215,0,0
2026-05-12 00:00:00,157.12,157.434,157.02500000000001,157.422,12879,0,0
2026-05-12 04:00:00,157.422,157.65600000000001,157.376,157.58500000000001,20203,0,0
2026-05-12 08:00:00,157.584,157.75200000000001,156.72399999999999,157.619,36781,0,0
2026-05-12 12:00:00,157.624,157.66800000000001,157.488,157.554,30968,0,0
2026-05-12 16:00:00,157.554,157.76499999999999,157.48099999999999,157.75200000000001,38198,0,0
2026-05-12 20:00:00,157.75299999999999,157.756,157.51900000000001,157.59399999999999,20831,0,0
2026-05-13 00:00:00,157.58799999999999,157.76900000000001,157.52199999999999,157.709,9695,0,0
2026-05-13 04:00:00,157.708,157.78200000000001,157.56200000000001,157.71899999999999,18439,0,0
2026-05-13 08:00:00,157.72300000000001,157.84899999999999,157.67500000000001,157.804,21712,0,0
2026-05-13 12:00:00,157.804,157.898,157.745,157.845,27151,0,0
2026-05-13 16:00:00,157.845,157.89699999999999,157.74600000000001,157.86000000000001,36803,0,0
2026-05-13 20:00:00,157.85900000000001,157.92699999999999,157.82400000000001,157.82400000000001,25004,0,0
2026-05-14 00:00:00,157.80000000000001,157.875,157.61799999999999,157.852,13089,0,0
2026-05-14 04:00:00,157.851,157.999,157.51599999999999,157.863,25026,0,0
2026-05-14 08:00:00,157.86199999999999,157.94800000000001,157.80799999999999,157.90000000000001,28557,0,0
2026-05-14 12:00:00,157.898,157.988,157.876,157.97399999999999,33019,0,0
2026-05-14 16:00:00,157.976,158.202,157.29300000000001,158.166,52071,0,0
2026-05-14 20:00:00,158.16499999999999,158.422,158.13499999999999,158.345,25365,0,0
2026-05-15 00:00:00,158.321,158.51499999999999,158.238,158.46899999999999,17363,0,0
2026-05-15 04:00:00,158.47,158.59,158.41800000000001,158.51599999999999,30856,0,0
2026-05-15 08:00:00,158.517,158.67699999999999,158.351,158.56200000000001,40724,0,0
2026-05-15 12:00:00,158.56299999999999,158.60400000000001,158.297,158.57400000000001,44056,0,0
2026-05-15 16:00:00,158.572,158.75,158.53200000000001,158.70400000000001,39620,0,0
2026-05-15 20:00:00,158.70400000000001,158.84399999999999,158.64500000000001,158.65600000000001,23783,0,0
2026-05-18 00:00:00,158.55500000000001,158.952,158.49000000000001,158.93299999999999,19935,0,0
2026-05-18 04:00:00,158.93299999999999,159.07400000000001,158.822,158.99000000000001,32104,0,0
2026-05-18 08:00:00,158.988,159.00200000000001,158.78800000000001,158.82599999999999,41803,0,0
2026-05-18 12:00:00,158.82599999999999,158.959,158.61600000000001,158.68799999999999,43015,0,0
2026-05-18 16:00:00,158.68700000000001,158.946,158.64500000000001,158.934,53256,0,0
2026-05-18 20:00:00,158.934,159.08199999999999,158.74799999999999,158.78399999999999,36844,0,0
2026-05-19 00:00:00,158.72800000000001,159.02199999999999,158.667,159.01400000000001,13611,0,0
2026-05-19 04:00:00,159.01300000000001,159.03299999999999,158.88800000000001,158.99600000000001,24838,0,0
2026-05-19 08:00:00,158.994,159.149,158.94999999999999,159.142,32444,0,0
2026-05-19 12:00:00,159.13999999999999,159.18199999999999,158.64400000000001,159.06700000000001,36123,0,0
2026-05-19 16:00:00,159.06800000000001,159.25299999999999,158.78100000000001,158.82499999999999,53952,0,0
2026-05-19 20:00:00,158.82499999999999,159.10400000000001,158.78200000000001,159.03999999999999,26582,0,0
2026-05-20 00:00:00,159.029,159.10599999999999,158.95500000000001,158.999,14973,0,0
2026-05-20 04:00:00,158.99799999999999,159.089,158.82300000000001,158.98500000000001,29941,0,0
2026-05-20 08:00:00,158.983,159.09999999999999,158.87200000000001,159.04599999999999,33253,0,0
2026-05-20 12:00:00,159.04400000000001,159.08000000000001,158.959,159.01499999999999,29062,0,0
2026-05-20 16:00:00,159.01599999999999,159.16800000000001,158.589,158.83000000000001,56460,0,0
2026-05-20 20:00:00,158.83000000000001,158.96199999999999,158.77600000000001,158.89599999999999,30060,0,0
2026-05-21 00:00:00,158.87,158.93199999999999,158.74799999999999,158.86500000000001,14523,0,0
2026-05-21 04:00:00,158.864,159.00299999999999,158.809,158.99799999999999,23709,0,0
2026-05-21 08:00:00,158.999,159.08799999999999,158.905,158.989,32216,0,0
2026-05-21 12:00:00,158.988,159.18700000000001,158.90899999999999,159.167,33176,0,0
2026-05-21 16:00:00,159.16900000000001,159.34899999999999,159.11600000000001,159.13300000000001,48422,0,0
2026-05-21 20:00:00,159.13,159.17599999999999,158.81999999999999,158.93700000000001,42437,0,0
2026-05-22 00:00:00,158.905,159.12299999999999,158.839,159.09899999999999,12301,0,0
2026-05-22 04:00:00,159.09700000000001,159.124,159,159.07400000000001,17607,0,0
2026-05-22 08:00:00,159.07400000000001,159.14400000000001,159.053,159.09700000000001,23367,0,0
2026-05-22 12:00:00,159.09700000000001,159.15100000000001,159.06700000000001,159.072,26857,0,0
2026-05-22 16:00:00,159.06899999999999,159.23400000000001,158.98599999999999,159.17400000000001,40386,0,0
2026-05-22 20:00:00,159.17400000000001,159.20699999999999,159.06299999999999,159.06999999999999,26843,0,0
2026-05-25 00:00:00,158.768,158.96899999999999,158.69800000000001,158.90100000000001,15918,0,0
2026-05-25 04:00:00,158.90000000000001,158.916,158.75999999999999,158.864,16478,0,0
2026-05-25 08:00:00,158.863,159.04300000000001,158.84299999999999,158.91300000000001,19922,0,0
2026-05-25 12:00:00,158.91300000000001,158.96299999999999,158.87799999999999,158.904,16780,0,0
2026-05-25 16:00:00,158.90700000000001,158.94999999999999,158.88,158.899,17600,0,0
2026-05-25 20:00:00,158.90000000000001,158.94,158.874,158.874,7139,0,0
2026-05-26 00:00:00,158.857,158.995,158.80199999999999,158.97,13884,0,0
2026-05-26 04:00:00,158.96799999999999,159.01900000000001,158.91,159,18164,0,0
2026-05-26 08:00:00,159.00200000000001,159.245,158.97499999999999,159.21100000000001,23926,0,0
2026-05-26 12:00:00,159.21000000000001,159.22999999999999,159.10900000000001,159.22900000000001,24891,0,0
2026-05-26 16:00:00,159.232,159.38499999999999,159.226,159.31,30688,0,0
2026-05-26 20:00:00,159.31200000000001,159.381,159.28299999999999,159.28299999999999,17338,0,0
2026-05-27 00:00:00,159.255,159.31299999999999,159.17099999999999,159.279,12458,0,0
2026-05-27 04:00:00,159.27799999999999,159.30699999999999,159.185,159.24600000000001,21586,0,0
2026-05-27 08:00:00,159.24600000000001,159.446,159.232,159.398,22396,0,0
2026-05-27 12:00:00,159.39699999999999,159.45099999999999,159.24700000000001,159.422,28838,0,0
2026-05-27 16:00:00,159.42099999999999,159.53899999999999,159.36500000000001,159.499,38272,0,0
2026-05-27 20:00:00,159.49799999999999,159.578,159.49100000000001,159.505,22163,0,0
2026-05-28 00:00:00,159.49299999999999,159.60300000000001,159.41900000000001,159.55799999999999,12379,0,0
2026-05-28 04:00:00,159.55699999999999,159.654,159.52199999999999,159.57499999999999,24322,0,0
2026-05-28 08:00:00,159.57400000000001,159.584,159.44399999999999,159.453,28685,0,0
2026-05-28 12:00:00,159.453,159.47399999999999,159.315,159.352,34744,0,0
2026-05-28 16:00:00,159.352,159.49299999999999,159.108,159.16800000000001,52736,0,0
2026-05-28 20:00:00,159.167,159.28999999999999,159.14599999999999,159.22999999999999,27327,0,0
2026-05-29 00:00:00,159.215,159.32300000000001,159.15799999999999,159.28999999999999,14852,0,0
2026-05-29 04:00:00,159.292,159.37899999999999,159.25200000000001,159.303,21995,0,0
2026-05-29 08:00:00,159.30199999999999,159.333,159.196,159.29499999999999,27230,0,0
2026-05-29 12:00:00,159.29499999999999,159.32400000000001,159.23500000000001,159.25899999999999,30615,0,0
2026-05-29 16:00:00,159.25999999999999,159.357,159.096,159.19900000000001,44751,0,0
2026-05-29 20:00:00,159.19999999999999,159.30600000000001,159.13499999999999,159.13499999999999,24997,0,0
2026-06-01 00:00:00,159.34,159.471,159.30000000000001,159.46199999999999,22708,0,0
2026-06-01 04:00:00,159.46000000000001,159.49799999999999,159.43700000000001,159.46000000000001,22618,0,0
2026-06-01 08:00:00,159.46199999999999,159.50299999999999,159.40799999999999,159.453,31977,0,0
2026-06-01 12:00:00,159.453,159.49700000000001,159.435,159.49100000000001,32186,0,0
2026-06-01 16:00:00,159.49000000000001,159.767,159.48500000000001,159.60400000000001,58266,0,0
2026-06-01 20:00:00,159.60300000000001,159.76300000000001,159.56700000000001,159.643,31198,0,0
2026-06-02 00:00:00,159.61799999999999,159.72499999999999,159.55000000000001,159.667,19142,0,0
2026-06-02 04:00:00,159.66200000000001,159.73400000000001,159.63800000000001,159.72800000000001,30330,0,0
2026-06-02 08:00:00,159.73099999999999,159.751,159.654,159.744,33739,0,0
2026-06-02 12:00:00,159.745,159.78700000000001,159.696,159.78299999999999,24491,0,0
2026-06-02 16:00:00,159.78100000000001,159.94900000000001,159.76599999999999,159.904,27028,0,0
2026-06-02 20:00:00,159.90199999999999,159.98699999999999,159.876,159.87899999999999,21163,0,0
2026-06-03 00:00:00,159.852,159.999,159.816,159.941,16633,0,0
2026-06-03 04:00:00,159.93799999999999,159.94499999999999,159.81299999999999,159.887,24629,0,0
2026-06-03 08:00:00,159.88800000000001,160,159.36799999999999,159.75399999999999,45981,0,0
2026-06-03 12:00:00,159.75299999999999,159.934,159.66,159.91,37037,0,0
2026-06-03 16:00:00,159.91399999999999,160.05000000000001,159.88999999999999,159.98699999999999,51850,0,0
2026-06-03 20:00:00,159.988,160.09200000000001,159.95099999999999,160.03,29696,0,0
2026-06-04 00:00:00,160.005,160.07599999999999,159.83600000000001,159.904,25032,0,0
2026-06-04 04:00:00,159.905,159.994,159.602,159.87100000000001,32103,0,0
2026-06-04 08:00:00,159.869,159.935,159.82599999999999,159.876,40635,0,0
2026-06-04 12:00:00,159.874,159.899,159.74700000000001,159.87200000000001,45657,0,0
2026-06-04 16:00:00,159.87100000000001,160.03299999999999,159.84200000000001,159.97,40428,0,0
2026-06-04 20:00:00,159.97,160.048,159.96700000000001,160.005,23361,0,0
2026-06-05 00:00:00,160.001,160.024,159.899,159.959,15434,0,0
2026-06-05 04:00:00,159.958,159.99600000000001,159.898,159.959,26215,0,0
2026-06-05 08:00:00,159.959,159.97499999999999,159.90700000000001,159.947,28777,0,0
2026-06-05 12:00:00,159.94800000000001,160.226,159.82900000000001,160.21899999999999,35631,0,0
2026-06-05 16:00:00,160.22499999999999,160.34399999999999,159.739,160.27799999999999,52019,0,0
2026-06-05 20:00:00,160.27699999999999,160.34200000000001,160.089,160.23500000000001,25212,0,0
2026-06-08 00:00:00,160.13999999999999,160.36000000000001,160.11799999999999,160.31999999999999,18483,0,0
2026-06-08 04:00:00,160.322,160.39699999999999,160.26499999999999,160.346,25067,0,0
2026-06-08 08:00:00,160.34399999999999,160.34800000000001,159.84200000000001,160.024,39002,0,0
2026-06-08 12:00:00,160.02600000000001,160.08000000000001,159.88200000000001,159.96000000000001,43991,0,0
2026-06-08 16:00:00,159.959,160.20099999999999,159.93600000000001,160.16,38696,0,0
2026-06-08 20:00:00,160.16,160.27500000000001,160.11500000000001,160.11500000000001,23910,0,0
2026-06-09 00:00:00,160.09,160.27600000000001,160.077,160.238,15723,0,0
2026-06-09 04:00:00,160.23699999999999,160.25700000000001,160.173,160.18899999999999,24460,0,0
2026-06-09 08:00:00,160.18799999999999,160.22399999999999,160.05199999999999,160.18000000000001,37746,0,0
2026-06-09 12:00:00,160.179,160.215,160.143,160.18799999999999,26135,0,0
2026-06-09 16:00:00,160.19,160.44900000000001,160.148,160.40199999999999,46647,0,0
2026-06-09 20:00:00,160.40299999999999,160.423,160.28299999999999,160.34700000000001,28200,0,0
2026-06-10 00:00:00,160.328,160.44,160.28200000000001,160.38300000000001,15814,0,0
2026-06-10 04:00:00,160.38300000000001,160.399,160.239,160.369,27942,0,0
2026-06-10 08:00:00,160.36699999999999,160.43000000000001,160.327,160.42500000000001,28752,0,0
2026-06-10 12:00:00,160.42599999999999,160.53100000000001,160.32300000000001,160.43299999999999,37266,0,0
2026-06-10 16:00:00,160.43199999999999,160.53299999999999,160.33500000000001,160.48599999999999,49391,0,0
2026-06-10 20:00:00,160.48500000000001,160.57599999999999,160.45599999999999,160.524,27664,0,0
2026-06-11 00:00:00,160.499,160.566,160.43700000000001,160.51900000000001,19669,0,0
2026-06-11 04:00:00,160.518,160.547,160.423,160.50399999999999,23091,0,0
2026-06-11 08:00:00,160.50200000000001,160.59,160.49299999999999,160.53299999999999,27265,0,0
2026-06-11 12:00:00,160.53299999999999,160.59700000000001,160.50299999999999,160.53399999999999,28861,0,0
2026-06-11 16:00:00,160.53299999999999,160.565,160.45699999999999,160.52799999999999,40247,0,0
2026-06-11 20:00:00,160.52799999999999,160.548,159.542,159.87700000000001,50593,0,0
2026-06-12 00:00:00,159.84899999999999,160.221,159.79900000000001,160.16999999999999,24507,0,0
2026-06-12 04:00:00,160.16900000000001,160.30799999999999,160.14699999999999,160.262,27974,0,0
2026-06-12 08:00:00,160.261,160.374,159.95599999999999,160.09399999999999,40678,0,0
2026-06-12 12:00:00,160.095,160.30600000000001,159.96000000000001,160.25299999999999,41665,0,0
2026-06-12 16:00:00,160.256,160.339,160.15700000000001,160.22999999999999,50949,0,0
2026-06-12 20:00:00,160.22900000000001,160.244,160.12899999999999,160.131,22223,0,0
2026-06-15 00:00:00,160.10900000000001,160.143,159.73400000000001,160.10900000000001,25020,0,0
2026-06-15 04:00:00,160.11699999999999,160.23099999999999,160.01300000000001,160.054,27667,0,0
2026-06-15 08:00:00,160.05500000000001,160.16300000000001,159.99100000000001,160.136,36597,0,0
2026-06-15 12:00:00,160.13999999999999,160.208,160.089,160.13800000000001,31646,0,0
2026-06-15 16:00:00,160.13999999999999,160.245,160.029,160.214,34013,0,0
2026-06-15 20:00:00,160.21299999999999,160.39500000000001,160.21000000000001,160.31200000000001,24906,0,0
2026-06-16 00:00:00,160.286,160.36500000000001,160.155,160.19800000000001,13949,0,0
2026-06-16 04:00:00,160.19900000000001,160.34899999999999,160.047,160.255,27691,0,0
2026-06-16 08:00:00,160.25399999999999,160.345,160.148,160.32499999999999,36680,0,0
2026-06-16 12:00:00,160.32400000000001,160.38,160.27799999999999,160.33000000000001,28463,0,0
2026-06-16 16:00:00,160.32900000000001,160.471,160.322,160.39400000000001,39934,0,0
2026-06-16 20:00:00,160.39500000000001,160.48400000000001,160.36799999999999,160.37200000000001,22057,0,0
2026-06-17 00:00:00,160.37,160.446,160.33099999999999,160.352,13381,0,0
2026-06-17 04:00:00,160.351,160.37299999999999,160.256,160.268,17826,0,0
2026-06-17 08:00:00,160.26900000000001,160.339,160.11699999999999,160.209,29875,0,0
2026-06-17 12:00:00,160.209,160.33500000000001,160.16200000000001,160.24799999999999,29017,0,0
2026-06-17 16:00:00,160.249,160.352,160.185,160.19900000000001,35968,0,0
2026-06-17 20:00:00,160.19999999999999,160.80099999999999,160.19399999999999,160.62,51697,0,0
2026-06-18 00:00:00,160.601,160.751,160.477,160.69900000000001,21521,0,0
2026-06-18 04:00:00,160.696,160.703,160.56100000000001,160.59200000000001,26010,0,0
2026-06-18 08:00:00,160.59299999999999,160.78100000000001,160.57300000000001,160.78100000000001,36180,0,0
2026-06-18 12:00:00,160.78299999999999,160.95400000000001,160.476,160.869,44615,0,0
2026-06-18 16:00:00,160.87,161.45400000000001,160.80000000000001,161.42400000000001,49668,0,0
2026-06-18 20:00:00,161.42599999999999,161.81299999999999,160.91999999999999,161.346,39411,0,0
2026-06-19 00:00:00,161.31200000000001,161.43199999999999,161.018,161.11000000000001,19752,0,0
2026-06-19 04:00:00,161.108,161.416,160.989,161.37899999999999,31759,0,0
2026-06-19 08:00:00,161.37899999999999,161.458,161.24000000000001,161.28700000000001,40594,0,0
2026-06-19 12:00:00,161.28299999999999,161.33099999999999,161.15700000000001,161.16900000000001,32499,0,0
2026-06-19 16:00:00,161.16999999999999,161.34200000000001,161.13499999999999,161.33199999999999,28751,0,0
2026-06-19 20:00:00,161.333,161.339,161.19200000000001,161.19300000000001,15077,0,0
2026-06-22 00:00:00,161.21100000000001,161.56800000000001,161.19,161.483,18063,0,0
2026-06-22 04:00:00,161.48500000000001,161.69499999999999,161.43600000000001,161.667,28756,0,0
2026-06-22 08:00:00,161.667,161.78800000000001,161.613,161.76900000000001,36962,0,0
2026-06-22 12:00:00,161.77000000000001,161.792,161.655,161.779,38963,0,0
2026-06-22 16:00:00,161.77799999999999,161.93299999999999,161.077,161.55500000000001,59073,0,0
2026-06-22 20:00:00,161.55500000000001,161.69300000000001,161.40100000000001,161.541,26682,0,0
2026-06-23 00:00:00,161.501,161.63800000000001,161.46299999999999,161.57900000000001,18244,0,0
2026-06-23 04:00:00,161.57900000000001,161.614,161.52199999999999,161.61099999999999,23531,0,0
2026-06-23 08:00:00,161.624,161.74199999999999,161.268,161.435,48398,0,0
2026-06-23 12:00:00,161.434,161.61600000000001,161.339,161.55699999999999,38457,0,0
2026-06-23 16:00:00,161.55699999999999,161.601,161.46600000000001,161.59800000000001,39940,0,0
2026-06-23 20:00:00,161.59999999999999,161.619,161.48500000000001,161.48500000000001,21386,0,0
2026-06-24 00:00:00,161.465,161.63399999999999,161.44,161.62700000000001,16471,0,0
2026-06-24 04:00:00,161.62799999999999,161.631,161.52699999999999,161.55699999999999,24781,0,0
2026-06-24 08:00:00,161.559,161.75800000000001,161.54400000000001,161.755,32727,0,0
2026-06-24 12:00:00,161.755,161.78100000000001,161.62299999999999,161.755,34443,0,0
2026-06-24 16:00:00,161.75800000000001,161.816,161.68899999999999,161.75299999999999,39932,0,0
2026-06-24 20:00:00,161.75299999999999,161.84299999999999,161.73599999999999,161.75,30483,0,0
2026-06-25 00:00:00,161.71799999999999,161.79300000000001,161.696,161.71299999999999,15561,0,0
2026-06-25 04:00:00,161.71299999999999,161.78,161.55500000000001,161.767,27809,0,0
2026-06-25 08:00:00,161.768,161.90000000000001,161.72800000000001,161.797,30263,0,0
2026-06-25 12:00:00,161.798,161.952,161.762,161.839,33204,0,0
2026-06-25 16:00:00,161.83799999999999,161.858,161.56399999999999,161.76499999999999,48923,0,0
2026-06-25 20:00:00,161.76900000000001,161.84299999999999,161.726,161.78,29062,0,0
2026-06-26 00:00:00,161.78100000000001,161.84200000000001,161.636,161.833,18815,0,0
2026-06-26 04:00:00,161.83099999999999,161.84899999999999,161.56200000000001,161.62899999999999,31509,0,0
2026-06-26 08:00:00,161.62799999999999,161.751,161.53200000000001,161.58799999999999,46686,0,0
2026-06-26 12:00:00,161.58799999999999,161.71000000000001,161.53200000000001,161.65899999999999,41836,0,0
2026-06-26 16:00:00,161.65600000000001,161.774,161.57900000000001,161.75399999999999,37199,0,0
2026-06-26 20:00:00,161.755,161.77799999999999,161.63499999999999,161.63999999999999,17705,0,0
2026-06-29 00:00:00,161.715,161.863,161.68199999999999,161.76300000000001,18971,0,0
2026-06-29 04:00:00,161.762,161.815,161.732,161.81200000000001,26290,0,0
2026-06-29 08:00:00,161.81299999999999,161.85900000000001,161.77799999999999,161.84800000000001,28403,0,0
2026-06-29 12:00:00,161.84399999999999,161.904,161.80600000000001,161.89400000000001,25289,0,0
2026-06-29 16:00:00,161.893,161.96799999999999,161.815,161.93899999999999,32581,0,0
2026-06-29 20:00:00,161.94,161.98500000000001,161.90700000000001,161.934,15825,0,0
2026-06-30 00:00:00,161.91300000000001,162.40799999999999,161.827,162.13300000000001,12291,0,0
2026-06-30 04:00:00,162.12700000000001,162.304,162.03999999999999,162.19900000000001,29259,0,0
2026-06-30 08:00:00,162.19399999999999,162.41800000000001,162.11699999999999,162.31899999999999,31198,0,0
2026-06-30 12:00:00,162.31899999999999,162.51599999999999,162.03399999999999,162.39699999999999,31033,0,0
2026-06-30 16:00:00,162.398,162.67599999999999,162.31700000000001,162.64500000000001,36715,0,0
2026-06-30 20:00:00,162.64699999999999,162.65000000000001,162.49199999999999,162.49199999999999,21646,0,0
2026-07-01 00:00:00,162.49299999999999,162.77799999999999,162.46799999999999,162.69399999999999,11992,0,0
2026-07-01 04:00:00,162.696,162.84200000000001,162.559,162.72300000000001,25659,0,0
2026-07-01 08:00:00,162.72399999999999,162.76400000000001,162.607,162.66800000000001,26394,0,0
2026-07-01 12:00:00,162.66399999999999,162.77099999999999,162.649,162.69800000000001,28869,0,0
2026-07-01 16:00:00,162.69900000000001,162.73699999999999,162.28999999999999,162.458,50252,0,0
2026-07-01 20:00:00,162.46000000000001,162.61699999999999,162.422,162.566,24399,0,0
2026-07-02 00:00:00,162.548,162.59700000000001,162.47900000000001,162.565,13063,0,0
2026-07-02 04:00:00,162.56299999999999,162.58500000000001,162.35900000000001,162.434,25342,0,0
2026-07-02 08:00:00,162.434,162.434,160.898,161.02699999999999,56482,0,0
2026-07-02 12:00:00,161.029,161.64400000000001,160.636,161.02500000000001,52881,2,0
2026-07-02 16:00:00,161.03200000000001,161.15899999999999,160.75800000000001,160.988,58964,2,0
2026-07-02 20:00:00,160.99700000000001,161.173,160.99000000000001,161.08500000000001,29052,2,0
2026-07-03 00:00:00,161.072,161.523,160.97499999999999,161.18299999999999,18169,2,0
2026-07-03 04:00:00,161.17699999999999,161.274,160.92099999999999,161.12700000000001,29204,2,0
2026-07-03 08:00:00,161.12899999999999,161.179,160.48599999999999,161.03999999999999,32807,2,0
2026-07-03 12:00:00,161.04499999999999,161.173,160.96299999999999,161.173,21552,2,0
2026-07-03 16:00:00,161.172,161.39699999999999,161.16999999999999,161.345,21633,2,0
2026-07-03 20:00:00,161.34399999999999,161.40899999999999,161.24100000000001,161.25299999999999,25480,2,0
2026-07-06 00:00:00,161.18199999999999,161.61000000000001,161.18199999999999,161.53299999999999,16369,2,0
2026-07-06 04:00:00,161.53200000000001,161.94200000000001,161.529,161.93799999999999,22370,2,0
2026-07-06 08:00:00,161.93899999999999,162.31399999999999,161.886,162.24700000000001,33706,2,0
2026-07-06 12:00:00,162.24600000000001,162.428,162.227,162.399,26578,2,0
2026-07-06 16:00:00,162.40100000000001,162.41800000000001,162.24100000000001,162.25700000000001,26280,2,0
2026-07-06 20:00:00,162.255,162.274,162.01499999999999,162.06800000000001,19304,2,0
2026-07-07 00:00:00,162.05699999999999,162.18299999999999,161.99700000000001,162.137,14280,2,0
2026-07-07 04:00:00,162.13499999999999,162.149,161.678,161.798,26324,2,0
2026-07-07 08:00:00,161.79900000000001,162.083,161.65000000000001,161.90199999999999,33298,2,0
2026-07-07 12:00:00,161.90299999999999,161.965,161.756,161.845,27856,2,0
2026-07-07 16:00:00,161.846,162.02099999999999,161.81399999999999,161.93299999999999,31448,2,0
2026-07-07 20:00:00,161.93299999999999,162.13800000000001,161.86000000000001,162.08699999999999,21706,2,0
2026-07-08 00:00:00,162.07300000000001,162.40600000000001,161.947,162.34800000000001,16514,2,0
2026-07-08 04:00:00,162.346,162.464,162.279,162.36600000000001,23984,2,0
2026-07-08 08:00:00,162.36699999999999,162.5,162.07900000000001,162.489,38351,2,0
2026-07-08 12:00:00,162.49100000000001,162.56100000000001,162.24700000000001,162.52000000000001,34587,2,0
2026-07-08 16:00:00,162.52099999999999,162.70599999999999,162.48599999999999,162.53299999999999,33515,2,0
2026-07-08 20:00:00,162.535,162.63999999999999,162.417,162.565,22151,2,0
2026-07-09 00:00:00,162.54300000000001,162.613,162.358,162.43899999999999,14314,2,0
2026-07-09 04:00:00,162.44200000000001,162.57300000000001,162.40899999999999,162.43199999999999,21513,2,0
2026-07-09 08:00:00,162.43299999999999,162.43700000000001,162.245,162.392,31774,2,0
2026-07-09 12:00:00,162.393,162.50899999999999,162.37899999999999,162.43899999999999,23559,2,0
2026-07-09 16:00:00,162.44,162.45400000000001,162.25200000000001,162.31700000000001,31148,2,0
2026-07-09 20:00:00,162.316,162.417,162.273,162.34800000000001,16013,2,0
2026-07-10 00:00:00,162.33500000000001,162.42500000000001,161.89500000000001,162.06,12649,2,0
2026-07-10 04:00:00,162.06,162.10499999999999,161.286,161.63300000000001,46206,2,0
2026-07-10 08:00:00,161.63200000000001,161.77500000000001,161.40899999999999,161.69,42779,2,0
2026-07-10 12:00:00,161.68799999999999,161.898,161.63800000000001,161.792,31137,2,0
2026-07-10 16:00:00,161.79400000000001,161.87,161.28100000000001,161.50800000000001,42339,2,0
2026-07-10 20:00:00,161.50999999999999,161.75899999999999,161.49299999999999,161.584,23509,2,0
2026-07-13 00:00:00,161.661,162.11000000000001,161.63300000000001,162.108,26855,2,0
2026-07-13 04:00:00,162.11600000000001,162.16999999999999,161.958,161.99700000000001,36380,2,0
2026-07-13 08:00:00,161.99799999999999,162.36000000000001,161.84399999999999,162.07900000000001,51102,2,0
2026-07-13 12:00:00,162.078,162.19399999999999,161.97900000000001,162.09999999999999,42896,2,0
2026-07-13 16:00:00,162.102,162.471,162.07400000000001,162.45400000000001,47623,2,0
2026-07-13 20:00:00,162.44900000000001,162.48400000000001,162.334,162.334,30574,2,0
2026-07-14 00:00:00,162.334,162.47399999999999,162.239,162.38300000000001,22931,2,0
2026-07-14 04:00:00,162.38200000000001,162.42599999999999,162.22800000000001,162.31999999999999,37558,2,0
2026-07-14 08:00:00,162.31899999999999,162.387,162.05199999999999,162.27500000000001,39306,2,0
2026-07-14 12:00:00,162.27600000000001,162.28100000000001,161.59999999999999,161.911,45112,2,0
2026-07-14 16:00:00,161.91,162.19800000000001,161.83199999999999,162.113,56065,2,0
2026-07-14 20:00:00,162.11000000000001,162.28200000000001,162.107,162.22499999999999,32199,2,0
2026-07-15 00:00:00,162.19200000000001,162.27000000000001,162.07499999999999,162.09899999999999,16608,2,0
2026-07-15 04:00:00,162.09800000000001,162.232,161.96299999999999,162.21199999999999,27440,2,0
2026-07-15 08:00:00,162.21299999999999,162.34999999999999,162.096,162.29599999999999,30482,2,0
2026-07-15 12:00:00,162.29900000000001,162.42099999999999,162.13900000000001,162.166,33087,2,0
2026-07-15 16:00:00,162.167,162.28,162.07400000000001,162.16300000000001,36878,2,0
2026-07-15 20:00:00,162.16399999999999,162.28200000000001,161.89599999999999,162.16999999999999,27303,2,0
2026-07-16 00:00:00,162.15299999999999,162.15700000000001,162.03100000000001,162.095,15478,2,0
2026-07-16 04:00:00,162.096,162.16800000000001,162.02799999999999,162.101,26629,2,0
2026-07-16 08:00:00,162.102,162.184,161.983,162.14500000000001,31907,2,0
2026-07-16 12:00:00,162.142,162.30199999999999,162.11099999999999,162.30199999999999,34483,2,0
2026-07-16 16:00:00,162.30099999999999,162.54499999999999,162.21299999999999,162.476,33406,2,0
2026-07-16 20:00:00,162.47499999999999,162.506,162.35400000000001,162.37899999999999,20355,2,0
2026-07-17 00:00:00,162.36600000000001,162.458,162.31299999999999,162.41999999999999,13719,2,0
2026-07-17 04:00:00,162.42099999999999,162.47399999999999,162.34100000000001,162.417,17329,2,0
2026-07-17 08:00:00,162.41900000000001,162.44499999999999,162.13300000000001,162.38999999999999,29274,2,0
2026-07-17 12:00:00,162.39099999999999,162.453,162.303,162.411,22354,2,0
2026-07-17 16:00:00,162.41200000000001,162.518,162.32300000000001,162.43000000000001,30729,2,0
2026-07-17 20:00:00,162.43100000000001,162.477,162.31299999999999,162.31299999999999,21655,2,0
2026-07-20 00:00:00,162.40299999999999,162.58000000000001,162.25800000000001,162.33799999999999,11940,2,0
2026-07-20 04:00:00,162.33699999999999,162.41,162.30600000000001,162.339,13107,2,0
2026-07-20 08:00:00,162.33799999999999,162.453,162.31299999999999,162.369,25685,2,0
2026-07-20 12:00:00,162.36799999999999,162.435,162.20500000000001,162.40700000000001,21637,2,0
2026-07-20 16:00:00,162.40899999999999,162.59200000000001,162.386,162.52699999999999,25008,2,0
2026-07-20 20:00:00,162.52799999999999,162.53200000000001,162.41499999999999,162.488,18526,2,0
2026-07-21 00:00:00,162.488,162.535,162.357,162.53299999999999,11941,2,0
2026-07-21 04:00:00,162.53299999999999,162.53399999999999,162.43700000000001,162.48599999999999,14063,2,0
2026-07-21 08:00:00,162.48500000000001,162.69999999999999,162.47,162.68799999999999,17020,2,0
2026-07-21 12:00:00,162.68700000000001,162.80099999999999,162.62299999999999,162.721,25183,2,0
2026-07-21 16:00:00,162.72200000000001,163.04599999999999,162.71899999999999,163.00899999999999,37346,2,0
2026-07-21 20:00:00,163.00700000000001,163.24100000000001,162.977,163.16300000000001,27318,2,0
2026-07-22 00:00:00,163.126,163.22800000000001,163.02699999999999,163.13300000000001,15094,2,0
2026-07-22 04:00:00,163.131,163.20500000000001,163.071,163.17500000000001,28584,2,0
2026-07-22 08:00:00,163.17099999999999,163.18899999999999,162.68600000000001,162.95599999999999,38687,2,0
2026-07-22 12:00:00,162.95500000000001,163.142,162.94300000000001,163.10400000000001,33167,2,0
2026-07-22 16:00:00,163.10300000000001,163.13499999999999,163.01300000000001,163.11199999999999,36453,2,0
2026-07-22 20:00:00,163.113,163.178,163.101,163.13499999999999,24759,2,0
2026-07-23 00:00:00,163.114,163.149,163.04599999999999,163.05799999999999,14927,2,0
2026-07-23 04:00:00,163.05699999999999,163.09899999999999,162.995,163.07400000000001,31457,2,0
2026-07-23 08:00:00,163.07499999999999,163.44399999999999,163.06399999999999,163.34,38029,2,0
2026-07-23 12:00:00,163.339,163.75299999999999,163.291,163.678,44935,2,0
2026-07-23 16:00:00,163.67599999999999,163.99000000000001,163.666,163.76499999999999,55324,2,0
2026-07-23 20:00:00,163.768,163.876,163.715,163.81,29384,2,0
2026-07-24 00:00:00,163.79900000000001,163.93899999999999,163.755,163.80600000000001,17851,2,0
2026-07-24 04:00:00,163.804,163.869,163.72399999999999,163.827,35721,2,0
2026-07-24 08:00:00,163.828,163.84999999999999,163.65299999999999,163.72999999999999,39909,2,0
2026-07-24 12:00:00,163.732,163.86600000000001,163.673,163.85499999999999,36308,2,0
2026-07-24 16:00:00,163.85300000000001,163.881,163.636,163.78100000000001,43749,2,0
2026-07-24 20:00:00,163.78200000000001,163.87,163.74299999999999,163.76499999999999,17474,2,0
2026-07-27 00:00:00,163.51300000000001,163.71199999999999,163.51300000000001,163.63,20346,2,0
2026-07-27 04:00:00,163.62899999999999,163.636,163.453,163.577,21605,2,0
2026-07-27 08:00:00,163.578,163.61000000000001,163.32499999999999,163.52000000000001,30928,2,0
2026-07-27 12:00:00,163.51499999999999,163.709,163.49100000000001,163.696,33756,2,0
2026-07-27 16:00:00,163.697,163.773,163.584,163.648,36137,2,0
2026-07-27 20:00:00,163.649,163.797,163.648,163.69499999999999,19605,2,0
2026-07-28 00:00:00,163.672,163.84299999999999,163.607,163.74100000000001,11301,2,0
2026-07-28 04:00:00,163.74199999999999,163.79400000000001,163.672,163.749,21494,2,0
2026-07-28 08:00:00,163.74799999999999,163.858,163.66499999999999,163.822,22941,2,0
2026-07-28 12:00:00,163.822,163.94999999999999,163.80699999999999,163.881,26422,2,0
2026-07-28 16:00:00,163.88,163.887,163.643,163.74199999999999,31790,2,0
2026-07-28 20:00:00,163.74299999999999,163.893,163.715,163.80000000000001,17767,2,0
2026-07-29 00:00:00,163.80000000000001,163.88399999999999,163.672,163.70599999999999,11539,2,0
2026-07-29 04:00:00,163.70500000000001,163.78100000000001,163.274,163.423,27680,2,0
2026-07-29 08:00:00,163.42500000000001,163.696,163.34200000000001,163.584,31539,2,0
2026-07-29 12:00:00,163.583,163.82300000000001,163.50299999999999,163.79900000000001,22935,2,0
2026-07-29 16:00:00,163.798,163.90899999999999,163.72800000000001,163.89500000000001,25195,2,0
2026-07-29 20:00:00,163.89699999999999,163.899,163.22900000000001,163.36600000000001,47981,2,0
2026-07-30 00:00:00,163.35599999999999,163.52099999999999,163.209,163.49799999999999,21968,2,0
2026-07-30 04:00:00,163.495,163.559,163.41,163.495,24175,2,0
2026-07-30 08:00:00,163.494,163.74299999999999,163.45599999999999,163.65199999999999,31241,2,0
2026-07-30 12:00:00,163.65299999999999,163.65299999999999,162.291,162.96000000000001,58744,2,0
2026-07-30 16:00:00,162.952,162.964,157.964,159.578,81683,2,0
2026-07-30 20:00:00,159.57400000000001,159.84800000000001,158.518,159.49299999999999,44065,2,0
2026-07-31 00:00:00,159.49000000000001,160.68899999999999,159.36600000000001,160.536,36823,2,0
2026-07-31 04:00:00,160.52799999999999,160.88399999999999,160.333,160.68199999999999,47499,2,0
2026-07-31 08:00:00,160.68000000000001,160.75200000000001,158.541,158.90700000000001,65277,2,0
2026-07-31 12:00:00,158.941,160.45400000000001,158.55199999999999,160.37700000000001,51803,2,0
2026-07-31 16:00:00,160.37799999999999,160.54400000000001,158.852,159.36799999999999,68741,2,0
2026-07-31 20:00:00,159.36699999999999,159.50999999999999,157.154,157.577,61718,2,0
2026-08-03 00:00:00,157.148,157.887,155.22300000000001,156.12100000000001,48007,2,0
2026-08-03 04:00:00,156.11000000000001,156.648,155.435,156.46100000000001,47223,2,0
2026-08-03 08:00:00,156.459,156.989,156.321,156.988,43918,2,0
2026-08-03 12:00:00,156.98699999999999,157.13900000000001,156.583,156.821,43048,2,0
2026-08-03 16:00:00,156.82599999999999,157.03800000000001,156.245,156.88999999999999,53348,2,0
2026-08-03 20:00:00,156.88900000000001,157.22499999999999,156.67400000000001,157.15600000000001,30637,2,0
2026-08-04 00:00:00,157.142,157.66999999999999,157.12700000000001,157.49799999999999,25715,2,0
2026-08-04 04:00:00,157.49799999999999,157.74600000000001,157.38900000000001,157.54300000000001,34471,2,0
2026-08-04 08:00:00,157.548,157.845,157.49700000000001,157.804,33987,2,0
2026-08-04 12:00:00,157.80500000000001,157.96199999999999,157.298,157.53100000000001,38278,2,0
2026-08-04 16:00:00,157.53,157.63900000000001,157.215,157.58000000000001,43879,2,0
2026-08-04 20:00:00,157.57900000000001,157.83600000000001,157.523,157.643,32609,2,0
2026-08-05 00:00:00,157.62299999999999,157.809,157.447,157.55699999999999,17563,2,0
2026-08-05 04:00:00,157.56,157.69900000000001,157.30600000000001,157.66399999999999,40348,2,0
2026-08-05 08:00:00,157.66300000000001,157.87899999999999,157.52000000000001,157.81999999999999,43332,2,0
2026-08-05 12:00:00,157.82300000000001,157.869,157.41200000000001,157.62899999999999,35184,2,0
2026-08-05 16:00:00,157.631,157.75800000000001,157.30600000000001,157.74600000000001,45960,2,0
2026-08-05 20:00:00,157.74700000000001,157.815,157.62200000000001,157.72999999999999,23311,2,0
2026-08-06 00:00:00,157.70500000000001,157.76400000000001,157.55600000000001,157.72900000000001,16463,2,0
2026-08-06 04:00:00,157.721,157.75,157.58699999999999,157.74199999999999,21104,2,0
2026-08-06 08:00:00,157.74100000000001,157.89400000000001,157.70500000000001,157.84,26470,2,0
2026-08-06 12:00:00,157.839,157.93799999999999,157.81800000000001,157.899,18970,2,0
2026-08-06 16:00:00,157.89699999999999,158.553,157.81999999999999,158.50899999999999,36361,2,0
2026-08-06 20:00:00,158.50700000000001,158.512,158.29300000000001,158.375,20566,2,0
2026-08-07 00:00:00,158.35400000000001,158.57400000000001,158.31899999999999,158.529,9152,2,0
2026-08-07 04:00:00,158.53200000000001,158.53800000000001,158.215,158.37799999999999,15927,2,0
2026-08-07 08:00:00,158.37700000000001,158.47900000000001,158.28899999999999,158.376,18889,2,0
2026-08-07 12:00:00,158.374,158.416,156.679,157.386,27717,2,0
2026-08-07 16:00:00,157.38200000000001,157.989,157.24100000000001,157.44800000000001,53181,2,0
2026-08-07 20:00:00,157.44900000000001,157.87,157.37100000000001,157.69499999999999,28061,2,0
2026-08-10 00:00:00,157.691,157.96799999999999,157.52199999999999,157.95099999999999,13802,2,0
2026-08-10 04:00:00,157.95099999999999,158.345,157.93000000000001,158.34,22197,2,0
2026-08-10 08:00:00,158.339,158.68600000000001,158.297,158.66200000000001,28946,2,0
2026-08-10 12:00:00,158.666,158.94800000000001,158.42099999999999,158.941,27401,2,0
2026-08-10 16:00:00,158.94,159.066,158.85400000000001,159.03399999999999,31882,2,0
2026-08-10 20:00:00,159.035,159.363,159.02699999999999,159.28100000000001,16674,2,0
2026-08-11 00:00:00,159.27500000000001,159.315,158.923,159.148,13241,2,0
2026-08-11 04:00:00,159.149,159.31100000000001,159.071,159.18899999999999,19085,2,0
2026-08-11 08:00:00,159.18799999999999,159.37899999999999,159.15299999999999,159.35499999999999,21764,2,0
2026-08-11 12:00:00,159.36099999999999,159.392,159.05699999999999,159.26900000000001,29456,2,0
2026-08-11 16:00:00,159.27099999999999,159.327,159.16999999999999,159.267,28092,2,0
2026-08-11 20:00:00,159.268,159.364,159.244,159.27099999999999,14820,2,0
2026-08-12 00:00:00,159.251,159.36799999999999,159.19900000000001,159.34299999999999,10872,2,0
2026-08-12 04:00:00,159.34,159.46299999999999,159.29499999999999,159.41300000000001,15481,2,0
2026-08-12 08:00:00,159.41499999999999,159.44,159.285,159.31299999999999,19912,2,0
2026-08-12 12:00:00,159.31299999999999,159.33600000000001,158.583,158.81299999999999,38047,2,0
2026-08-12 16:00:00,158.815,159.411,158.69,159.38900000000001,37232,2,0
2026-08-12 20:00:00,159.38800000000001,159.54400000000001,159.35499999999999,159.405,16257,2,0
2026-08-13 00:00:00,159.40700000000001,159.45400000000001,159.24299999999999,159.322,10285,2,0
2026-08-13 04:00:00,159.321,159.48599999999999,159.178,159.25,17049,2,0
2026-08-13 08:00:00,159.24799999999999,159.446,159.227,159.405,23167,2,0
2026-08-13 12:00:00,159.40700000000001,159.43799999999999,159.173,159.173,22385,2,0
2026-08-13 16:00:00,159.17599999999999,159.49600000000001,159.02199999999999,159.49100000000001,35363,2,0
2026-08-13 20:00:00,159.49000000000001,159.56700000000001,159.43799999999999,159.477,16413,2,0
2026-08-14 00:00:00,159.477,159.518,159.351,159.375,11816,2,0
2026-08-14 04:00:00,159.37799999999999,159.45599999999999,159.327,159.35400000000001,16325,2,0
2026-08-14 08:00:00,159.35400000000001,159.357,159.06100000000001,159.18199999999999,26627,2,0
2026-08-14 12:00:00,159.18100000000001,159.197,158.59899999999999,158.911,30818,2,0
2026-08-14 16:00:00,158.91,159.37200000000001,158.79499999999999,159.36500000000001,40770,2,0
2026-08-14 20:00:00,159.36500000000001,159.40000000000001,159.20099999999999,159.298,16881,2,0
2026-08-17 00:00:00,159.27500000000001,159.398,159.005,159.02000000000001,15411,2,0
2026-08-17 04:00:00,159.018,159.14500000000001,158.952,159.12299999999999,20520,2,0
2026-08-17 08:00:00,159.12299999999999,159.154,158.84299999999999,159.12799999999999,27087,2,0
2026-08-17 12:00:00,159.12899999999999,159.28899999999999,159.06800000000001,159.249,30852,2,0
2026-08-17 16:00:00,159.25,159.40600000000001,159.18600000000001,159.36199999999999,25658,2,0
2026-08-17 20:00:00,159.364,159.59899999999999,159.35499999999999,159.42699999999999,16541,2,0
2026-08-18 00:00:00,159.422,159.52600000000001,159.23500000000001,159.43000000000001,12683,2,0
2026-08-18 04:00:00,159.43199999999999,159.749,159.39400000000001,159.69499999999999,21584,2,0
2026-08-18 08:00:00,159.69499999999999,159.779,159.62,159.673,22796,2,0
2026-08-18 12:00:00,159.67099999999999,159.74700000000001,159.584,159.666,22304,2,0
2026-08-18 16:00:00,159.66800000000001,159.71600000000001,159.42599999999999,159.57400000000001,30878,2,0
2026-08-18 20:00:00,159.57499999999999,159.67500000000001,159.56200000000001,159.602,18313,2,0
2026-08-19 00:00:00,159.602,159.643,159.392,159.459,12135,2,0
2026-08-19 04:00:00,159.458,159.52500000000001,159.24299999999999,159.33000000000001,22926,2,0
2026-08-19 08:00:00,159.32900000000001,159.33199999999999,159.053,159.167,29282,2,0
2026-08-19 12:00:00,159.17099999999999,159.268,158.16200000000001,158.596,42107,2,0
2026-08-19 16:00:00,158.595,158.59999999999999,158.03899999999999,158.38900000000001,60336,2,0
2026-08-19 20:00:00,158.38999999999999,158.61699999999999,158.09,158.13900000000001,38371,2,0
